timestamp,open,high,low,close
2026-07-07 00:00:00,7574.25,7574.75,7573.5,7573.75
2026-07-07 00:01:00,7573.75,7574,7572.25,7572.75
2026-07-07 00:02:00,7573,7573.25,7572.25,7573.25
2026-07-07 00:03:00,7573.25,7574,7573,7573.75
2026-07-07 00:04:00,7573.75,7573.75,7572.75,7573.75
2026-07-07 00:05:00,7573.5,7574.75,7573,7574.75
2026-07-07 00:06:00,7574.75,7575,7573.5,7573.5
2026-07-07 00:07:00,7573.5,7574,7573.25,7573.5
2026-07-07 00:08:00,7573.5,7574,7573,7574
2026-07-07 00:09:00,7574,7574.25,7573.5,7573.75
2026-07-07 00:10:00,7573.75,7574,7573.25,7573.75
2026-07-07 00:11:00,7573.75,7573.75,7573.25,7573.75
2026-07-07 00:12:00,7573.5,7573.5,7572.5,7573.25
2026-07-07 00:13:00,7573.25,7573.5,7572,7572.25
2026-07-07 00:14:00,7572.25,7573,7571.5,7571.75
2026-07-07 00:15:00,7571.75,7572.25,7571.5,7571.75
2026-07-07 00:16:00,7571.75,7572,7571,7571
2026-07-07 00:17:00,7571,7571.25,7570.25,7570.5
2026-07-07 00:18:00,7570.75,7571,7570.25,7570.75
2026-07-07 00:19:00,7570.5,7570.75,7569.75,7570.75
2026-07-07 00:20:00,7570.75,7571,7570.25,7570.5
2026-07-07 00:21:00,7570.5,7570.5,7569.75,7570.5
2026-07-07 00:22:00,7570.5,7571,7569.25,7569.75
2026-07-07 00:23:00,7569.75,7570.25,7569.5,7569.75
2026-07-07 00:24:00,7569.75,7570,7569.5,7569.75
2026-07-07 00:25:00,7570,7570.25,7569.25,7569.5
2026-07-07 00:26:00,7569.5,7571,7569.5,7571
2026-07-07 00:27:00,7570.75,7570.75,7570,7570.75
2026-07-07 00:28:00,7570.75,7571.25,7570.25,7570.5
2026-07-07 00:29:00,7570.75,7571.5,7570.25,7571.25
2026-07-07 00:30:00,7571.5,7571.75,7571,7571.25
2026-07-07 00:31:00,7571.5,7573,7571.5,7572.25
2026-07-07 00:32:00,7572,7572,7571.25,7571.25
2026-07-07 00:33:00,7571,7572,7571,7571.5
2026-07-07 00:34:00,7571.5,7571.75,7570.5,7571
2026-07-07 00:35:00,7571,7571,7570.25,7570.25
2026-07-07 00:36:00,7570.25,7570.5,7568.75,7569.25
2026-07-07 00:37:00,7568.75,7569,7567.5,7568.5
2026-07-07 00:38:00,7568.5,7569.5,7568,7568.75
2026-07-07 00:39:00,7568.75,7570,7568.75,7569.25
2026-07-07 00:40:00,7569,7569.5,7568.75,7569.5
2026-07-07 00:41:00,7569.5,7570.25,7569.25,7569.5
2026-07-07 00:42:00,7569.25,7569.5,7569,7569.25
2026-07-07 00:43:00,7569.25,7569.75,7569.25,7569.25
2026-07-07 00:44:00,7569.25,7569.25,7568.75,7568.75
2026-07-07 00:45:00,7568.75,7569.25,7568.75,7569
2026-07-07 00:46:00,7569,7569,7568.25,7568.75
2026-07-07 00:47:00,7568.75,7568.75,7568,7568
2026-07-07 00:48:00,7568.25,7568.25,7568,7568
2026-07-07 00:49:00,7567.75,7568.75,7567.5,7568
2026-07-07 00:50:00,7568.25,7568.25,7567.5,7568
2026-07-07 00:51:00,7568,7569.25,7567.75,7569
2026-07-07 00:52:00,7568.75,7568.75,7568.5,7568.5
2026-07-07 00:53:00,7568.25,7568.5,7568,7568
2026-07-07 00:54:00,7568,7568,7567.25,7567.75
2026-07-07 00:55:00,7568,7568,7567.25,7567.5
2026-07-07 00:56:00,7567.25,7567.5,7566.5,7567.25
2026-07-07 00:57:00,7567.25,7567.25,7566.75,7567.25
2026-07-07 00:58:00,7567.5,7568.75,7567,7568.25
2026-07-07 00:59:00,7568.25,7569,7568.25,7568.5
2026-07-07 01:00:00,7568.75,7568.75,7568,7568.25
2026-07-07 01:01:00,7568,7568,7567.25,7567.25
2026-07-07 01:02:00,7567.25,7567.25,7566.5,7566.75
2026-07-07 01:03:00,7566.75,7567.75,7566.5,7567.25
2026-07-07 01:04:00,7567,7567.25,7566.75,7567
2026-07-07 01:05:00,7567,7567,7566.5,7566.75
2026-07-07 01:06:00,7566.5,7567.75,7566.5,7567.25
2026-07-07 01:07:00,7567,7567,7566.25,7566.5
2026-07-07 01:08:00,7566.5,7567.25,7566.25,7567
2026-07-07 01:09:00,7566.75,7566.75,7564.75,7565.5
2026-07-07 01:10:00,7565.5,7566,7565.25,7565.5
2026-07-07 01:11:00,7565.5,7566,7565,7565.75
2026-07-07 01:12:00,7565.5,7566,7565.25,7566
2026-07-07 01:13:00,7566.25,7566.5,7565.25,7565.75
2026-07-07 01:14:00,7565.5,7565.75,7565,7565.25
2026-07-07 01:15:00,7565.25,7565.5,7564.5,7564.75
2026-07-07 01:16:00,7564.5,7565.75,7564.5,7565.5
2026-07-07 01:17:00,7565.5,7566.5,7565.5,7565.75
2026-07-07 01:18:00,7565.5,7565.75,7565,7565.25
2026-07-07 01:19:00,7565.25,7565.5,7564.25,7564.75
2026-07-07 01:20:00,7564.5,7565.25,7564.25,7564.5
2026-07-07 01:21:00,7564.5,7564.75,7564.25,7564.5
2026-07-07 01:22:00,7564.5,7566,7564.25,7565.75
2026-07-07 01:23:00,7565.75,7566.5,7565.5,7565.75
2026-07-07 01:24:00,7565.75,7566.25,7565.25,7565.5
2026-07-07 01:25:00,7565.5,7565.5,7563.5,7564.75
2026-07-07 01:26:00,7565,7565.25,7564.25,7565
2026-07-07 01:27:00,7564.75,7565,7563.25,7563.25
2026-07-07 01:28:00,7563.25,7564.25,7563,7564.25
2026-07-07 01:29:00,7564.25,7566.25,7564.25,7566
2026-07-07 01:30:00,7566,7567.25,7566,7567.25
2026-07-07 01:31:00,7567.25,7569.25,7567.25,7569.25
2026-07-07 01:32:00,7569.25,7570.75,7569,7570.5
2026-07-07 01:33:00,7570.25,7570.25,7568,7568.5
2026-07-07 01:34:00,7568.5,7569.5,7568.25,7569.25
2026-07-07 01:35:00,7569,7570.25,7568.75,7570
2026-07-07 01:36:00,7569.75,7570.5,7569.25,7570
2026-07-07 01:37:00,7570.25,7571,7570,7570.25
2026-07-07 01:38:00,7570.5,7570.75,7569.75,7570.25
2026-07-07 01:39:00,7570,7570.75,7569.25,7570.5
2026-07-07 01:40:00,7570.25,7571.5,7570.25,7571.5
2026-07-07 01:41:00,7571.5,7572.25,7571,7571
2026-07-07 01:42:00,7571,7572.25,7570.25,7571.75
2026-07-07 01:43:00,7571.5,7571.5,7570.75,7571
2026-07-07 01:44:00,7571,7571,7570.25,7570.75
2026-07-07 01:45:00,7571,7571.25,7570.25,7571
2026-07-07 01:46:00,7571,7571,7570,7570.75
2026-07-07 01:47:00,7571,7571.25,7569.5,7570.25
2026-07-07 01:48:00,7570,7570.25,7568.75,7568.75
2026-07-07 01:49:00,7569,7569.25,7568.75,7569.25
2026-07-07 01:50:00,7569,7570.5,7569,7570.25
2026-07-07 01:51:00,7570.25,7571.75,7570.25,7571.5
2026-07-07 01:52:00,7571.5,7572.5,7571,7571
2026-07-07 01:53:00,7571.25,7571.75,7570.5,7570.75
2026-07-07 01:54:00,7571,7572.25,7571,7572.25
2026-07-07 01:55:00,7572.25,7574.25,7572.25,7574.25
2026-07-07 01:56:00,7574.25,7574.75,7574,7574.75
2026-07-07 01:57:00,7575,7575,7573.75,7574
2026-07-07 01:58:00,7574,7574,7573,7573.5
2026-07-07 01:59:00,7573.25,7573.75,7573,7573.5
2026-07-07 02:00:00,7573.25,7574,7573,7573.25
2026-07-07 02:01:00,7573.25,7574.5,7573.25,7574.25
2026-07-07 02:02:00,7574,7574.5,7573.75,7573.75
2026-07-07 02:03:00,7573.75,7574,7573,7573
2026-07-07 02:04:00,7573,7573,7572,7572.5
2026-07-07 02:05:00,7572.75,7572.75,7570.75,7570.75
2026-07-07 02:06:00,7570.75,7571.75,7570.75,7571.25
2026-07-07 02:07:00,7571.25,7571.75,7570.75,7570.75
2026-07-07 02:08:00,7571,7571.25,7570,7570.25
2026-07-07 02:09:00,7570.25,7570.25,7569.25,7569.75
2026-07-07 02:10:00,7569.75,7570,7568.75,7569
2026-07-07 02:11:00,7569,7569,7567.75,7567.75
2026-07-07 02:12:00,7568,7568.5,7567.5,7568.25
2026-07-07 02:13:00,7568,7568,7567,7567.5
2026-07-07 02:14:00,7567.5,7568,7567,7567.75
2026-07-07 02:15:00,7567.75,7569.75,7567.5,7569.5
2026-07-07 02:16:00,7569.5,7569.75,7569,7569.5
2026-07-07 02:17:00,7569.5,7569.75,7568.75,7569.25
2026-07-07 02:18:00,7569.25,7569.5,7567.5,7567.5
2026-07-07 02:19:00,7567.5,7568.5,7567.5,7568.25
2026-07-07 02:20:00,7568.25,7570.5,7567.5,7569.75
2026-07-07 02:21:00,7569.75,7570.75,7569.5,7570.5
2026-07-07 02:22:00,7570.5,7571.5,7570,7571.25
2026-07-07 02:23:00,7571,7571.75,7571,7571.25
2026-07-07 02:24:00,7571.25,7571.75,7571,7571
2026-07-07 02:25:00,7571,7572,7570.75,7571
2026-07-07 02:26:00,7571,7571.25,7570,7570.25
2026-07-07 02:27:00,7570.25,7571,7570.25,7570.75
2026-07-07 02:28:00,7571,7571.75,7571,7571.75
2026-07-07 02:29:00,7571.75,7571.75,7570.5,7570.75
2026-07-07 02:30:00,7570.75,7570.75,7569,7570.5
2026-07-07 02:31:00,7570.75,7571,7570.25,7570.75
2026-07-07 02:32:00,7570.75,7570.75,7570.25,7570.5
2026-07-07 02:33:00,7570.25,7571,7570,7570
2026-07-07 02:34:00,7570,7570.75,7569.75,7570.75
2026-07-07 02:35:00,7570.75,7571.25,7570.25,7570.75
2026-07-07 02:36:00,7571,7571.25,7570.5,7571
2026-07-07 02:37:00,7571,7572.25,7571,7572.25
2026-07-07 02:38:00,7572.5,7572.75,7572.25,7572.5
2026-07-07 02:39:00,7572.5,7573,7571.5,7571.5
2026-07-07 02:40:00,7572,7573.25,7572,7573
2026-07-07 02:41:00,7573,7573.25,7572.25,7572.5
2026-07-07 02:42:00,7572.5,7573,7572,7573
2026-07-07 02:43:00,7573,7573.25,7572.5,7573
2026-07-07 02:44:00,7572.75,7573.5,7572.5,7573.5
2026-07-07 02:45:00,7573.25,7573.5,7572.75,7573
2026-07-07 02:46:00,7572.75,7572.75,7570.5,7571
2026-07-07 02:47:00,7571,7571.25,7570.75,7570.75
2026-07-07 02:48:00,7570.75,7571.25,7570.5,7570.75
2026-07-07 02:49:00,7570.5,7571,7570.5,7571
2026-07-07 02:50:00,7571,7571,7570.5,7571
2026-07-07 02:51:00,7571.25,7572,7571.25,7571.75
2026-07-07 02:52:00,7571.75,7573,7571.75,7573
2026-07-07 02:53:00,7573,7573.25,7572.75,7573
2026-07-07 02:54:00,7573.25,7573.5,7573,7573.25
2026-07-07 02:55:00,7573.25,7574.25,7573,7573.25
2026-07-07 02:56:00,7573.25,7574.5,7573.25,7574.25
2026-07-07 02:57:00,7574,7574.5,7573.5,7573.75
2026-07-07 02:58:00,7573.5,7573.5,7573,7573.25
2026-07-07 02:59:00,7573.5,7573.75,7573.5,7573.5
2026-07-07 03:00:00,7573.75,7574,7571.25,7572.75
2026-07-07 03:01:00,7572.5,7574.5,7572.5,7574.5
2026-07-07 03:02:00,7574.25,7576,7573.75,7575.5
2026-07-07 03:03:00,7575.5,7575.5,7574.25,7575.5
2026-07-07 03:04:00,7575.5,7576,7575,7575.75
2026-07-07 03:05:00,7575.75,7576,7575.25,7575.5
2026-07-07 03:06:00,7575.75,7576.75,7575.25,7575.75
2026-07-07 03:07:00,7575.5,7576,7575.5,7576
2026-07-07 03:08:00,7576,7576.25,7575,7575.25
2026-07-07 03:09:00,7575.25,7575.5,7574.75,7575
2026-07-07 03:10:00,7575,7575,7573.5,7574.25
2026-07-07 03:11:00,7574.5,7574.5,7573.75,7573.75
2026-07-07 03:12:00,7573.75,7574.5,7573.75,7574.25
2026-07-07 03:13:00,7574.5,7577.25,7574.5,7577.25
2026-07-07 03:14:00,7577.25,7577.75,7576.5,7576.5
2026-07-07 03:15:00,7576.5,7578,7576.5,7577.75
2026-07-07 03:16:00,7577.75,7579,7577.75,7577.75
2026-07-07 03:17:00,7577.75,7578,7577.25,7577.75
2026-07-07 03:18:00,7577.75,7577.75,7576.75,7576.75
2026-07-07 03:19:00,7576.75,7577.5,7576.25,7577.25
2026-07-07 03:20:00,7577.25,7577.75,7576.5,7577.75
2026-07-07 03:21:00,7577.5,7578.25,7577.5,7578
2026-07-07 03:22:00,7578.25,7579.75,7578.25,7579
2026-07-07 03:23:00,7579,7579.25,7578.75,7579
2026-07-07 03:24:00,7579,7579,7577.5,7578
2026-07-07 03:25:00,7578.25,7578.75,7578,7578.75
2026-07-07 03:26:00,7579,7579,7577.75,7577.75
2026-07-07 03:27:00,7577.5,7579.75,7577.5,7579.5
2026-07-07 03:28:00,7579.5,7580,7579.25,7580
2026-07-07 03:29:00,7580,7580,7579,7579.25
2026-07-07 03:30:00,7579,7579.5,7578.75,7579.25
2026-07-07 03:31:00,7579,7579,7577.75,7578
2026-07-07 03:32:00,7578.25,7579,7578.25,7578.75
2026-07-07 03:33:00,7578.75,7579,7578,7578.75
2026-07-07 03:34:00,7578.75,7578.75,7578,7578.25
2026-07-07 03:35:00,7578.5,7578.5,7576.75,7577.25
2026-07-07 03:36:00,7577.25,7578,7577,7577.75
2026-07-07 03:37:00,7577.75,7577.75,7577.25,7577.25
2026-07-07 03:38:00,7577.25,7577.75,7577.25,7577.75
2026-07-07 03:39:00,7577.75,7577.75,7576.75,7577.25
2026-07-07 03:40:00,7577.5,7578,7577.5,7577.75
2026-07-07 03:41:00,7577.75,7578.25,7577.75,7578
2026-07-07 03:42:00,7577.75,7578,7577.5,7577.5
2026-07-07 03:43:00,7577.5,7578,7577.5,7578
2026-07-07 03:44:00,7578.25,7578.25,7577,7577
2026-07-07 03:45:00,7577,7577,7576,7576.75
2026-07-07 03:46:00,7576.75,7577.5,7576.75,7577
2026-07-07 03:47:00,7577,7578,7577,7577
2026-07-07 03:48:00,7577,7577,7576.5,7576.5
2026-07-07 03:49:00,7576.5,7577,7576.25,7576.5
2026-07-07 03:50:00,7576.25,7576.75,7575.75,7576.75
2026-07-07 03:51:00,7576.75,7577,7576.25,7576.25
2026-07-07 03:52:00,7576.25,7576.25,7573.75,7574
2026-07-07 03:53:00,7574.25,7575,7574,7574.25
2026-07-07 03:54:00,7574,7574.25,7573.75,7574
2026-07-07 03:55:00,7574,7574,7573.25,7573.5
2026-07-07 03:56:00,7573.5,7573.5,7573,7573.25
2026-07-07 03:57:00,7573.5,7574,7573.25,7573.5
2026-07-07 03:58:00,7573.5,7574,7573.25,7573.5
2026-07-07 03:59:00,7573.25,7573.25,7571.75,7572.25
2026-07-07 04:00:00,7572.25,7573,7571.5,7572.25
2026-07-07 04:01:00,7572.25,7573.75,7572.25,7572.75
2026-07-07 04:02:00,7572.5,7573,7571.5,7572.25
2026-07-07 04:03:00,7572.5,7572.75,7571.5,7571.75
2026-07-07 04:04:00,7571.75,7572.75,7571.25,7572.75
2026-07-07 04:05:00,7572.75,7572.75,7572,7572.75
2026-07-07 04:06:00,7572.75,7573,7571.5,7572.25
2026-07-07 04:07:00,7572.5,7572.5,7571.5,7572
2026-07-07 04:08:00,7572,7572.75,7572,7572.25
2026-07-07 04:09:00,7572.25,7572.75,7572,7572.5
2026-07-07 04:10:00,7572.75,7573.75,7572.75,7573.75
2026-07-07 04:11:00,7573.5,7575.5,7573.5,7575.5
2026-07-07 04:12:00,7575.25,7577.75,7575.25,7577.5
2026-07-07 04:13:00,7577.25,7578.25,7576.75,7577.25
2026-07-07 04:14:00,7577.5,7578.5,7577.5,7578
2026-07-07 04:15:00,7577.75,7578.25,7577.25,7577.75
2026-07-07 04:16:00,7577.75,7578.25,7577.25,7578
2026-07-07 04:17:00,7578,7579.5,7577.75,7579.5
2026-07-07 04:18:00,7579.5,7580.5,7579.25,7579.75
2026-07-07 04:19:00,7579.5,7579.75,7579,7579.75
2026-07-07 04:20:00,7579.5,7579.5,7578.25,7579
2026-07-07 04:21:00,7579.25,7579.5,7579,7579
2026-07-07 04:22:00,7579,7580.5,7579,7579.75
2026-07-07 04:23:00,7580,7580.5,7579.75,7580
2026-07-07 04:24:00,7580.25,7581.75,7580,7580.5
2026-07-07 04:25:00,7580.5,7581,7580.25,7580.75
2026-07-07 04:26:00,7581,7581.25,7579.75,7580.25
2026-07-07 04:27:00,7580.25,7580.5,7579.75,7580.25
2026-07-07 04:28:00,7580.25,7581,7580.25,7580.75
2026-07-07 04:29:00,7580.75,7581.75,7580.75,7581.75
2026-07-07 04:30:00,7581.75,7582.5,7580.75,7580.75
2026-07-07 04:31:00,7580.5,7582.5,7580,7582.25
2026-07-07 04:32:00,7582,7582,7581.5,7582
2026-07-07 04:33:00,7582.25,7582.75,7582.25,7582.5
2026-07-07 04:34:00,7582.25,7582.25,7580.5,7580.75
2026-07-07 04:35:00,7580.75,7581,7580.25,7580.75
2026-07-07 04:36:00,7580.75,7581.25,7579.75,7580.75
2026-07-07 04:37:00,7580.75,7581.25,7580.75,7581.25
2026-07-07 04:38:00,7581,7582,7581,7581.5
2026-07-07 04:39:00,7581.25,7582,7580.75,7581.5
2026-07-07 04:40:00,7581.75,7582,7581.25,7581.75
2026-07-07 04:41:00,7581.75,7582.75,7581.75,7582.75
2026-07-07 04:42:00,7582.75,7582.75,7581.25,7581.25
2026-07-07 04:43:00,7581.5,7581.75,7580.75,7581.25
2026-07-07 04:44:00,7581,7581.25,7581,7581
2026-07-07 04:45:00,7581,7581.75,7580.75,7581.25
2026-07-07 04:46:00,7581.5,7581.75,7581.25,7581.5
2026-07-07 04:47:00,7581.5,7582,7581.25,7581.5
2026-07-07 04:48:00,7581.75,7581.75,7581.25,7581.75
2026-07-07 04:49:00,7581.5,7582.25,7581.5,7582
2026-07-07 04:50:00,7582,7582.25,7581,7582.25
2026-07-07 04:51:00,7582,7582.25,7581.5,7582
2026-07-07 04:52:00,7582,7582.25,7580.5,7580.5
2026-07-07 04:53:00,7580.5,7580.5,7578.5,7579
2026-07-07 04:54:00,7579,7579.5,7579,7579.5
2026-07-07 04:55:00,7579.25,7579.25,7578.5,7578.75
2026-07-07 04:56:00,7578.75,7580,7578.25,7579.75
2026-07-07 04:57:00,7579.5,7579.75,7579.25,7579.5
2026-07-07 04:58:00,7579.75,7580.25,7579.5,7580.25
2026-07-07 04:59:00,7580.25,7580.25,7578.5,7578.75
2026-07-07 05:00:00,7578.75,7579,7576.25,7577
2026-07-07 05:01:00,7577,7577.5,7576.5,7577
2026-07-07 05:02:00,7577.25,7577.5,7576.25,7577
2026-07-07 05:03:00,7576.75,7578.75,7576.75,7578.5
2026-07-07 05:04:00,7578.75,7579.5,7578.25,7579.5
2026-07-07 05:05:00,7579.5,7579.5,7578.75,7579.5
2026-07-07 05:06:00,7579.5,7580.25,7579.5,7580.25
2026-07-07 05:07:00,7580.25,7580.75,7580,7580.25
2026-07-07 05:08:00,7580.25,7581.5,7580,7581
2026-07-07 05:09:00,7580.75,7581,7580,7580.25
2026-07-07 05:10:00,7580.5,7581.25,7579.75,7581
2026-07-07 05:11:00,7581,7582,7581,7581.75
2026-07-07 05:12:00,7582,7582,7581.5,7582
2026-07-07 05:13:00,7581.75,7581.75,7581.25,7581.75
2026-07-07 05:14:00,7581.75,7582.75,7581.75,7582.25
2026-07-07 05:15:00,7582.5,7582.5,7581.75,7582
2026-07-07 05:16:00,7582,7583.5,7582,7582.5
2026-07-07 05:17:00,7582.25,7583,7581.75,7582
2026-07-07 05:18:00,7582,7582.5,7582,7582.5
2026-07-07 05:19:00,7582.25,7582.25,7581.5,7582
2026-07-07 05:20:00,7582,7582.75,7582,7582
2026-07-07 05:21:00,7582,7582,7581.25,7582
2026-07-07 05:22:00,7582,7582.25,7581.75,7582
2026-07-07 05:23:00,7582,7582,7581,7581
2026-07-07 05:24:00,7581.25,7581.75,7581.25,7581.5
2026-07-07 05:25:00,7581.5,7582,7581.5,7582
2026-07-07 05:26:00,7582,7582.5,7581.25,7581.75
2026-07-07 05:27:00,7581.75,7582.5,7581.5,7582
2026-07-07 05:28:00,7581.75,7582,7580.5,7581
2026-07-07 05:29:00,7580.75,7581,7580,7580.25
2026-07-07 05:30:00,7580.25,7581,7579.5,7579.75
2026-07-07 05:31:00,7579.75,7580.5,7579.5,7579.5
2026-07-07 05:32:00,7579.5,7580,7579.25,7579.75
2026-07-07 05:33:00,7579.75,7580.5,7579.5,7579.75
2026-07-07 05:34:00,7579.5,7580.5,7579.25,7579.25
2026-07-07 05:35:00,7579.25,7579.25,7578,7579.25
2026-07-07 05:36:00,7579,7579,7578.25,7578.5
2026-07-07 05:37:00,7578.5,7579.75,7578.25,7579.75
2026-07-07 05:38:00,7579.75,7580,7579.5,7579.75
2026-07-07 05:39:00,7579.75,7581.5,7579.75,7580.75
2026-07-07 05:40:00,7581,7582.5,7580.75,7582
2026-07-07 05:41:00,7582.25,7582.5,7581.5,7582
2026-07-07 05:42:00,7582,7582.25,7581.75,7582
2026-07-07 05:43:00,7582,7582,7581,7581
2026-07-07 05:44:00,7580.75,7582,7580.75,7581.5
2026-07-07 05:45:00,7581.75,7582.25,7581,7581.75
2026-07-07 05:46:00,7581.5,7581.75,7581,7581
2026-07-07 05:47:00,7580.5,7580.75,7579.75,7580.5
2026-07-07 05:48:00,7580.5,7581,7580.5,7580.75
2026-07-07 05:49:00,7581,7581.5,7581,7581.25
2026-07-07 05:50:00,7581.25,7581.25,7580,7580.75
2026-07-07 05:51:00,7581,7582.25,7581,7582
2026-07-07 05:52:00,7582,7582.5,7581.75,7582.5
2026-07-07 05:53:00,7582.5,7582.75,7581.25,7581.5
2026-07-07 05:54:00,7581.25,7582,7581,7582
2026-07-07 05:55:00,7581.75,7582.5,7581.5,7582.5
2026-07-07 05:56:00,7582.75,7582.75,7582,7582
2026-07-07 05:57:00,7581.75,7582.25,7581.75,7581.75
2026-07-07 05:58:00,7581.75,7581.75,7581.5,7581.75
2026-07-07 05:59:00,7582,7582.25,7581.75,7581.75
2026-07-07 06:00:00,7582,7583.5,7582,7583
2026-07-07 06:01:00,7583.25,7584,7583.25,7583.5
2026-07-07 06:02:00,7583.25,7583.25,7581.75,7582.75
2026-07-07 06:03:00,7582.75,7584.25,7582.25,7583.25
2026-07-07 06:04:00,7583.25,7584,7583.25,7583.75
2026-07-07 06:05:00,7583.75,7584,7583.25,7583.75
2026-07-07 06:06:00,7583.5,7584.5,7582.75,7583
2026-07-07 06:07:00,7583.25,7583.25,7582,7582
2026-07-07 06:08:00,7582.25,7582.5,7582.25,7582.25
2026-07-07 06:09:00,7582,7582,7581,7581.75
2026-07-07 06:10:00,7581.75,7582.25,7581.5,7582
2026-07-07 06:11:00,7581.75,7582,7581,7581.25
2026-07-07 06:12:00,7581.25,7581.5,7581,7581
2026-07-07 06:13:00,7581,7581.5,7580.75,7580.75
2026-07-07 06:14:00,7580.75,7581.25,7578.25,7579.25
2026-07-07 06:15:00,7579.25,7579.75,7579,7579.25
2026-07-07 06:16:00,7579.25,7580.25,7579.25,7580
2026-07-07 06:17:00,7580.25,7583,7580.25,7583
2026-07-07 06:18:00,7583,7583.25,7582.5,7583.25
2026-07-07 06:19:00,7583,7583,7582.5,7582.75
2026-07-07 06:20:00,7582.5,7583.25,7582,7582.5
2026-07-07 06:21:00,7582.75,7582.75,7581.5,7581.5
2026-07-07 06:22:00,7581.5,7582.75,7581.25,7582.75
2026-07-07 06:23:00,7582.75,7583,7581.25,7581.25
2026-07-07 06:24:00,7581.25,7582.25,7580.75,7582.25
2026-07-07 06:25:00,7582,7582.5,7581.5,7582.25
2026-07-07 06:26:00,7582.25,7583,7582.25,7582.5
2026-07-07 06:27:00,7582.5,7582.5,7581.75,7582
2026-07-07 06:28:00,7582.25,7582.25,7581.5,7581.5
2026-07-07 06:29:00,7581.5,7581.75,7581.25,7581.5
2026-07-07 06:30:00,7581.25,7581.25,7580.25,7580.5
2026-07-07 06:31:00,7580.75,7581,7580.5,7580.5
2026-07-07 06:32:00,7580.5,7581,7580.25,7580.5
2026-07-07 06:33:00,7580.5,7581.25,7580,7580
2026-07-07 06:34:00,7580.25,7581,7579.25,7579.25
2026-07-07 06:35:00,7579.5,7579.75,7579,7579
2026-07-07 06:36:00,7579,7579.5,7578.25,7578.5
2026-07-07 06:37:00,7578.5,7579.25,7578.25,7579
2026-07-07 06:38:00,7579,7579.25,7578.5,7578.75
2026-07-07 06:39:00,7578.75,7579,7578.5,7579
2026-07-07 06:40:00,7579,7579.5,7578.75,7579.25
2026-07-07 06:41:00,7579.25,7579.5,7578.25,7578.75
2026-07-07 06:42:00,7578.75,7579.5,7578.5,7578.75
2026-07-07 06:43:00,7578.75,7578.75,7578.5,7578.75
2026-07-07 06:44:00,7578.75,7579.25,7578.75,7578.75
2026-07-07 06:45:00,7579,7579,7578.5,7578.75
2026-07-07 06:46:00,7578.75,7579.75,7578.5,7579.5
2026-07-07 06:47:00,7579.25,7579.25,7578,7578.75
2026-07-07 06:48:00,7578.75,7578.75,7578.5,7578.75
2026-07-07 06:49:00,7578.75,7578.75,7577,7577.25
2026-07-07 06:50:00,7577,7577,7576,7576.5
2026-07-07 06:51:00,7576.75,7577.25,7576,7576
2026-07-07 06:52:00,7576.25,7576.5,7573.25,7574.5
2026-07-07 06:53:00,7574.25,7574.75,7574,7574.25
2026-07-07 06:54:00,7574.5,7576.5,7574.5,7576.5
2026-07-07 06:55:00,7576.25,7577,7576,7576.75
2026-07-07 06:56:00,7576.5,7576.75,7576.5,7576.5
2026-07-07 06:57:00,7576.75,7578,7576.5,7577.25
2026-07-07 06:58:00,7577.5,7577.5,7576.75,7577
2026-07-07 06:59:00,7577,7577.5,7577,7577.5
2026-07-07 07:00:00,7577.5,7578,7573.5,7573.75
2026-07-07 07:01:00,7573.75,7574.25,7573,7573.75
2026-07-07 07:02:00,7573.75,7573.75,7572.5,7572.5
2026-07-07 07:03:00,7572.5,7573.25,7572,7572.5
2026-07-07 07:04:00,7572.5,7574.5,7572.25,7574.5
2026-07-07 07:05:00,7574.75,7575.5,7572.75,7574
2026-07-07 07:06:00,7574.25,7574.5,7573,7573.75
2026-07-07 07:07:00,7573.75,7574.75,7573.75,7574.5
2026-07-07 07:08:00,7574.5,7575.5,7574.5,7574.75
2026-07-07 07:09:00,7574.5,7574.75,7573.25,7573.75
2026-07-07 07:10:00,7573.5,7574,7573.25,7573.5
2026-07-07 07:11:00,7573.75,7574,7572.5,7572.75
2026-07-07 07:12:00,7573,7573.25,7572.25,7573
2026-07-07 07:13:00,7573,7575,7572.75,7574
2026-07-07 07:14:00,7573.75,7574.5,7573.5,7574
2026-07-07 07:15:00,7573.75,7575.25,7573.75,7575.25
2026-07-07 07:16:00,7575.25,7576.25,7575,7576
2026-07-07 07:17:00,7575.75,7576.75,7575.5,7575.75
2026-07-07 07:18:00,7575.75,7577.5,7575.75,7577.25
2026-07-07 07:19:00,7577.5,7577.5,7577,7577
2026-07-07 07:20:00,7577.25,7577.75,7576.75,7577
2026-07-07 07:21:00,7576.75,7577.5,7576.75,7577
2026-07-07 07:22:00,7577,7577,7576.75,7577
2026-07-07 07:23:00,7577,7577.5,7577,7577.5
2026-07-07 07:24:00,7577.25,7577.5,7577,7577.25
2026-07-07 07:25:00,7577.25,7578.25,7577.25,7577.5
2026-07-07 07:26:00,7577.5,7577.75,7577.5,7577.75
2026-07-07 07:27:00,7577.75,7578,7577.25,7577.25
2026-07-07 07:28:00,7577.25,7577.25,7576.5,7577
2026-07-07 07:29:00,7577,7577.5,7575.75,7575.75
2026-07-07 07:30:00,7575.75,7575.75,7575,7575.25
2026-07-07 07:31:00,7575.5,7575.75,7573.5,7574
2026-07-07 07:32:00,7574,7575,7573.25,7573.5
2026-07-07 07:33:00,7573.5,7574.5,7573.5,7574.25
2026-07-07 07:34:00,7574.25,7574.5,7573.5,7573.75
2026-07-07 07:35:00,7573.5,7574,7572.5,7574
2026-07-07 07:36:00,7574,7575,7574,7574
2026-07-07 07:37:00,7573.75,7574,7573.25,7574
2026-07-07 07:38:00,7574,7574.5,7573,7573.75
2026-07-07 07:39:00,7574,7574.75,7574,7574.5
2026-07-07 07:40:00,7574.75,7574.75,7574,7574.5
2026-07-07 07:41:00,7574.25,7574.5,7573.75,7573.75
2026-07-07 07:42:00,7573.5,7574.5,7573.25,7574.5
2026-07-07 07:43:00,7574.5,7574.5,7574.25,7574.25
2026-07-07 07:44:00,7574.5,7575.5,7573.5,7575.25
2026-07-07 07:45:00,7575.25,7576,7575,7575.5
2026-07-07 07:46:00,7576,7576.25,7575,7576
2026-07-07 07:47:00,7575.75,7576,7575.25,7575.75
2026-07-07 07:48:00,7575.75,7577.25,7575.25,7577
2026-07-07 07:49:00,7577.25,7577.5,7577,7577.5
2026-07-07 07:50:00,7577.5,7578.25,7577,7577.75
2026-07-07 07:51:00,7577.5,7578.25,7576.75,7576.75
2026-07-07 07:52:00,7576.75,7577.5,7576,7576
2026-07-07 07:53:00,7575.75,7576,7573.5,7574.5
2026-07-07 07:54:00,7574.5,7575.5,7574.5,7575.25
2026-07-07 07:55:00,7575.25,7576.5,7575,7576.25
2026-07-07 07:56:00,7576,7576.75,7576,7576
2026-07-07 07:57:00,7576,7577.5,7576,7577.5
2026-07-07 07:58:00,7577.5,7579,7577.25,7578.75
2026-07-07 07:59:00,7578.75,7579.5,7578,7579
2026-07-07 08:00:00,7579,7579.5,7578.5,7579
2026-07-07 08:01:00,7579,7579.25,7578.75,7578.75
2026-07-07 08:02:00,7578.75,7580,7578.5,7579.75
2026-07-07 08:03:00,7579.5,7580,7578.5,7578.75
2026-07-07 08:04:00,7578.75,7579,7578,7579
2026-07-07 08:05:00,7578.75,7581.75,7578.25,7581.75
2026-07-07 08:06:00,7581.5,7582.25,7581.25,7582
2026-07-07 08:07:00,7582,7583.25,7581.75,7582.75
2026-07-07 08:08:00,7582.75,7583.75,7581.5,7582
2026-07-07 08:09:00,7582,7583,7581,7583
2026-07-07 08:10:00,7582.75,7585.75,7582.75,7583.75
2026-07-07 08:11:00,7583.5,7584.25,7583.25,7583.25
2026-07-07 08:12:00,7583.25,7583.5,7582.75,7583
2026-07-07 08:13:00,7583,7583.5,7582.75,7583.25
2026-07-07 08:14:00,7583.5,7583.5,7582.75,7583.5
2026-07-07 08:15:00,7583.5,7583.5,7581.75,7582.25
2026-07-07 08:16:00,7582.25,7582.25,7580.25,7581
2026-07-07 08:17:00,7581,7581,7579.75,7580.25
2026-07-07 08:18:00,7580,7580.75,7579.5,7580.25
2026-07-07 08:19:00,7580,7581,7579.5,7580.75
2026-07-07 08:20:00,7580.5,7580.75,7579.5,7579.75
2026-07-07 08:21:00,7580,7581.25,7578.75,7580
2026-07-07 08:22:00,7580.25,7581,7580.25,7581
2026-07-07 08:23:00,7581,7581.25,7580.5,7581.25
2026-07-07 08:24:00,7581.5,7581.75,7580.75,7581.25
2026-07-07 08:25:00,7581,7582.75,7581,7582.5
2026-07-07 08:26:00,7582.5,7583.25,7582,7583.25
2026-07-07 08:27:00,7583,7583.75,7582.75,7583.75
2026-07-07 08:28:00,7583.25,7584.25,7583,7583.75
2026-07-07 08:29:00,7584,7584,7583,7583.5
2026-07-07 08:30:00,7583.5,7584,7583,7583.5
2026-07-07 08:31:00,7583.5,7583.5,7581.5,7582
2026-07-07 08:32:00,7582,7582.25,7581.25,7581.75
2026-07-07 08:33:00,7581.75,7582.25,7580.75,7581.25
2026-07-07 08:34:00,7581.25,7582,7581,7581.5
2026-07-07 08:35:00,7581.25,7582.5,7581.25,7582.5
2026-07-07 08:36:00,7582.75,7584,7582.25,7583.75
2026-07-07 08:37:00,7583.5,7583.75,7583.25,7583.75
2026-07-07 08:38:00,7583.75,7584,7582.75,7583.75
2026-07-07 08:39:00,7583.5,7584.5,7583.5,7583.75
2026-07-07 08:40:00,7584,7584,7583.5,7584
2026-07-07 08:41:00,7583.75,7584,7583.25,7584
2026-07-07 08:42:00,7584,7586.25,7583.25,7585.5
2026-07-07 08:43:00,7585.5,7587,7585.25,7586.75
2026-07-07 08:44:00,7586.5,7586.75,7585.25,7585.5
2026-07-07 08:45:00,7585.5,7585.75,7584.75,7585
2026-07-07 08:46:00,7585,7585,7584.25,7584.75
2026-07-07 08:47:00,7584.75,7586.25,7584.5,7585.75
2026-07-07 08:48:00,7585.75,7585.75,7581.5,7581.75
2026-07-07 08:49:00,7581.75,7582.5,7581.75,7582
2026-07-07 08:50:00,7582,7583,7581.75,7582.75
2026-07-07 08:51:00,7582.5,7582.75,7581.25,7582
2026-07-07 08:52:00,7582,7582.5,7581.25,7581.25
2026-07-07 08:53:00,7581.25,7581.5,7579.75,7580.25
2026-07-07 08:54:00,7580.25,7580.25,7579.25,7579.25
2026-07-07 08:55:00,7579.5,7580.25,7578.75,7579.75
2026-07-07 08:56:00,7580,7580.5,7579.25,7580
2026-07-07 08:57:00,7580.25,7580.25,7579.5,7580
2026-07-07 08:58:00,7580.25,7580.75,7579.75,7580.25
2026-07-07 08:59:00,7580.25,7581,7579.75,7580.75
2026-07-07 09:00:00,7580.75,7580.75,7579.5,7580.25
2026-07-07 09:01:00,7580,7580,7579.25,7580
2026-07-07 09:02:00,7579.75,7580.75,7579,7579.5
2026-07-07 09:03:00,7579.5,7579.75,7578.25,7579.25
2026-07-07 09:04:00,7579,7579.5,7577.25,7577.75
2026-07-07 09:05:00,7577.5,7577.75,7575.75,7576.5
2026-07-07 09:06:00,7576.5,7576.5,7575.75,7576.5
2026-07-07 09:07:00,7576.5,7579.5,7575.75,7579.25
2026-07-07 09:08:00,7579.25,7581.5,7579.25,7579.75
2026-07-07 09:09:00,7579.75,7580.25,7579.25,7579.25
2026-07-07 09:10:00,7579.25,7579.5,7578,7578.5
2026-07-07 09:11:00,7578.5,7579.5,7577.5,7579.5
2026-07-07 09:12:00,7579.5,7579.5,7578.75,7579.5
2026-07-07 09:13:00,7579.5,7580.75,7579.25,7580
2026-07-07 09:14:00,7580,7581.25,7580,7580.75
2026-07-07 09:15:00,7580.75,7582.5,7580.5,7580.5
2026-07-07 09:16:00,7580.5,7581.5,7580,7581.25
2026-07-07 09:17:00,7581.25,7581.75,7580.5,7581.25
2026-07-07 09:18:00,7581.25,7581.25,7578.75,7579.75
2026-07-07 09:19:00,7580,7583.25,7580,7582.25
2026-07-07 09:20:00,7582.25,7582.5,7581.5,7582.5
2026-07-07 09:21:00,7582.5,7582.5,7578.5,7579
2026-07-07 09:22:00,7579,7580,7578.25,7580
2026-07-07 09:23:00,7580,7580.5,7579.5,7579.75
2026-07-07 09:24:00,7579.75,7580,7579.25,7580
2026-07-07 09:25:00,7580,7580.5,7578.25,7579.75
2026-07-07 09:26:00,7580,7581.25,7580,7580
2026-07-07 09:27:00,7580,7580.75,7579,7580.5
2026-07-07 09:28:00,7580.5,7581.25,7579.75,7580.5
2026-07-07 09:29:00,7580.25,7581.75,7579.75,7580.75
2026-07-07 09:30:00,7580.75,7587.5,7576.75,7584
2026-07-07 09:31:00,7583.75,7586,7581.5,7585
2026-07-07 09:32:00,7585.25,7587.5,7582,7583.5
2026-07-07 09:33:00,7583.5,7583.5,7577.75,7578
2026-07-07 09:34:00,7578,7579.25,7571.75,7572.5
2026-07-07 09:35:00,7572.75,7576,7570.75,7572.5
2026-07-07 09:36:00,7572.5,7575.75,7572.25,7574.75
2026-07-07 09:37:00,7574.75,7577.5,7574,7575.5
2026-07-07 09:38:00,7575.5,7575.75,7569.75,7571
2026-07-07 09:39:00,7571,7577,7571,7572.75
2026-07-07 09:40:00,7572.75,7576.5,7569,7575.75
2026-07-07 09:41:00,7575.75,7576.75,7574.25,7575.25
2026-07-07 09:42:00,7575.25,7578.5,7573.25,7576
2026-07-07 09:43:00,7576,7580.5,7575.5,7578
2026-07-07 09:44:00,7578,7580.25,7577.25,7580
2026-07-07 09:45:00,7580,7580.25,7576.5,7577.25
2026-07-07 09:46:00,7577,7578.75,7574,7575.25
2026-07-07 09:47:00,7575.25,7578,7573.5,7574.25
2026-07-07 09:48:00,7574.25,7580.75,7574.25,7578
2026-07-07 09:49:00,7578,7578.75,7573.25,7574.75
2026-07-07 09:50:00,7574.5,7577.25,7574,7575.75
2026-07-07 09:51:00,7575.5,7577,7570.5,7574
2026-07-07 09:52:00,7574,7576.25,7571,7571.5
2026-07-07 09:53:00,7571.5,7571.5,7567.5,7568.5
2026-07-07 09:54:00,7568.25,7570,7565.25,7567.25
2026-07-07 09:55:00,7567.25,7568.75,7564.5,7565.25
2026-07-07 09:56:00,7565,7567.75,7564.5,7566.25
2026-07-07 09:57:00,7566,7567,7563.25,7564.25
2026-07-07 09:58:00,7564.25,7566.5,7560.5,7561.5
2026-07-07 09:59:00,7561.5,7567.25,7561.25,7566.25
2026-07-07 10:00:00,7566.25,7568.5,7563.25,7567.25
2026-07-07 10:01:00,7567.25,7570,7563.5,7565.75
2026-07-07 10:02:00,7565.75,7568.25,7564.25,7566.5
2026-07-07 10:03:00,7566.5,7568.25,7561.75,7562.5
2026-07-07 10:04:00,7562.5,7564.25,7560,7563.5
2026-07-07 10:05:00,7563.5,7564.75,7561.75,7564
2026-07-07 10:06:00,7563.75,7567.75,7563.25,7566.5
2026-07-07 10:07:00,7566.25,7567,7561.75,7563.5
2026-07-07 10:08:00,7563.5,7564.75,7559,7560.5
2026-07-07 10:09:00,7560.75,7562.5,7559.5,7560.75
2026-07-07 10:10:00,7560.5,7560.75,7556.25,7556.75
2026-07-07 10:11:00,7556.75,7558.75,7555,7555.75
2026-07-07 10:12:00,7555.75,7556.5,7553,7553.5
2026-07-07 10:13:00,7553.25,7556.5,7553,7554.25
2026-07-07 10:14:00,7554,7554.5,7547.5,7548
2026-07-07 10:15:00,7548,7548.5,7542.5,7546.75
2026-07-07 10:16:00,7547,7549.25,7544.5,7547.5
2026-07-07 10:17:00,7547.5,7548.5,7545,7546
2026-07-07 10:18:00,7546,7551.25,7546,7549.5
2026-07-07 10:19:00,7549.5,7553,7547,7552.75
2026-07-07 10:20:00,7552.75,7555.25,7549.5,7551.25
2026-07-07 10:21:00,7551,7551.25,7548.25,7550.75
2026-07-07 10:22:00,7550.75,7552,7547.5,7548.5
2026-07-07 10:23:00,7548.5,7549.5,7545.25,7547
2026-07-07 10:24:00,7547.25,7549.25,7543.75,7544
2026-07-07 10:25:00,7544.25,7544.5,7539.25,7540.25
2026-07-07 10:26:00,7540.5,7541.5,7538.5,7539.25
2026-07-07 10:27:00,7539.25,7544.5,7538.75,7542.75
2026-07-07 10:28:00,7542.75,7544.25,7540.25,7542.25
2026-07-07 10:29:00,7542.25,7545,7542,7544.5
2026-07-07 10:30:00,7544.5,7547,7542.5,7545.75
2026-07-07 10:31:00,7546,7547.75,7544.25,7545
2026-07-07 10:32:00,7545,7545.5,7540.25,7544
2026-07-07 10:33:00,7544.25,7547,7543,7544.75
2026-07-07 10:34:00,7544.75,7545,7541,7541
2026-07-07 10:35:00,7541,7543,7537.5,7538
2026-07-07 10:36:00,7538.25,7542.5,7537,7541.75
2026-07-07 10:37:00,7541.75,7541.75,7538.5,7540
2026-07-07 10:38:00,7540.25,7541,7538.25,7538.75
2026-07-07 10:39:00,7538.75,7540,7536,7536
2026-07-07 10:40:00,7536.25,7539,7535.5,7536.25
2026-07-07 10:41:00,7536.25,7536.5,7532.25,7532.25
2026-07-07 10:42:00,7532.25,7535.5,7529.5,7534.5
2026-07-07 10:43:00,7534.75,7535.75,7532.5,7535.25
2026-07-07 10:44:00,7535.25,7536.25,7533,7535
2026-07-07 10:45:00,7535,7538.25,7534,7537
2026-07-07 10:46:00,7537,7540.5,7536,7539.5
2026-07-07 10:47:00,7539.5,7542,7539,7540.5
2026-07-07 10:48:00,7540.5,7542.25,7537,7538
2026-07-07 10:49:00,7538,7540,7537,7539.25
2026-07-07 10:50:00,7539.5,7540.75,7537.25,7540
2026-07-07 10:51:00,7539.75,7543.25,7539.75,7541.5
2026-07-07 10:52:00,7541.25,7543.75,7539.5,7543.75
2026-07-07 10:53:00,7543.75,7545,7543,7543.5
2026-07-07 10:54:00,7543.5,7543.75,7540.75,7543.5
2026-07-07 10:55:00,7543.5,7546,7543.5,7544.5
2026-07-07 10:56:00,7544.5,7546.5,7542.5,7543.5
2026-07-07 10:57:00,7543.75,7544.5,7541.5,7544.25
2026-07-07 10:58:00,7544.25,7546.25,7543.25,7544.25
2026-07-07 10:59:00,7544.5,7544.75,7541.75,7542.25
2026-07-07 11:00:00,7542,7542.5,7538.75,7539.25
2026-07-07 11:01:00,7539.25,7540.25,7536.5,7540.25
2026-07-07 11:02:00,7540.25,7541.25,7539.25,7540
2026-07-07 11:03:00,7539.75,7542,7539.25,7541
2026-07-07 11:04:00,7541,7543.25,7539,7541
2026-07-07 11:05:00,7541,7542.75,7539.75,7540.75
2026-07-07 11:06:00,7540.5,7543,7540.25,7542
2026-07-07 11:07:00,7542,7542.5,7538.75,7542.25
2026-07-07 11:08:00,7542.25,7544.25,7542,7542
2026-07-07 11:09:00,7542.25,7543.75,7541.25,7543.25
2026-07-07 11:10:00,7543.25,7544.5,7541.5,7543
2026-07-07 11:11:00,7543,7544.25,7541.75,7541.75
2026-07-07 11:12:00,7542,7543.5,7540.75,7543
2026-07-07 11:13:00,7543,7543,7540.75,7542.5
2026-07-07 11:14:00,7542.5,7542.5,7537.75,7538
2026-07-07 11:15:00,7537.75,7538.25,7535.25,7536
2026-07-07 11:16:00,7536,7537.5,7534.5,7537.25
2026-07-07 11:17:00,7537,7538.25,7536.25,7536.75
2026-07-07 11:18:00,7536.75,7538.25,7536,7538
2026-07-07 11:19:00,7537.75,7538.25,7536.25,7536.75
2026-07-07 11:20:00,7536.75,7538,7536,7536.75
2026-07-07 11:21:00,7536.75,7540.5,7536.25,7538.75
2026-07-07 11:22:00,7538.75,7540,7537,7537.5
2026-07-07 11:23:00,7537.5,7537.75,7536.25,7537
2026-07-07 11:24:00,7537,7537.75,7535,7536
2026-07-07 11:25:00,7536.25,7537.25,7535.25,7536.5
2026-07-07 11:26:00,7536.25,7538,7534.75,7537.5
2026-07-07 11:27:00,7537.75,7538.25,7536.25,7537.75
2026-07-07 11:28:00,7537.5,7540,7536.25,7536.25
2026-07-07 11:29:00,7536.25,7541,7536.25,7540.5
2026-07-07 11:30:00,7540.75,7541.5,7537,7538.25
2026-07-07 11:31:00,7538,7539.5,7537.5,7538.75
2026-07-07 11:32:00,7538.75,7539.5,7537.75,7538.75
2026-07-07 11:33:00,7538.5,7540.25,7538,7538.75
2026-07-07 11:34:00,7538.75,7539.75,7536.25,7536.25
2026-07-07 11:35:00,7536.25,7537.5,7534.25,7537
2026-07-07 11:36:00,7537.25,7539.5,7536.5,7537
2026-07-07 11:37:00,7537.25,7537.75,7535.25,7536.25
2026-07-07 11:38:00,7536,7536.75,7535,7535.25
2026-07-07 11:39:00,7535.5,7536.25,7533.5,7533.75
2026-07-07 11:40:00,7533.75,7534.75,7531.25,7534.5
2026-07-07 11:41:00,7534.75,7536,7533.25,7535.75
2026-07-07 11:42:00,7536,7537.5,7535,7537.25
2026-07-07 11:43:00,7537.25,7538.25,7535.5,7537.25
2026-07-07 11:44:00,7537.25,7541.5,7536.75,7541.25
2026-07-07 11:45:00,7541.25,7546.25,7541,7545.75
2026-07-07 11:46:00,7545.75,7547,7543.75,7544.5
2026-07-07 11:47:00,7544.75,7547.75,7544.25,7546
2026-07-07 11:48:00,7546.25,7549.25,7545.5,7548.5
2026-07-07 11:49:00,7548.25,7548.5,7543.25,7543.5
2026-07-07 11:50:00,7543.25,7546.5,7543.25,7546
2026-07-07 11:51:00,7545.75,7547.75,7545.75,7547.25
2026-07-07 11:52:00,7547,7550.25,7546.5,7549.75
2026-07-07 11:53:00,7549.5,7549.5,7547.5,7549
2026-07-07 11:54:00,7548.75,7549,7546.75,7547.25
2026-07-07 11:55:00,7547.5,7548,7546,7546
2026-07-07 11:56:00,7546.25,7547.5,7545,7546.5
2026-07-07 11:57:00,7546.75,7549.25,7546.75,7549
2026-07-07 11:58:00,7548.75,7550.25,7548.75,7549.75
2026-07-07 11:59:00,7549.75,7551.25,7548.75,7551
2026-07-07 12:00:00,7551,7552.75,7549.75,7552.5
2026-07-07 12:01:00,7552.25,7554,7552,7553.75
2026-07-07 12:02:00,7553.5,7555.5,7553.25,7554.25
2026-07-07 12:03:00,7554.25,7555.25,7553,7555
2026-07-07 12:04:00,7555,7555,7553.25,7554
2026-07-07 12:05:00,7554,7556,7552.5,7555.5
2026-07-07 12:06:00,7555.5,7558.25,7554.5,7554.75
2026-07-07 12:07:00,7554.75,7555,7552,7553
2026-07-07 12:08:00,7553,7553.5,7549.75,7550.75
2026-07-07 12:09:00,7550.75,7552.5,7550,7552.25
2026-07-07 12:10:00,7552.25,7554.75,7552.25,7552.75
2026-07-07 12:11:00,7552.75,7556,7552.5,7555.75
2026-07-07 12:12:00,7555.75,7558.5,7555.75,7558
2026-07-07 12:13:00,7558,7559,7557.75,7558.5
2026-07-07 12:14:00,7558.5,7559,7557,7557.75
2026-07-07 12:15:00,7558,7559.5,7557.5,7557.75
2026-07-07 12:16:00,7557.75,7559,7557.25,7557.75
2026-07-07 12:17:00,7557.5,7558,7556.5,7557.25
2026-07-07 12:18:00,7557.5,7558,7556,7556.5
2026-07-07 12:19:00,7556.5,7558.75,7555.75,7558
2026-07-07 12:20:00,7557.75,7562,7557.75,7561
2026-07-07 12:21:00,7561,7562.25,7559.75,7561.25
2026-07-07 12:22:00,7561.5,7564.5,7561.25,7563.25
2026-07-07 12:23:00,7563.5,7566,7562.5,7564.25
2026-07-07 12:24:00,7564.5,7565.25,7562.75,7562.75
2026-07-07 12:25:00,7563,7564.75,7562.25,7564.75
2026-07-07 12:26:00,7564.75,7566.25,7564.25,7565.75
2026-07-07 12:27:00,7565.75,7567,7565.25,7566.5
2026-07-07 12:28:00,7566.5,7567.25,7565,7565.5
2026-07-07 12:29:00,7565.5,7566.75,7565,7565
2026-07-07 12:30:00,7565.25,7567.5,7564.75,7566
2026-07-07 12:31:00,7566.25,7566.75,7565,7566
2026-07-07 12:32:00,7566.25,7566.5,7564.5,7565
2026-07-07 12:33:00,7564.75,7565,7561.75,7562.5
2026-07-07 12:34:00,7562.25,7564.75,7562.25,7563.25
2026-07-07 12:35:00,7563.25,7565.5,7561.75,7562
2026-07-07 12:36:00,7562,7562.75,7559.75,7561.75
2026-07-07 12:37:00,7561.75,7565.25,7561.5,7564.5
2026-07-07 12:38:00,7564.5,7565.75,7563.75,7564.5
2026-07-07 12:39:00,7564.5,7566,7564.25,7565.5
2026-07-07 12:40:00,7565.5,7567,7564.5,7564.75
2026-07-07 12:41:00,7564.75,7565.25,7564,7564.5
2026-07-07 12:42:00,7564.5,7565,7563,7563.75
2026-07-07 12:43:00,7564,7565.5,7563.75,7565.25
2026-07-07 12:44:00,7565.25,7566.25,7564.75,7566
2026-07-07 12:45:00,7566.25,7568.25,7566,7567.75
2026-07-07 12:46:00,7567.75,7567.75,7566,7567.5
2026-07-07 12:47:00,7567.5,7568,7566.75,7566.75
2026-07-07 12:48:00,7566.75,7568,7566.75,7567.25
2026-07-07 12:49:00,7567.25,7568.75,7566.75,7568
2026-07-07 12:50:00,7568,7568.75,7566.25,7567.75
2026-07-07 12:51:00,7568,7568,7566.75,7567
2026-07-07 12:52:00,7566.75,7568.25,7566.75,7567.5
2026-07-07 12:53:00,7567.5,7567.5,7565.25,7566.25
2026-07-07 12:54:00,7566.25,7566.25,7565,7565.5
2026-07-07 12:55:00,7565.5,7565.75,7563.25,7564.25
2026-07-07 12:56:00,7564.25,7565.5,7564,7565.5
2026-07-07 12:57:00,7565.25,7566,7564.25,7564.75
2026-07-07 12:58:00,7564.75,7564.75,7562.75,7564.25
2026-07-07 12:59:00,7564.25,7567.5,7564,7567.5
2026-07-07 13:00:00,7567.25,7568.25,7566.5,7568
2026-07-07 13:01:00,7567.75,7569,7566.75,7567.25
2026-07-07 13:02:00,7567.25,7569,7566.75,7568.5
2026-07-07 13:03:00,7568.5,7568.5,7566.25,7566.75
2026-07-07 13:04:00,7566.75,7569.25,7566.5,7569.25
2026-07-07 13:05:00,7569.25,7570.25,7568.5,7569.75
2026-07-07 13:06:00,7569.5,7570.5,7568.25,7569.75
2026-07-07 13:07:00,7569.75,7570.5,7569.5,7570
2026-07-07 13:08:00,7570,7571.25,7569.25,7569.5
2026-07-07 13:09:00,7569.5,7570.25,7568.75,7569.25
2026-07-07 13:10:00,7569,7569.25,7565.75,7567
2026-07-07 13:11:00,7566.75,7568.5,7566.5,7568.25
2026-07-07 13:12:00,7568.25,7568.25,7566.75,7567
2026-07-07 13:13:00,7566.75,7568.25,7566.75,7567.25
2026-07-07 13:14:00,7567.25,7567.5,7565,7565.75
2026-07-07 13:15:00,7565.75,7566,7563.25,7565
2026-07-07 13:16:00,7565,7565.25,7562,7562
2026-07-07 13:17:00,7561.75,7563,7561.75,7562.5
2026-07-07 13:18:00,7562.5,7563.75,7561.75,7562.75
2026-07-07 13:19:00,7562.75,7564.75,7562.5,7564
2026-07-07 13:20:00,7563.75,7565.75,7563,7564.75
2026-07-07 13:21:00,7564.5,7567.25,7564.5,7567
2026-07-07 13:22:00,7567,7568,7566.25,7566.5
2026-07-07 13:23:00,7566.25,7568.25,7565,7568.25
2026-07-07 13:24:00,7568,7569.25,7567.5,7567.75
2026-07-07 13:25:00,7567.5,7568.5,7566,7568.5
2026-07-07 13:26:00,7568.5,7568.5,7566.5,7567.5
2026-07-07 13:27:00,7567.5,7568,7566.75,7567.75
2026-07-07 13:28:00,7567.5,7568.25,7565.75,7566.5
2026-07-07 13:29:00,7566.5,7567.25,7565.75,7566.25
2026-07-07 13:30:00,7566.25,7568.25,7566,7568.25
2026-07-07 13:31:00,7568.5,7569.25,7567.75,7569
2026-07-07 13:32:00,7568.75,7569.5,7567.25,7567.25
2026-07-07 13:33:00,7567.25,7568.5,7566.5,7568
2026-07-07 13:34:00,7568.25,7568.75,7567.5,7568
2026-07-07 13:35:00,7568,7568.75,7567.25,7568.75
2026-07-07 13:36:00,7568.75,7569.75,7568.5,7569
2026-07-07 13:37:00,7569,7569,7567.75,7568.5
2026-07-07 13:38:00,7568.25,7568.5,7565.75,7566.25
2026-07-07 13:39:00,7566.5,7569,7566.5,7568.75
2026-07-07 13:40:00,7568.5,7569,7568,7569
2026-07-07 13:41:00,7569.25,7570.25,7568.5,7570.25
2026-07-07 13:42:00,7570.25,7570.25,7568.5,7569.25
2026-07-07 13:43:00,7569,7569.75,7568,7568.25
2026-07-07 13:44:00,7568.5,7568.75,7566.75,7568.75
2026-07-07 13:45:00,7568.75,7569,7567,7568.25
2026-07-07 13:46:00,7568.25,7568.25,7565.25,7565.75
2026-07-07 13:47:00,7566,7567.5,7565.75,7566
2026-07-07 13:48:00,7565.75,7567.5,7565,7567.25
2026-07-07 13:49:00,7567.5,7567.5,7565.75,7566.25
2026-07-07 13:50:00,7566.25,7566.5,7565,7566
2026-07-07 13:51:00,7566,7566.75,7565.25,7566.5
2026-07-07 13:52:00,7566.5,7568,7566.5,7567.75
2026-07-07 13:53:00,7567.75,7567.75,7564.25,7564.25
2026-07-07 13:54:00,7564.25,7566,7564,7565.5
2026-07-07 13:55:00,7565.5,7566,7564.75,7565.5
2026-07-07 13:56:00,7565.75,7568.25,7565.75,7567.75
2026-07-07 13:57:00,7567.75,7568,7566.75,7567.75
2026-07-07 13:58:00,7567.75,7568,7567.25,7567.75
2026-07-07 13:59:00,7567.75,7569.25,7567.25,7569.25
2026-07-07 14:00:00,7569.25,7570.25,7568,7568
2026-07-07 14:01:00,7568,7569.5,7567.5,7568.75
2026-07-07 14:02:00,7569,7569,7566.5,7567.25
2026-07-07 14:03:00,7567.25,7568.25,7566.25,7568.25
2026-07-07 14:04:00,7568,7568.75,7567.75,7568.5
2026-07-07 14:05:00,7568.5,7569.5,7568.25,7568.75
2026-07-07 14:06:00,7568.75,7568.75,7566.5,7567.25
2026-07-07 14:07:00,7567.25,7568,7566.75,7567.25
2026-07-07 14:08:00,7567.25,7567.75,7566.25,7566.5
2026-07-07 14:09:00,7566.25,7567,7565.5,7566.75
2026-07-07 14:10:00,7567,7567.5,7566.5,7567.5
2026-07-07 14:11:00,7567.25,7567.5,7566.5,7567
2026-07-07 14:12:00,7567,7569.25,7567,7568.75
2026-07-07 14:13:00,7568.75,7569,7567.75,7568.25
2026-07-07 14:14:00,7568.25,7568.75,7566.75,7567.25
2026-07-07 14:15:00,7567.25,7568.5,7566.25,7568
2026-07-07 14:16:00,7568,7569,7567,7568.75
2026-07-07 14:17:00,7568.75,7568.75,7567.25,7568.25
2026-07-07 14:18:00,7568.25,7568.75,7567.75,7568.25
2026-07-07 14:19:00,7568.25,7568.75,7566,7567.75
2026-07-07 14:20:00,7567.75,7568.25,7566.75,7567.75
2026-07-07 14:21:00,7567.75,7568.5,7567.5,7568.5
2026-07-07 14:22:00,7568.25,7569.5,7566.75,7569.25
2026-07-07 14:23:00,7569.25,7570.5,7569,7569.25
2026-07-07 14:24:00,7569,7569.5,7568.25,7569
2026-07-07 14:25:00,7569,7569.5,7568.5,7569.5
2026-07-07 14:26:00,7569.25,7570.25,7567.25,7568.25
2026-07-07 14:27:00,7568,7568.75,7567.25,7567.75
2026-07-07 14:28:00,7567.5,7568.25,7566.25,7566.5
2026-07-07 14:29:00,7566.5,7567.75,7566.25,7567.5
2026-07-07 14:30:00,7567.25,7568.25,7563.75,7565.75
2026-07-07 14:31:00,7565.75,7567,7565.25,7566.5
2026-07-07 14:32:00,7566.5,7566.75,7564.75,7565
2026-07-07 14:33:00,7565,7565.75,7563,7564.25
2026-07-07 14:34:00,7564,7565.5,7563.75,7564.5
2026-07-07 14:35:00,7564.25,7567,7562.75,7567
2026-07-07 14:36:00,7567,7567.75,7565.25,7567
2026-07-07 14:37:00,7567,7567.75,7566.25,7566.5
2026-07-07 14:38:00,7566.25,7567.75,7566,7567
2026-07-07 14:39:00,7567.25,7567.5,7566.25,7566.75
2026-07-07 14:40:00,7566.75,7567,7564.5,7565
2026-07-07 14:41:00,7564.75,7565.75,7563,7564.5
2026-07-07 14:42:00,7564.25,7564.5,7562.5,7563
2026-07-07 14:43:00,7563,7564,7561.5,7563.75
2026-07-07 14:44:00,7563.75,7564.75,7563.25,7564.75
2026-07-07 14:45:00,7564.75,7565.25,7563.25,7564
2026-07-07 14:46:00,7564,7564.25,7563,7563.75
2026-07-07 14:47:00,7563.75,7565.25,7563.5,7564.75
2026-07-07 14:48:00,7564.5,7566,7563.25,7563.75
2026-07-07 14:49:00,7563.5,7563.75,7554,7559.25
2026-07-07 14:50:00,7559.25,7560,7556.75,7557.5
2026-07-07 14:51:00,7557.5,7558,7553.75,7556.75
2026-07-07 14:52:00,7557,7557.25,7554.25,7554.75
2026-07-07 14:53:00,7554.75,7555.75,7553.5,7553.75
2026-07-07 14:54:00,7553.75,7557,7552.25,7555.25
2026-07-07 14:55:00,7555.25,7556,7553.75,7554.75
2026-07-07 14:56:00,7554.75,7556.25,7553.75,7556.25
2026-07-07 14:57:00,7556,7556.75,7553,7554
2026-07-07 14:58:00,7554.25,7555.25,7552.75,7553
2026-07-07 14:59:00,7553,7553.5,7551.5,7552.5
2026-07-07 15:00:00,7552.5,7554.5,7548.25,7549.25
2026-07-07 15:01:00,7549.25,7549.25,7545.5,7548
2026-07-07 15:02:00,7548,7550.5,7547.75,7549.5
2026-07-07 15:03:00,7549.5,7551,7548.5,7548.75
2026-07-07 15:04:00,7548.5,7549.5,7546.25,7549.25
2026-07-07 15:05:00,7549.5,7551,7547.25,7550
2026-07-07 15:06:00,7549.75,7552.75,7549,7549.25
2026-07-07 15:07:00,7549.5,7549.5,7546.75,7547.25
2026-07-07 15:08:00,7547.5,7547.75,7545,7545.25
2026-07-07 15:09:00,7545.25,7546,7543.75,7544.75
2026-07-07 15:10:00,7544.5,7545.75,7543,7544.25
2026-07-07 15:11:00,7544.25,7544.75,7542.25,7543.5
2026-07-07 15:12:00,7543.75,7544.25,7542.5,7543.5
2026-07-07 15:13:00,7543.5,7547.25,7543,7546.5
2026-07-07 15:14:00,7546.25,7546.5,7544,7544.75
2026-07-07 15:15:00,7545,7545.75,7542.25,7542.75
2026-07-07 15:16:00,7542.75,7542.75,7540.5,7542
2026-07-07 15:17:00,7541.75,7544,7541.5,7542.5
2026-07-07 15:18:00,7542.25,7542.75,7537,7539.25
2026-07-07 15:19:00,7539,7544,7538.75,7543.75
2026-07-07 15:20:00,7543.5,7546.25,7541.25,7544.25
2026-07-07 15:21:00,7544.25,7545.25,7543,7544
2026-07-07 15:22:00,7544,7546.25,7544,7545.5
2026-07-07 15:23:00,7545.25,7546.75,7545,7546
2026-07-07 15:24:00,7545.75,7547.75,7544.5,7547.75
2026-07-07 15:25:00,7547.5,7548.25,7542.5,7544.5
2026-07-07 15:26:00,7544.5,7544.75,7542.5,7543
2026-07-07 15:27:00,7543,7546.75,7542.75,7545.25
2026-07-07 15:28:00,7545,7547,7544.25,7544.75
2026-07-07 15:29:00,7544.75,7545.75,7543,7544.25
2026-07-07 15:30:00,7544,7548.5,7543.75,7547.75
2026-07-07 15:31:00,7548,7549,7546.5,7547.75
2026-07-07 15:32:00,7548,7548,7546,7547.25
2026-07-07 15:33:00,7547.25,7548.5,7546.5,7547.75
2026-07-07 15:34:00,7547.75,7550,7546.75,7548.75
2026-07-07 15:35:00,7549,7549,7546.25,7546.25
2026-07-07 15:36:00,7546.5,7547,7543.75,7544.75
2026-07-07 15:37:00,7544.75,7545.25,7543.75,7545
2026-07-07 15:38:00,7544.75,7547.75,7544.75,7545.25
2026-07-07 15:39:00,7545.25,7545.25,7543.75,7544.75
2026-07-07 15:40:00,7545,7545.25,7542.25,7543.25
2026-07-07 15:41:00,7543.25,7544.25,7542.25,7543.75
2026-07-07 15:42:00,7543.75,7544.25,7541.75,7542
2026-07-07 15:43:00,7542,7544,7541.25,7541.75
2026-07-07 15:44:00,7542,7543.25,7541.75,7542.75
2026-07-07 15:45:00,7543,7547,7542.5,7546.75
2026-07-07 15:46:00,7546.5,7548.25,7545.75,7546.5
2026-07-07 15:47:00,7546.25,7546.5,7543.75,7544.75
2026-07-07 15:48:00,7544.75,7547.75,7544,7546.25
2026-07-07 15:49:00,7546.25,7547.75,7546,7547.5
2026-07-07 15:50:00,7547.5,7551.5,7547.5,7550.5
2026-07-07 15:51:00,7550.25,7551,7547.5,7550
2026-07-07 15:52:00,7549.75,7550,7547.75,7549.75
2026-07-07 15:53:00,7549.5,7552.25,7548.5,7551.75
2026-07-07 15:54:00,7551.75,7555,7551,7554.75
2026-07-07 15:55:00,7554.75,7556.75,7553.75,7556
2026-07-07 15:56:00,7556,7556.5,7554,7554
2026-07-07 15:57:00,7554.25,7554.75,7552.5,7553.5
2026-07-07 15:58:00,7553.75,7555.75,7552,7554.75
2026-07-07 15:59:00,7555,7555,7548,7553
2026-07-07 16:00:00,7553,7554,7549.25,7551
2026-07-07 16:01:00,7551,7552.5,7549.25,7552
2026-07-07 16:02:00,7552.25,7552.75,7550.25,7551.5
2026-07-07 16:03:00,7551.25,7552,7550.75,7551.25
2026-07-07 16:04:00,7551.25,7553,7551.25,7553
2026-07-07 16:05:00,7553,7553.75,7550.75,7550.75
2026-07-07 16:06:00,7550.5,7552,7550.5,7551.75
2026-07-07 16:07:00,7551.5,7553,7551,7552.75
2026-07-07 16:08:00,7552.5,7554.5,7552.5,7554
2026-07-07 16:09:00,7554,7554.25,7553.25,7554
2026-07-07 16:10:00,7554,7554,7550.75,7552
2026-07-07 16:11:00,7552.25,7553.25,7552,7553.25
2026-07-07 16:12:00,7553.25,7553.5,7552,7552.25
2026-07-07 16:13:00,7552.5,7552.75,7551.75,7552.5
2026-07-07 16:14:00,7552.25,7552.25,7551.75,7552
2026-07-07 16:15:00,7552.25,7552.5,7551.25,7552.25
2026-07-07 16:16:00,7552.25,7552.5,7551,7551
2026-07-07 16:17:00,7551.25,7552.25,7551.25,7551.75
2026-07-07 16:18:00,7552,7552,7546.5,7549
2026-07-07 16:19:00,7549,7549.75,7549,7549.75
2026-07-07 16:20:00,7549.75,7550.5,7549.5,7549.75
2026-07-07 16:21:00,7549.75,7550.5,7549.25,7550
2026-07-07 16:22:00,7550.25,7550.25,7549.5,7549.5
2026-07-07 16:23:00,7549.5,7549.75,7549,7549
2026-07-07 16:24:00,7549,7550.25,7549,7550
2026-07-07 16:25:00,7550.25,7550.75,7550,7550.75
2026-07-07 16:26:00,7550.75,7551.5,7550.5,7551
2026-07-07 16:27:00,7551,7551.25,7550.25,7550.5
2026-07-07 16:28:00,7550.25,7550.75,7549.75,7550
2026-07-07 16:29:00,7550,7551,7550,7550.75
2026-07-07 16:30:00,7550.75,7551.25,7550.5,7550.75
2026-07-07 16:31:00,7550.75,7551,7550.25,7551
2026-07-07 16:32:00,7551,7551.5,7550.75,7551.25
2026-07-07 16:33:00,7551.25,7551.5,7551,7551
2026-07-07 16:34:00,7551,7551.75,7550.75,7550.75
2026-07-07 16:35:00,7551,7551.75,7551,7551.25
2026-07-07 16:36:00,7551.5,7552.25,7551.25,7552.25
2026-07-07 16:37:00,7552.25,7552.75,7552,7552.25
2026-07-07 16:38:00,7552,7552.5,7552,7552.5
2026-07-07 16:39:00,7552.5,7552.5,7551.75,7552.25
2026-07-07 16:40:00,7552.25,7553,7552.25,7552.25
2026-07-07 16:41:00,7552.25,7552.5,7551.75,7552.5
2026-07-07 16:42:00,7552.5,7553,7552,7552
2026-07-07 16:43:00,7552,7552.75,7552,7552.5
2026-07-07 16:44:00,7552.25,7552.75,7551.75,7551.75
2026-07-07 16:45:00,7552,7552,7551.5,7551.75
2026-07-07 16:46:00,7551.75,7552,7551.5,7551.5
2026-07-07 16:47:00,7551.5,7551.75,7551,7551.25
2026-07-07 16:48:00,7551.25,7552.25,7551,7551.5
2026-07-07 16:49:00,7551.5,7551.75,7551.25,7551.75
2026-07-07 16:50:00,7551.5,7551.75,7551,7551
2026-07-07 16:51:00,7551,7551.75,7550.75,7551.75
2026-07-07 16:52:00,7551.75,7552.75,7551.5,7552.75
2026-07-07 16:53:00,7552.75,7553,7552.5,7552.5
2026-07-07 16:54:00,7552.75,7552.75,7552.5,7552.5
2026-07-07 16:55:00,7552.75,7553,7552.5,7552.5
2026-07-07 16:56:00,7552.75,7553,7552.5,7553
2026-07-07 16:57:00,7553,7553,7551.25,7551.5
2026-07-07 16:58:00,7551.5,7552.25,7551.5,7551.75
2026-07-07 16:59:00,7551.75,7552,7551.25,7551.75
2026-07-07 17:00:00,7551.25,7551.25,7551.25,7551.25
2026-07-07 18:00:00,7545,7545,7537.5,7539
2026-07-07 18:01:00,7538.75,7547,7538.75,7545
2026-07-07 18:02:00,7545,7546.5,7543.75,7546.5
2026-07-07 18:03:00,7546.25,7547.5,7545,7546.25
2026-07-07 18:04:00,7546.25,7546.25,7543.25,7544.25
2026-07-07 18:05:00,7544.5,7546,7543.25,7543.5
2026-07-07 18:06:00,7543.5,7545.5,7543.5,7543.5
2026-07-07 18:07:00,7543.75,7544.5,7543.5,7544.25
2026-07-07 18:08:00,7544.5,7547.25,7544.5,7546.5
2026-07-07 18:09:00,7546.75,7546.75,7544.5,7544.75
2026-07-07 18:10:00,7545,7545.75,7543.75,7545.5
2026-07-07 18:11:00,7545.75,7546.25,7545.25,7546.25
2026-07-07 18:12:00,7546.5,7546.75,7546,7546
2026-07-07 18:13:00,7546,7546.25,7544.5,7545.75
2026-07-07 18:14:00,7545.5,7545.75,7544.5,7545.75
2026-07-07 18:15:00,7545.75,7547,7545.5,7547
2026-07-07 18:16:00,7546.5,7547,7546.5,7547
2026-07-07 18:17:00,7547,7547.75,7546.5,7546.5
2026-07-07 18:18:00,7546.5,7546.5,7546.25,7546.5
2026-07-07 18:19:00,7546.5,7547,7546,7547
2026-07-07 18:20:00,7547,7547.25,7546,7546.25
2026-07-07 18:21:00,7546.25,7546.75,7546.25,7546.25
2026-07-07 18:22:00,7546,7547.25,7546,7547.25
2026-07-07 18:23:00,7547.25,7547.25,7546.75,7547
2026-07-07 18:24:00,7546.75,7547,7546,7547
2026-07-07 18:25:00,7546.75,7546.75,7545.25,7545.5
2026-07-07 18:26:00,7545.5,7545.75,7544.75,7544.75
2026-07-07 18:27:00,7545,7545.75,7544.5,7545.75
2026-07-07 18:28:00,7545.75,7546.25,7545.5,7545.5
2026-07-07 18:29:00,7545.75,7546.75,7545.75,7546.75
2026-07-07 18:30:00,7546.5,7546.5,7545,7545.5
2026-07-07 18:31:00,7545.75,7545.75,7545,7545.5
2026-07-07 18:32:00,7545.75,7546.25,7545.25,7546
2026-07-07 18:33:00,7546,7546.5,7546,7546.5
2026-07-07 18:34:00,7546.25,7548,7545.5,7547.75
2026-07-07 18:35:00,7547.75,7548.5,7547.5,7548
2026-07-07 18:36:00,7548,7548.25,7547.25,7547.25
2026-07-07 18:37:00,7547,7547.25,7546.75,7547
2026-07-07 18:38:00,7547,7547.5,7547,7547.25
2026-07-07 18:39:00,7547.5,7547.5,7546.5,7547
2026-07-07 18:40:00,7547.25,7547.5,7546.75,7547.25
2026-07-07 18:41:00,7547.25,7547.25,7545,7545.5
2026-07-07 18:42:00,7545.5,7546.75,7545,7546.5
2026-07-07 18:43:00,7546.25,7546.25,7545.25,7545.75
2026-07-07 18:44:00,7545.5,7546.25,7545.5,7545.5
2026-07-07 18:45:00,7545.5,7546,7544.25,7545.25
2026-07-07 18:46:00,7545.25,7545.75,7545,7545.75
2026-07-07 18:47:00,7545.5,7546.25,7544.75,7545.75
2026-07-07 18:48:00,7545.75,7547.5,7545.25,7547.5
2026-07-07 18:49:00,7547.5,7547.75,7547,7547.25
2026-07-07 18:50:00,7547.25,7547.25,7546.75,7546.75
2026-07-07 18:51:00,7546.75,7547.5,7546.75,7547
2026-07-07 18:52:00,7547.25,7547.25,7545.25,7545.25
2026-07-07 18:53:00,7545.25,7547.5,7545.25,7547.25
2026-07-07 18:54:00,7547.25,7547.25,7546.5,7546.75
2026-07-07 18:55:00,7546.75,7548,7546.25,7547.75
2026-07-07 18:56:00,7547.5,7549,7547.5,7548.25
2026-07-07 18:57:00,7548.5,7548.5,7547,7547
2026-07-07 18:58:00,7547,7547.75,7547,7547.75
2026-07-07 18:59:00,7547.75,7549,7547.5,7547.5
2026-07-07 19:00:00,7547.25,7548,7546.75,7547.5
2026-07-07 19:01:00,7547.5,7548.75,7547.5,7548.75
2026-07-07 19:02:00,7549,7549,7547.75,7547.75
2026-07-07 19:03:00,7547.75,7547.75,7545,7546
2026-07-07 19:04:00,7546,7546.25,7545.25,7546.25
2026-07-07 19:05:00,7546.5,7548.25,7546.25,7548
2026-07-07 19:06:00,7548,7549.25,7547.75,7548
2026-07-07 19:07:00,7548,7548.25,7547.5,7547.5
2026-07-07 19:08:00,7547.25,7548.5,7547,7548.5
2026-07-07 19:09:00,7548.25,7548.25,7546.5,7546.75
2026-07-07 19:10:00,7547,7547.5,7546.25,7546.25
2026-07-07 19:11:00,7546.25,7546.25,7544.5,7545.75
2026-07-07 19:12:00,7545.75,7546,7545.5,7545.75
2026-07-07 19:13:00,7545.75,7546.75,7545.5,7546.5
2026-07-07 19:14:00,7546.5,7547.75,7546.25,7547.25
2026-07-07 19:15:00,7547.25,7547.5,7547,7547.25
2026-07-07 19:16:00,7547,7548.5,7547,7547.5
2026-07-07 19:17:00,7547.5,7550.5,7547.5,7550
2026-07-07 19:18:00,7550,7552.25,7550,7551.5
2026-07-07 19:19:00,7551.5,7553.25,7551.5,7552.5
2026-07-07 19:20:00,7552.5,7552.75,7551.25,7551.25
2026-07-07 19:21:00,7551.5,7551.5,7551,7551
2026-07-07 19:22:00,7551,7552,7550.75,7551.5
2026-07-07 19:23:00,7551.5,7551.5,7550.75,7551
2026-07-07 19:24:00,7551,7551.25,7550.25,7550.75
2026-07-07 19:25:00,7550.75,7551.25,7550.25,7550.75
2026-07-07 19:26:00,7550.75,7551,7550.5,7551
2026-07-07 19:27:00,7551,7551.25,7550.5,7551.25
2026-07-07 19:28:00,7551.5,7551.75,7550.75,7551.25
2026-07-07 19:29:00,7551.5,7552,7551.5,7551.75
2026-07-07 19:30:00,7551.75,7552.75,7551,7552.5
2026-07-07 19:31:00,7552.5,7552.75,7551,7551.5
2026-07-07 19:32:00,7551.25,7551.25,7550,7550.5
2026-07-07 19:33:00,7550.25,7550.5,7549.5,7549.75
2026-07-07 19:34:00,7550,7550,7550,7550
2026-07-07 19:35:00,7549.75,7549.75,7548.25,7548.75
2026-07-07 19:36:00,7548.75,7549,7547.75,7548.5
2026-07-07 19:37:00,7548.25,7548.5,7547,7548.25
2026-07-07 19:38:00,7548,7548.25,7545,7545.5
2026-07-07 19:39:00,7545.5,7546.75,7545,7546.75
2026-07-07 19:40:00,7546.5,7546.75,7544,7545.75
2026-07-07 19:41:00,7545.75,7545.75,7545.25,7545.5
2026-07-07 19:42:00,7545.5,7545.75,7545,7545.5
2026-07-07 19:43:00,7545.5,7546.5,7544,7544.25
2026-07-07 19:44:00,7544.25,7545,7543.75,7544.25
2026-07-07 19:45:00,7544.5,7546.5,7544.5,7545
2026-07-07 19:46:00,7544.75,7544.75,7543.25,7543.5
2026-07-07 19:47:00,7543.5,7544.25,7543.25,7544.25
2026-07-07 19:48:00,7544,7544.25,7541.75,7543
2026-07-07 19:49:00,7542.75,7543.25,7541.25,7543.25
2026-07-07 19:50:00,7543.5,7544,7541.5,7541.75
2026-07-07 19:51:00,7542,7542.25,7540.5,7540.5
2026-07-07 19:52:00,7540.75,7542.25,7540.5,7541.75
2026-07-07 19:53:00,7541.25,7541.5,7540.25,7540.5
2026-07-07 19:54:00,7540.5,7541.25,7539.75,7541
2026-07-07 19:55:00,7541.25,7541.75,7540.25,7540.25
2026-07-07 19:56:00,7540.5,7541,7539.75,7539.75
2026-07-07 19:57:00,7540,7540.5,7539.75,7540
2026-07-07 19:58:00,7540,7540.25,7538,7538.5
2026-07-07 19:59:00,7538.5,7539.5,7538,7539
2026-07-07 20:00:00,7538.75,7540.75,7533.75,7534
2026-07-07 20:01:00,7533.5,7536.25,7533.25,7535.25
2026-07-07 20:02:00,7535.5,7535.75,7533.5,7535.75
2026-07-07 20:03:00,7535.25,7538.75,7533.75,7537.5
2026-07-07 20:04:00,7537.75,7540.75,7537.75,7540.75
2026-07-07 20:05:00,7540.75,7544.5,7540.5,7544.25
2026-07-07 20:06:00,7544.25,7546.5,7543.5,7545.5
2026-07-07 20:07:00,7545.25,7545.5,7543.25,7543.75
2026-07-07 20:08:00,7543.75,7546.25,7543,7543.75
2026-07-07 20:09:00,7543.5,7548.25,7543.25,7547.25
2026-07-07 20:10:00,7546.75,7547.25,7544.75,7545.5
2026-07-07 20:11:00,7545.5,7547.25,7545,7547
2026-07-07 20:12:00,7547,7547.75,7545.25,7547.75
2026-07-07 20:13:00,7547.75,7549.5,7547.25,7548.25
2026-07-07 20:14:00,7548.25,7549.25,7547,7547.75
2026-07-07 20:15:00,7547.5,7552.25,7547.5,7549.75
2026-07-07 20:16:00,7549.75,7550.75,7548.5,7549.5
2026-07-07 20:17:00,7549.5,7549.75,7545.5,7546
2026-07-07 20:18:00,7546,7547.75,7545.25,7546.5
2026-07-07 20:19:00,7546.5,7549,7546,7548.75
2026-07-07 20:20:00,7548.75,7548.75,7546.75,7547.5
2026-07-07 20:21:00,7547.25,7549.75,7546.75,7549.25
2026-07-07 20:22:00,7549.25,7552.5,7549,7550
2026-07-07 20:23:00,7550.25,7552.75,7550.25,7552.5
2026-07-07 20:24:00,7552.75,7555.5,7552.75,7555
2026-07-07 20:25:00,7555,7555.5,7554,7554
2026-07-07 20:26:00,7554,7555.75,7553.5,7555.5
2026-07-07 20:27:00,7555.75,7556,7554.5,7555
2026-07-07 20:28:00,7555,7555.25,7553.75,7553.75
2026-07-07 20:29:00,7553.75,7554.5,7549,7552.5
2026-07-07 20:30:00,7552.25,7552.5,7550.5,7550.75
2026-07-07 20:31:00,7550.75,7553.25,7550.25,7552.75
2026-07-07 20:32:00,7552.75,7552.75,7551.25,7551.75
2026-07-07 20:33:00,7551.75,7552.5,7549.5,7549.5
2026-07-07 20:34:00,7549.75,7550.25,7548.5,7549.75
2026-07-07 20:35:00,7549.75,7550.5,7548,7548.75
2026-07-07 20:36:00,7549,7552,7548.75,7551.5
2026-07-07 20:37:00,7551.25,7552.25,7551.25,7552
2026-07-07 20:38:00,7552,7553.5,7551.5,7553.5
2026-07-07 20:39:00,7553.75,7556.25,7553.25,7555.75
2026-07-07 20:40:00,7555.75,7556.5,7555.25,7556.25
2026-07-07 20:41:00,7556,7556.5,7555.25,7556.25
2026-07-07 20:42:00,7556.25,7558,7556.25,7557.75
2026-07-07 20:43:00,7557.75,7558.5,7557.5,7557.75
2026-07-07 20:44:00,7557.75,7559.75,7557.5,7559
2026-07-07 20:45:00,7559.25,7561.25,7558.75,7560
2026-07-07 20:46:00,7560,7560.25,7559,7559.75
2026-07-07 20:47:00,7559.75,7560.25,7558.5,7559.75
2026-07-07 20:48:00,7559.75,7560.25,7557.75,7558
2026-07-07 20:49:00,7557.75,7558.75,7557.25,7558.5
2026-07-07 20:50:00,7558.5,7559.75,7558.25,7559.5
2026-07-07 20:51:00,7559.75,7560,7558.75,7558.75
2026-07-07 20:52:00,7559,7559.5,7558.25,7559.25
2026-07-07 20:53:00,7559.5,7559.75,7559,7559.75
2026-07-07 20:54:00,7559.75,7560,7558.5,7559
2026-07-07 20:55:00,7558.75,7560,7558.75,7559.25
2026-07-07 20:56:00,7559,7559.75,7558.75,7559.5
2026-07-07 20:57:00,7559.75,7560,7559,7559.75
2026-07-07 20:58:00,7559.75,7561.75,7559.5,7560.25
2026-07-07 20:59:00,7560.25,7562,7560.25,7561.75
2026-07-07 21:00:00,7561.75,7562.5,7560.25,7561.5
2026-07-07 21:01:00,7561.75,7562.5,7561.25,7561.25
2026-07-07 21:02:00,7561.5,7561.75,7560.5,7561.5
2026-07-07 21:03:00,7561.25,7561.75,7560.5,7560.75
2026-07-07 21:04:00,7560.75,7562,7560.25,7560.25
2026-07-07 21:05:00,7560.25,7560.5,7557.75,7557.75
2026-07-07 21:06:00,7558,7558.75,7557.75,7558
2026-07-07 21:07:00,7558,7558.25,7556.5,7557.25
2026-07-07 21:08:00,7557.25,7558.75,7557,7558.5
2026-07-07 21:09:00,7558.75,7558.75,7557.25,7557.75
2026-07-07 21:10:00,7558,7560.5,7558,7559.75
2026-07-07 21:11:00,7559.75,7560.5,7559.75,7560.25
2026-07-07 21:12:00,7560.25,7562.25,7560.25,7561.75
2026-07-07 21:13:00,7561.5,7563,7561.5,7562.75
2026-07-07 21:14:00,7562.75,7562.75,7562,7562.5
2026-07-07 21:15:00,7562.5,7562.75,7560.75,7561.25
2026-07-07 21:16:00,7561.5,7562.25,7561.25,7562
2026-07-07 21:17:00,7561.75,7562,7560.75,7561
2026-07-07 21:18:00,7560.75,7560.75,7559.75,7560
2026-07-07 21:19:00,7560.25,7561,7559.75,7560.75
2026-07-07 21:20:00,7560.75,7560.75,7558.75,7559
2026-07-07 21:21:00,7559,7559.5,7558.25,7558.75
2026-07-07 21:22:00,7558.5,7559,7558.25,7559
2026-07-07 21:23:00,7559,7560,7558.5,7558.5
2026-07-07 21:24:00,7558.5,7558.75,7557,7557.75
2026-07-07 21:25:00,7558,7558.25,7557.5,7557.75
2026-07-07 21:26:00,7557.75,7559,7557.75,7559
2026-07-07 21:27:00,7558.75,7559.25,7556.5,7556.75
2026-07-07 21:28:00,7556.5,7556.75,7555.5,7556.25
2026-07-07 21:29:00,7556.25,7556.75,7556,7556.5
2026-07-07 21:30:00,7556.75,7557.5,7555.75,7555.75
2026-07-07 21:31:00,7555.75,7557,7555.5,7556.75
2026-07-07 21:32:00,7556.75,7558,7555.75,7556.5
2026-07-07 21:33:00,7556.25,7556.25,7554.5,7554.5
2026-07-07 21:34:00,7554.5,7555.5,7554.25,7555.25
2026-07-07 21:35:00,7555.25,7555.75,7554.75,7555
2026-07-07 21:36:00,7555,7555.5,7553,7553.5
2026-07-07 21:37:00,7553.5,7553.75,7553,7553.75
2026-07-07 21:38:00,7553.5,7553.75,7550.5,7551.25
2026-07-07 21:39:00,7551,7553.75,7550.75,7553.75
2026-07-07 21:40:00,7553.5,7555.25,7553.5,7554.75
2026-07-07 21:41:00,7554.75,7555,7552,7552.25
2026-07-07 21:42:00,7552.5,7554.75,7552.5,7553.5
2026-07-07 21:43:00,7553.5,7554.75,7553.25,7553.5
2026-07-07 21:44:00,7553.5,7555,7553.5,7554.25
2026-07-07 21:45:00,7554,7556.25,7554,7556.25
2026-07-07 21:46:00,7556,7557.5,7555.5,7555.75
2026-07-07 21:47:00,7555.75,7557.25,7555.5,7557.25
2026-07-07 21:48:00,7557.25,7558.25,7556,7556.25
2026-07-07 21:49:00,7556.25,7557,7555.5,7556.75
2026-07-07 21:50:00,7557,7557.75,7556.5,7557
2026-07-07 21:51:00,7557.25,7557.25,7554.5,7554.75
2026-07-07 21:52:00,7554.75,7555.5,7554.5,7555.5
2026-07-07 21:53:00,7555.25,7555.5,7554.25,7554.5
2026-07-07 21:54:00,7554.5,7554.5,7552.5,7552.75
2026-07-07 21:55:00,7552.75,7553.5,7551.75,7553
2026-07-07 21:56:00,7553.25,7553.75,7552,7552.5
2026-07-07 21:57:00,7552.5,7554,7552,7553.25
2026-07-07 21:58:00,7553.25,7554.5,7553.25,7554
2026-07-07 21:59:00,7553.75,7554,7553,7553
2026-07-07 22:00:00,7553.25,7553.75,7550,7550.5
2026-07-07 22:01:00,7550.25,7550.75,7549.5,7550.75
2026-07-07 22:02:00,7550.75,7551,7549,7549
2026-07-07 22:03:00,7549.25,7550.5,7548.75,7549.75
2026-07-07 22:04:00,7549.75,7550.25,7549.25,7550
2026-07-07 22:05:00,7550,7550,7548.75,7549
2026-07-07 22:06:00,7549,7549.75,7547.75,7548.25
2026-07-07 22:07:00,7548.25,7549.75,7548.25,7549.75
2026-07-07 22:08:00,7549.75,7550.75,7548,7548.5
2026-07-07 22:09:00,7548.5,7549.75,7547.5,7549.75
2026-07-07 22:10:00,7550,7550.75,7549,7550
2026-07-07 22:11:00,7550.25,7550.75,7549.25,7549.5
2026-07-07 22:12:00,7549.5,7549.5,7547.25,7548.75
2026-07-07 22:13:00,7548.75,7550.25,7548.25,7549.5
2026-07-07 22:14:00,7549.5,7549.5,7548,7548
2026-07-07 22:15:00,7548,7549,7547.75,7549
2026-07-07 22:16:00,7549,7549.5,7546.5,7546.75
2026-07-07 22:17:00,7547,7548.25,7547,7548.25
2026-07-07 22:18:00,7548,7549.5,7548,7549
2026-07-07 22:19:00,7548.5,7550.25,7548.5,7549.75
2026-07-07 22:20:00,7549.75,7550.5,7548.75,7548.75
2026-07-07 22:21:00,7548.75,7550.25,7547.5,7550
2026-07-07 22:22:00,7550,7551,7548.75,7549.25
2026-07-07 22:23:00,7549.25,7550.75,7549.25,7550.5
2026-07-07 22:24:00,7550.5,7551,7550.25,7550.75
2026-07-07 22:25:00,7550.75,7551.75,7550.5,7551.5
2026-07-07 22:26:00,7551.5,7553.25,7551.25,7553
2026-07-07 22:27:00,7552.5,7552.75,7549.5,7551
2026-07-07 22:28:00,7551,7551.25,7549.75,7550
2026-07-07 22:29:00,7550.25,7550.25,7548.5,7548.75
2026-07-07 22:30:00,7548.75,7549.5,7548.25,7548.75
2026-07-07 22:31:00,7548.5,7549,7547.25,7548
2026-07-07 22:32:00,7548,7548,7546.5,7546.75
2026-07-07 22:33:00,7547,7547.5,7546.25,7547.25
2026-07-07 22:34:00,7547.25,7548.5,7547,7548
2026-07-07 22:35:00,7548,7548.5,7547.5,7547.5
2026-07-07 22:36:00,7547.5,7547.75,7546.75,7547.25
2026-07-07 22:37:00,7547.25,7547.75,7546.75,7547.75
2026-07-07 22:38:00,7547.75,7548.5,7547.25,7547.75
2026-07-07 22:39:00,7547.75,7548.75,7547.75,7548.5
2026-07-07 22:40:00,7548.75,7549.25,7548.5,7549
2026-07-07 22:41:00,7548.75,7550,7548.75,7549
2026-07-07 22:42:00,7549.25,7550,7548.25,7550
2026-07-07 22:43:00,7550,7550.5,7549.75,7550
2026-07-07 22:44:00,7550.25,7552.25,7550.25,7552.25
2026-07-07 22:45:00,7552.5,7554,7552.5,7553.75
2026-07-07 22:46:00,7553.75,7554,7552.75,7553.25
2026-07-07 22:47:00,7553.5,7554.25,7553.25,7554.25
2026-07-07 22:48:00,7554.25,7555,7553.25,7553.25
2026-07-07 22:49:00,7553.5,7554,7553.25,7553.75
2026-07-07 22:50:00,7553.75,7554.25,7552.5,7552.5
2026-07-07 22:51:00,7552.5,7553.25,7552.25,7552.75
2026-07-07 22:52:00,7552.75,7552.75,7551.5,7551.75
2026-07-07 22:53:00,7551.75,7553.25,7551.5,7553.25
2026-07-07 22:54:00,7553.25,7553.5,7552.75,7553.5
2026-07-07 22:55:00,7553.75,7554.25,7553.25,7553.25
2026-07-07 22:56:00,7553.5,7553.5,7552.5,7553.5
2026-07-07 22:57:00,7553.25,7553.75,7553,7553.75
2026-07-07 22:58:00,7553.75,7554,7552.75,7553
2026-07-07 22:59:00,7553.25,7553.25,7551.5,7553
2026-07-07 23:00:00,7553.25,7554.75,7553.25,7553.5
2026-07-07 23:01:00,7553.5,7555.75,7553.5,7555.5
2026-07-07 23:02:00,7555.25,7555.75,7555,7555.25
2026-07-07 23:03:00,7555.5,7555.5,7554.75,7555.25
2026-07-07 23:04:00,7555.5,7555.75,7555,7555.5
2026-07-07 23:05:00,7555.5,7556.25,7555,7555.5
2026-07-07 23:06:00,7555.5,7555.75,7554,7554.25
2026-07-07 23:07:00,7554.5,7555,7554,7555
2026-07-07 23:08:00,7555,7555.5,7554.5,7554.75
2026-07-07 23:09:00,7554.75,7555.75,7554.75,7555.5
2026-07-07 23:10:00,7555.75,7556.5,7555.25,7556.5
2026-07-07 23:11:00,7556.25,7556.75,7556,7556.75
2026-07-07 23:12:00,7556.75,7557.75,7556.75,7557.25
2026-07-07 23:13:00,7557.25,7557.5,7556,7556.5
2026-07-07 23:14:00,7556.75,7557,7556.25,7556.75
2026-07-07 23:15:00,7556.5,7557.25,7556,7557.25
2026-07-07 23:16:00,7557.25,7557.5,7556.5,7556.75
2026-07-07 23:17:00,7556.75,7556.75,7555.25,7555.75
2026-07-07 23:18:00,7555.5,7556,7555.25,7555.75
2026-07-07 23:19:00,7556,7556.5,7555,7555.25
2026-07-07 23:20:00,7555.25,7556.75,7555,7556.5
2026-07-07 23:21:00,7556.25,7556.75,7556,7556.75
2026-07-07 23:22:00,7556.75,7557.25,7556.75,7557.25
2026-07-07 23:23:00,7557.25,7558.25,7557.25,7557.5
2026-07-07 23:24:00,7557.25,7557.75,7557.25,7557.75
2026-07-07 23:25:00,7557.75,7558.5,7557.75,7558.25
2026-07-07 23:26:00,7558.5,7559.5,7558.25,7559.25
2026-07-07 23:27:00,7559.5,7559.5,7558.75,7559.25
2026-07-07 23:28:00,7559.5,7560.25,7559.25,7559.75
2026-07-07 23:29:00,7559.5,7560,7559.5,7559.75
2026-07-07 23:30:00,7559.75,7561.25,7559.5,7560.75
2026-07-07 23:31:00,7561,7561.5,7560.5,7561.25
2026-07-07 23:32:00,7561.25,7561.25,7559.25,7559.75
2026-07-07 23:33:00,7559.75,7559.75,7558.75,7559
2026-07-07 23:34:00,7559.25,7559.25,7558,7558.75
2026-07-07 23:35:00,7558.75,7559,7558,7558.75
2026-07-07 23:36:00,7559,7559.25,7558.75,7558.75
2026-07-07 23:37:00,7559,7559,7558.25,7559
2026-07-07 23:38:00,7558.75,7558.75,7558.25,7558.25
2026-07-07 23:39:00,7558,7558.5,7557.5,7558.25
2026-07-07 23:40:00,7558.5,7558.5,7556.5,7556.75
2026-07-07 23:41:00,7556.75,7557.5,7556.5,7556.5
2026-07-07 23:42:00,7556.5,7556.75,7556.25,7556.75
2026-07-07 23:43:00,7556.75,7557.25,7555.25,7555.25
2026-07-07 23:44:00,7555.5,7556.25,7555.25,7555.5
2026-07-07 23:45:00,7555.75,7556.25,7554.75,7555.25
2026-07-07 23:46:00,7555.25,7555.25,7554.25,7555
2026-07-07 23:47:00,7555,7556,7554.75,7554.75
2026-07-07 23:48:00,7554.75,7555,7554.5,7554.5
2026-07-07 23:49:00,7554.75,7556.25,7554.75,7555.75
2026-07-07 23:50:00,7556,7556.75,7555,7555.25
2026-07-07 23:51:00,7555.25,7555.25,7554.75,7555
2026-07-07 23:52:00,7554.75,7555.25,7554.25,7554.75
2026-07-07 23:53:00,7555,7555.5,7554.5,7555
2026-07-07 23:54:00,7555.25,7555.75,7555,7555
2026-07-07 23:55:00,7554.75,7555,7554.5,7555
2026-07-07 23:56:00,7555,7555,7554,7554.75
2026-07-07 23:57:00,7554.5,7555.25,7554.5,7555.25
2026-07-07 23:58:00,7555,7555.25,7554.5,7554.75
2026-07-07 23:59:00,7554.75,7555.25,7554.25,7554.5
2026-07-08 00:00:00,7554.5,7555,7552.5,7552.5
2026-07-08 00:01:00,7552.5,7553.5,7552.25,7553.25
2026-07-08 00:02:00,7553.5,7554,7553.25,7553.25
2026-07-08 00:03:00,7553,7553.25,7552.75,7553
2026-07-08 00:04:00,7553,7553.5,7552.75,7553.25
2026-07-08 00:05:00,7553.25,7553.5,7552.75,7552.75
2026-07-08 00:06:00,7552.75,7553.25,7552.75,7553
2026-07-08 00:07:00,7553,7553.5,7552.25,7552.75
2026-07-08 00:08:00,7552.5,7554,7552.25,7553.75
2026-07-08 00:09:00,7553.75,7554.75,7553.5,7554.25
2026-07-08 00:10:00,7554,7554.25,7553.5,7553.5
2026-07-08 00:11:00,7553.25,7553.5,7552.75,7553
2026-07-08 00:12:00,7553.25,7553.25,7552.5,7552.75
2026-07-08 00:13:00,7552.5,7552.5,7550.75,7551.5
2026-07-08 00:14:00,7551.25,7552.25,7551.25,7552.25
2026-07-08 00:15:00,7552.25,7552.75,7552,7552.25
2026-07-08 00:16:00,7552,7552,7551.25,7551.5
2026-07-08 00:17:00,7551.5,7552.75,7551.25,7551.75
2026-07-08 00:18:00,7551.75,7552.75,7551.5,7552.5
2026-07-08 00:19:00,7552.5,7552.75,7551.75,7551.75
2026-07-08 00:20:00,7551.5,7552.5,7551,7552.25
2026-07-08 00:21:00,7552.25,7553.25,7552,7553.25
2026-07-08 00:22:00,7553.75,7554.5,7553.5,7554.25
2026-07-08 00:23:00,7554.25,7555.5,7554.25,7555.25
2026-07-08 00:24:00,7555.25,7556.25,7555.25,7555.5
2026-07-08 00:25:00,7555.5,7555.75,7554.25,7554.75
2026-07-08 00:26:00,7554.75,7555.25,7554.5,7555
2026-07-08 00:27:00,7554.75,7554.75,7553.5,7554.25
2026-07-08 00:28:00,7554.25,7554.75,7554,7554.25
2026-07-08 00:29:00,7554,7554.25,7553.75,7553.75
2026-07-08 00:30:00,7554,7554.25,7553.75,7553.75
2026-07-08 00:31:00,7553.75,7553.75,7552.5,7553
2026-07-08 00:32:00,7553.25,7553.75,7552.25,7552.25
2026-07-08 00:33:00,7552.25,7552.25,7551.25,7551.5
2026-07-08 00:34:00,7551.5,7552.25,7549.75,7551
2026-07-08 00:35:00,7551.25,7552,7550.75,7551.5
2026-07-08 00:36:00,7551.25,7551.25,7550,7550.5
2026-07-08 00:37:00,7550.25,7551.25,7549.75,7551
2026-07-08 00:38:00,7550.75,7551.5,7549.25,7549.25
2026-07-08 00:39:00,7549,7550.75,7548.75,7550.25
2026-07-08 00:40:00,7550.25,7552,7550,7551.25
2026-07-08 00:41:00,7551,7551.5,7550.5,7551
2026-07-08 00:42:00,7551,7552.5,7551,7551
2026-07-08 00:43:00,7550.75,7550.75,7549.75,7550.5
2026-07-08 00:44:00,7550.75,7551.5,7550.75,7551.25
2026-07-08 00:45:00,7551.25,7551.25,7550,7550.5
2026-07-08 00:46:00,7550.75,7551.25,7550.5,7550.75
2026-07-08 00:47:00,7551,7551.25,7550.5,7551
2026-07-08 00:48:00,7551,7552.5,7550.75,7552.5
2026-07-08 00:49:00,7552.75,7553,7550.25,7550.5
2026-07-08 00:50:00,7550.25,7550.5,7549.5,7549.75
2026-07-08 00:51:00,7549.75,7550.75,7549.75,7550.25
2026-07-08 00:52:00,7550.25,7550.75,7549.75,7550
2026-07-08 00:53:00,7549.75,7550,7549.25,7549.75
2026-07-08 00:54:00,7549.5,7549.5,7548.25,7548.5
2026-07-08 00:55:00,7548.25,7548.25,7547,7547.75
2026-07-08 00:56:00,7548,7550,7547.75,7550
2026-07-08 00:57:00,7550,7550.5,7549.25,7549.75
2026-07-08 00:58:00,7549.75,7551.25,7549.5,7551.25
2026-07-08 00:59:00,7551,7551.5,7550.5,7551.25
2026-07-08 01:00:00,7551.5,7553,7551,7553
2026-07-08 01:01:00,7553.25,7553.75,7551,7552
2026-07-08 01:02:00,7552.25,7552.25,7550.25,7550.25
2026-07-08 01:03:00,7550.75,7551.25,7549.75,7551
2026-07-08 01:04:00,7551.25,7552,7550.75,7551
2026-07-08 01:05:00,7551.25,7551.75,7551,7551.5
2026-07-08 01:06:00,7551.5,7554.75,7551.5,7554.75
2026-07-08 01:07:00,7554.5,7554.75,7553.75,7553.75
2026-07-08 01:08:00,7553.75,7553.75,7553,7553.25
2026-07-08 01:09:00,7553.5,7553.75,7552.75,7553
2026-07-08 01:10:00,7552.75,7552.75,7550.5,7552
2026-07-08 01:11:00,7551.75,7552.5,7551.75,7552
2026-07-08 01:12:00,7552.25,7552.5,7551.5,7551.75
2026-07-08 01:13:00,7552,7552.75,7550.75,7551.5
2026-07-08 01:14:00,7551.5,7552.75,7550.5,7550.5
2026-07-08 01:15:00,7550.75,7552.75,7550.5,7552.75
2026-07-08 01:16:00,7553,7553.25,7551.25,7551.5
2026-07-08 01:17:00,7551.25,7551.5,7549.75,7549.75
2026-07-08 01:18:00,7549.5,7550.75,7548.75,7550.75
2026-07-08 01:19:00,7550.75,7551.75,7550.5,7551
2026-07-08 01:20:00,7551,7551.75,7550,7550
2026-07-08 01:21:00,7550,7550.25,7549.25,7550
2026-07-08 01:22:00,7550,7550,7548.5,7549.25
2026-07-08 01:23:00,7548.75,7549.5,7548.25,7548.25
2026-07-08 01:24:00,7548.5,7548.5,7547.75,7548
2026-07-08 01:25:00,7548,7549.25,7547,7548.25
2026-07-08 01:26:00,7548.5,7550.25,7548.5,7549.25
2026-07-08 01:27:00,7549.25,7549.25,7548.25,7548.5
2026-07-08 01:28:00,7548.5,7548.75,7548,7548.25
2026-07-08 01:29:00,7548.5,7548.5,7547.5,7548
2026-07-08 01:30:00,7548.25,7548.25,7546.25,7546.5
2026-07-08 01:31:00,7546.5,7546.5,7545.5,7546.25
2026-07-08 01:32:00,7546.5,7546.75,7544,7544.25
2026-07-08 01:33:00,7544.25,7544.25,7542.75,7544.25
2026-07-08 01:34:00,7544,7546.25,7543.75,7545.5
2026-07-08 01:35:00,7545.25,7546.5,7544,7545.25
2026-07-08 01:36:00,7545.25,7545.5,7544.5,7545.25
2026-07-08 01:37:00,7545,7545.25,7544.25,7544.25
2026-07-08 01:38:00,7544.25,7545,7544,7545
2026-07-08 01:39:00,7545,7545.25,7544.25,7544.5
2026-07-08 01:40:00,7544.5,7544.5,7543.5,7544.25
2026-07-08 01:41:00,7544,7544.75,7543.75,7544.75
2026-07-08 01:42:00,7544.75,7547.25,7544.75,7547.25
2026-07-08 01:43:00,7547.25,7547.5,7544.75,7545.25
2026-07-08 01:44:00,7545.25,7545.5,7543.75,7544.25
2026-07-08 01:45:00,7544.25,7544.5,7543.5,7544.25
2026-07-08 01:46:00,7544.25,7544.5,7542,7542.5
2026-07-08 01:47:00,7542.5,7542.5,7541,7541
2026-07-08 01:48:00,7541,7541,7540.25,7540.75
2026-07-08 01:49:00,7540.75,7541,7538.75,7539.25
2026-07-08 01:50:00,7539,7540.5,7538.75,7540.25
2026-07-08 01:51:00,7540.5,7540.75,7539.5,7539.5
2026-07-08 01:52:00,7539.5,7540.75,7539,7540.75
2026-07-08 01:53:00,7540.75,7541,7539.25,7539.5
2026-07-08 01:54:00,7539.5,7542.25,7539.5,7542
2026-07-08 01:55:00,7542.25,7544.5,7542,7543.75
2026-07-08 01:56:00,7543.5,7544.75,7543,7544.75
2026-07-08 01:57:00,7544.5,7545.5,7544.5,7544.75
2026-07-08 01:58:00,7544.5,7544.5,7543.5,7543.5
2026-07-08 01:59:00,7543.5,7543.5,7543,7543.5
2026-07-08 02:00:00,7543.75,7544.25,7541.25,7542
2026-07-08 02:01:00,7541.75,7542.75,7541.5,7542.5
2026-07-08 02:02:00,7542.5,7542.75,7541.5,7542.5
2026-07-08 02:03:00,7542.5,7542.75,7542,7542.5
2026-07-08 02:04:00,7542.5,7544.25,7542,7543.25
2026-07-08 02:05:00,7543.5,7544.25,7542.25,7542.5
2026-07-08 02:06:00,7542.25,7542.5,7541.75,7542.25
2026-07-08 02:07:00,7542.25,7543.75,7541.75,7543
2026-07-08 02:08:00,7543,7543.75,7543,7543.75
2026-07-08 02:09:00,7543.5,7543.5,7543,7543.25
2026-07-08 02:10:00,7543.5,7543.75,7542,7542.25
2026-07-08 02:11:00,7542,7542.5,7541.5,7541.5
2026-07-08 02:12:00,7541.75,7541.75,7540.75,7541.25
2026-07-08 02:13:00,7541,7541.25,7539.75,7540.25
2026-07-08 02:14:00,7540.25,7541.75,7540.25,7541.5
2026-07-08 02:15:00,7541.5,7542.25,7541,7541.75
2026-07-08 02:16:00,7541.75,7542,7541,7541.75
2026-07-08 02:17:00,7541.75,7543.25,7541.5,7543
2026-07-08 02:18:00,7543.25,7543.5,7542.25,7542.5
2026-07-08 02:19:00,7542.5,7542.75,7540.75,7541.5
2026-07-08 02:20:00,7541.5,7541.5,7540.75,7541
2026-07-08 02:21:00,7541,7541.75,7539,7540.75
2026-07-08 02:22:00,7541,7541.25,7540.5,7541.25
2026-07-08 02:23:00,7541,7542.25,7539.75,7542.25
2026-07-08 02:24:00,7542,7544.25,7542,7544.25
2026-07-08 02:25:00,7544.25,7545,7542.25,7542.25
2026-07-08 02:26:00,7542.25,7542.75,7541.25,7541.25
2026-07-08 02:27:00,7541.25,7542.5,7540.5,7542.25
2026-07-08 02:28:00,7542.5,7542.75,7541,7541.25
2026-07-08 02:29:00,7541,7541,7540,7540
2026-07-08 02:30:00,7540,7541.25,7538.25,7538.5
2026-07-08 02:31:00,7538.5,7538.5,7536.5,7538.25
2026-07-08 02:32:00,7538.25,7538.5,7537.5,7537.75
2026-07-08 02:33:00,7537.75,7537.75,7536.25,7536.5
2026-07-08 02:34:00,7536.75,7536.75,7535.75,7536.75
2026-07-08 02:35:00,7536.75,7537,7535.5,7537
2026-07-08 02:36:00,7536.75,7537,7536.25,7536.75
2026-07-08 02:37:00,7536.5,7537,7535.75,7536.75
2026-07-08 02:38:00,7536.75,7537,7535.5,7536
2026-07-08 02:39:00,7535.75,7536.25,7535.25,7535.5
2026-07-08 02:40:00,7535.75,7537,7535,7536.5
2026-07-08 02:41:00,7536.5,7537.5,7535.25,7535.75
2026-07-08 02:42:00,7535.75,7536.75,7535.25,7535.75
2026-07-08 02:43:00,7535.75,7535.75,7534.5,7534.75
2026-07-08 02:44:00,7534.75,7535,7533.75,7534
2026-07-08 02:45:00,7534,7534.5,7533.25,7533.75
2026-07-08 02:46:00,7533.5,7534,7532.75,7533.25
2026-07-08 02:47:00,7533.5,7536.5,7533,7536.5
2026-07-08 02:48:00,7536.25,7538,7536.25,7537.5
2026-07-08 02:49:00,7537.75,7537.75,7536.25,7537.25
2026-07-08 02:50:00,7537.5,7540.5,7537.5,7540.25
2026-07-08 02:51:00,7540.25,7541,7539.75,7541
2026-07-08 02:52:00,7540.75,7541.5,7540.5,7541
2026-07-08 02:53:00,7541,7541.5,7540.25,7540.75
2026-07-08 02:54:00,7541,7541,7540,7540.25
2026-07-08 02:55:00,7540.25,7540.25,7539.25,7539.75
2026-07-08 02:56:00,7539.75,7540,7538.75,7539.75
2026-07-08 02:57:00,7539.75,7540,7538,7538.25
2026-07-08 02:58:00,7538.25,7538.75,7537.5,7537.75
2026-07-08 02:59:00,7537.75,7539.25,7537.5,7539.25
2026-07-08 03:00:00,7539.25,7540.25,7536,7536
2026-07-08 03:01:00,7535.75,7535.75,7534.75,7535.5
2026-07-08 03:02:00,7536,7536,7533.25,7534
2026-07-08 03:03:00,7534.25,7535.5,7533.75,7534.25
2026-07-08 03:04:00,7534.25,7535.5,7533.75,7534.75
2026-07-08 03:05:00,7535,7535.5,7532.5,7532.5
2026-07-08 03:06:00,7532.5,7534.25,7532.25,7532.75
2026-07-08 03:07:00,7532.5,7533,7532,7532.75
2026-07-08 03:08:00,7532.75,7533.75,7532.5,7532.5
2026-07-08 03:09:00,7532.75,7534.25,7532.25,7534.25
2026-07-08 03:10:00,7534.5,7535.5,7533.75,7535
2026-07-08 03:11:00,7535,7537.25,7535,7537
2026-07-08 03:12:00,7536.75,7536.75,7535.25,7536.5
2026-07-08 03:13:00,7536.75,7536.75,7535.25,7536
2026-07-08 03:14:00,7536.25,7537.5,7535.5,7535.5
2026-07-08 03:15:00,7535.5,7536.25,7534,7536
2026-07-08 03:16:00,7536,7537.5,7535.25,7535.5
2026-07-08 03:17:00,7535.5,7535.5,7533.5,7533.5
2026-07-08 03:18:00,7533.25,7534.75,7532.5,7534.5
2026-07-08 03:19:00,7535,7535,7533.75,7534.75
2026-07-08 03:20:00,7535,7535.75,7533.5,7535.5
2026-07-08 03:21:00,7535.5,7536.5,7534.75,7535.5
2026-07-08 03:22:00,7535.75,7536.75,7534,7535.75
2026-07-08 03:23:00,7536,7538,7535.25,7538
2026-07-08 03:24:00,7538,7539.75,7537.75,7539.5
2026-07-08 03:25:00,7539.5,7540.75,7539,7539.75
2026-07-08 03:26:00,7539.75,7541.75,7539.5,7541.25
2026-07-08 03:27:00,7541,7541,7539,7539
2026-07-08 03:28:00,7539.25,7541,7539.25,7540.75
2026-07-08 03:29:00,7540.75,7541.75,7540.25,7541.5
2026-07-08 03:30:00,7541.5,7545.25,7541,7545.25
2026-07-08 03:31:00,7545.25,7545.75,7544.25,7545.5
2026-07-08 03:32:00,7545.5,7545.5,7544.75,7545.5
2026-07-08 03:33:00,7545.25,7545.25,7543.5,7544.25
2026-07-08 03:34:00,7544.75,7546.75,7544.75,7546.5
2026-07-08 03:35:00,7546.5,7548,7545.5,7546
2026-07-08 03:36:00,7546,7546,7544.25,7544.5
2026-07-08 03:37:00,7544.25,7544.5,7542.75,7543
2026-07-08 03:38:00,7543,7543.25,7540,7541
2026-07-08 03:39:00,7540.75,7541.25,7540,7540.25
2026-07-08 03:40:00,7540.5,7542.25,7540.25,7542.25
2026-07-08 03:41:00,7542.25,7542.5,7541,7542.5
2026-07-08 03:42:00,7542,7542.5,7541.75,7541.75
2026-07-08 03:43:00,7542,7542.75,7541.5,7542.5
2026-07-08 03:44:00,7542.25,7544.75,7542.25,7544.75
2026-07-08 03:45:00,7545,7545.5,7543.75,7544.5
2026-07-08 03:46:00,7544.75,7545.5,7543.75,7544.5
2026-07-08 03:47:00,7544.5,7545,7544,7544.25
2026-07-08 03:48:00,7544,7544.75,7543.5,7543.75
2026-07-08 03:49:00,7543.75,7544.75,7543,7543.75
2026-07-08 03:50:00,7543.75,7544,7541.5,7541.5
2026-07-08 03:51:00,7541.5,7543,7541.5,7543
2026-07-08 03:52:00,7543,7543,7541.5,7541.5
2026-07-08 03:53:00,7541.5,7541.75,7540.75,7541.75
2026-07-08 03:54:00,7542,7542.75,7542,7542.5
2026-07-08 03:55:00,7542,7542.25,7541.25,7542
2026-07-08 03:56:00,7542,7542,7541.5,7541.75
2026-07-08 03:57:00,7541.5,7542,7541,7541.75
2026-07-08 03:58:00,7541.75,7542.25,7541.25,7541.25
2026-07-08 03:59:00,7541,7542,7540.5,7541.5
2026-07-08 04:00:00,7541.5,7542.5,7540.5,7540.5
2026-07-08 04:01:00,7540.25,7541,7539.5,7540
2026-07-08 04:02:00,7540,7540.5,7539,7539
2026-07-08 04:03:00,7538.75,7540.75,7538.75,7540.25
2026-07-08 04:04:00,7540,7540,7537.25,7537.75
2026-07-08 04:05:00,7538,7539,7538,7538.5
2026-07-08 04:06:00,7538.5,7540,7536.5,7537.75
2026-07-08 04:07:00,7537.75,7539.5,7537.25,7538.5
2026-07-08 04:08:00,7538.25,7540.5,7538,7540
2026-07-08 04:09:00,7540.5,7542.75,7540.25,7542.25
2026-07-08 04:10:00,7541.75,7543.25,7541.25,7543.25
2026-07-08 04:11:00,7543.25,7546.25,7542.75,7546.25
2026-07-08 04:12:00,7546,7546.75,7544,7545
2026-07-08 04:13:00,7545,7545,7543.5,7544.25
2026-07-08 04:14:00,7544.25,7546,7544.25,7545.75
2026-07-08 04:15:00,7545.75,7546.5,7543.75,7543.75
2026-07-08 04:16:00,7543.5,7544.25,7525.25,7525.75
2026-07-08 04:17:00,7525.75,7529.5,7517.75,7517.75
2026-07-08 04:18:00,7517.5,7525,7515.75,7522.5
2026-07-08 04:19:00,7522.5,7525,7518,7521.25
2026-07-08 04:20:00,7521.25,7525.25,7518.75,7522.5
2026-07-08 04:21:00,7522.25,7522.25,7516,7519
2026-07-08 04:22:00,7519,7520,7516.75,7518.25
2026-07-08 04:23:00,7518.5,7519.25,7511.75,7511.75
2026-07-08 04:24:00,7512,7512.5,7505,7505.5
2026-07-08 04:25:00,7505.5,7506,7498.25,7504
2026-07-08 04:26:00,7503.5,7506,7502,7503
2026-07-08 04:27:00,7502.5,7504.75,7498.5,7501.5
2026-07-08 04:28:00,7501.5,7504.5,7496.75,7500.25
2026-07-08 04:29:00,7500.25,7502,7496.5,7497.25
2026-07-08 04:30:00,7497,7497.5,7488,7492.75
2026-07-08 04:31:00,7492.75,7495.75,7490.5,7495.5
2026-07-08 04:32:00,7495.75,7496.5,7490.5,7496.25
2026-07-08 04:33:00,7496,7498.5,7495.5,7496.25
2026-07-08 04:34:00,7496,7498.75,7492.75,7496.5
2026-07-08 04:35:00,7496.75,7498.75,7487.5,7487.5
2026-07-08 04:36:00,7487.5,7487.75,7483,7486.75
2026-07-08 04:37:00,7486.5,7488.25,7484.5,7488.25
2026-07-08 04:38:00,7488,7488.75,7482.5,7482.5
2026-07-08 04:39:00,7482.5,7485.75,7480.75,7481.75
2026-07-08 04:40:00,7482,7482.75,7477.5,7480.75
2026-07-08 04:41:00,7480.75,7485.25,7478,7478.75
2026-07-08 04:42:00,7478.5,7483.25,7478,7483
2026-07-08 04:43:00,7483,7484.5,7482.25,7483.25
2026-07-08 04:44:00,7483.25,7487.5,7482.75,7486.5
2026-07-08 04:45:00,7486.75,7488.75,7484.75,7486.5
2026-07-08 04:46:00,7486.5,7489.75,7486,7487.75
2026-07-08 04:47:00,7487.75,7491.25,7486.5,7490.75
2026-07-08 04:48:00,7490.75,7491.25,7488.75,7489.75
2026-07-08 04:49:00,7489.75,7489.75,7486.75,7487.25
2026-07-08 04:50:00,7487.5,7490.25,7485.5,7489.75
2026-07-08 04:51:00,7490,7492,7489.25,7490.75
2026-07-08 04:52:00,7490.75,7492.75,7490.25,7492
2026-07-08 04:53:00,7492.25,7494.5,7491.25,7492.25
2026-07-08 04:54:00,7492.25,7493.25,7488.5,7489.5
2026-07-08 04:55:00,7489.5,7494.25,7488.75,7492
2026-07-08 04:56:00,7492,7492,7486.75,7487.5
2026-07-08 04:57:00,7487.5,7488,7483.25,7483.75
2026-07-08 04:58:00,7483.75,7484,7480,7480
2026-07-08 04:59:00,7480.25,7481.25,7479,7480.75
2026-07-08 05:00:00,7480.75,7482.5,7476.75,7481.25
2026-07-08 05:01:00,7481,7482.25,7479.5,7481.75
2026-07-08 05:02:00,7481.75,7483.5,7480.25,7480.25
2026-07-08 05:03:00,7480,7481.25,7478.75,7478.75
2026-07-08 05:04:00,7479,7480.25,7476.25,7478.5
2026-07-08 05:05:00,7478.75,7479.25,7476.5,7477
2026-07-08 05:06:00,7477.25,7479,7475.5,7477
2026-07-08 05:07:00,7476.75,7477.75,7475.25,7475.5
2026-07-08 05:08:00,7475.5,7477,7473.5,7474.25
2026-07-08 05:09:00,7474.5,7475,7472.25,7473.75
2026-07-08 05:10:00,7473.75,7476.5,7472,7474.75
2026-07-08 05:11:00,7474.5,7478,7474,7474.75
2026-07-08 05:12:00,7474.75,7475,7472.5,7473.75
2026-07-08 05:13:00,7473.75,7474.25,7472.5,7473
2026-07-08 05:14:00,7473,7474.25,7468.5,7468.75
2026-07-08 05:15:00,7468.75,7471.5,7468.75,7471.25
2026-07-08 05:16:00,7470.75,7476,7470.75,7473.5
2026-07-08 05:17:00,7474,7475.5,7472.25,7475.25
2026-07-08 05:18:00,7475.25,7476.25,7471.25,7473.75
2026-07-08 05:19:00,7473.75,7476,7473.25,7475.5
2026-07-08 05:20:00,7475.25,7477.5,7475,7476.75
2026-07-08 05:21:00,7477,7477.5,7472.75,7474.5
2026-07-08 05:22:00,7474.25,7476.25,7473.25,7475.25
2026-07-08 05:23:00,7475.25,7475.75,7473.5,7475.75
2026-07-08 05:24:00,7475.5,7476,7472.75,7472.75
2026-07-08 05:25:00,7472.5,7473.5,7470.5,7472
2026-07-08 05:26:00,7472.25,7473.75,7471.5,7473.75
2026-07-08 05:27:00,7473.75,7475.5,7473.25,7473.5
2026-07-08 05:28:00,7473.75,7474.75,7473.75,7474.25
2026-07-08 05:29:00,7474.5,7476,7473.75,7474.75
2026-07-08 05:30:00,7474.5,7477.25,7473.75,7475.5
2026-07-08 05:31:00,7476,7476,7473.5,7475.5
2026-07-08 05:32:00,7475.75,7478,7475.25,7477.25
2026-07-08 05:33:00,7477,7478.5,7476.5,7477.5
2026-07-08 05:34:00,7477.75,7480,7477.75,7479.25
2026-07-08 05:35:00,7479,7482.25,7478.5,7482
2026-07-08 05:36:00,7482,7483.75,7481.75,7482.5
2026-07-08 05:37:00,7482.5,7482.5,7477,7477
2026-07-08 05:38:00,7477,7478,7476.25,7476.75
2026-07-08 05:39:00,7476.75,7479.5,7476.5,7479
2026-07-08 05:40:00,7479.25,7479.75,7477,7477
2026-07-08 05:41:00,7476.75,7478,7475.5,7476.5
2026-07-08 05:42:00,7476.5,7476.75,7474.25,7476
2026-07-08 05:43:00,7475.75,7477.5,7473.5,7474.75
2026-07-08 05:44:00,7474.5,7479.25,7474.25,7479.25
2026-07-08 05:45:00,7479.25,7479.5,7475.75,7476.25
2026-07-08 05:46:00,7476.25,7477.5,7474.5,7476.25
2026-07-08 05:47:00,7476.5,7476.75,7474.25,7475.75
2026-07-08 05:48:00,7475.75,7479.75,7475,7479.5
2026-07-08 05:49:00,7479.25,7480,7478,7478
2026-07-08 05:50:00,7478,7478.5,7476.25,7477.25
2026-07-08 05:51:00,7477.25,7478,7475.25,7476.5
2026-07-08 05:52:00,7476.5,7479,7476.5,7478.75
2026-07-08 05:53:00,7479,7480.25,7478.25,7479.75
2026-07-08 05:54:00,7479.5,7480,7476.5,7477
2026-07-08 05:55:00,7477,7477.5,7473.75,7474.75
2026-07-08 05:56:00,7475,7476,7474,7475.5
2026-07-08 05:57:00,7475.5,7475.75,7474.25,7475
2026-07-08 05:58:00,7475,7476.25,7473.5,7473.75
2026-07-08 05:59:00,7474,7474.5,7473,7474.5
2026-07-08 06:00:00,7474.75,7478,7474.5,7475
2026-07-08 06:01:00,7475,7475.75,7473.75,7474.75
2026-07-08 06:02:00,7474.75,7474.75,7471.25,7473.5
2026-07-08 06:03:00,7473.25,7473.5,7472,7472
2026-07-08 06:04:00,7472.25,7473.75,7471.5,7473
2026-07-08 06:05:00,7473,7473.75,7471.25,7472.25
2026-07-08 06:06:00,7472,7472,7469.75,7470.5
2026-07-08 06:07:00,7470.5,7470.75,7469.5,7470.5
2026-07-08 06:08:00,7470.5,7472,7469.5,7470.75
2026-07-08 06:09:00,7470.5,7472.5,7470.25,7472.5
2026-07-08 06:10:00,7472.5,7472.75,7469.25,7470.25
2026-07-08 06:11:00,7470.25,7473,7469.25,7469.5
2026-07-08 06:12:00,7469.25,7472.75,7469,7472
2026-07-08 06:13:00,7472,7473.25,7471,7471.5
2026-07-08 06:14:00,7471.25,7473.5,7471,7473.25
2026-07-08 06:15:00,7473.5,7475,7471,7471.25
2026-07-08 06:16:00,7471,7472.5,7470.5,7472.5
2026-07-08 06:17:00,7472.5,7475.75,7472,7474.5
2026-07-08 06:18:00,7474.5,7475.5,7473.5,7475.25
2026-07-08 06:19:00,7475,7477.25,7474.75,7476.75
2026-07-08 06:20:00,7477,7479.5,7476.75,7478.75
2026-07-08 06:21:00,7478.75,7479,7477.75,7478.5
2026-07-08 06:22:00,7478.25,7478.25,7475.75,7478
2026-07-08 06:23:00,7477.75,7478.25,7475.25,7476
2026-07-08 06:24:00,7475.75,7477.25,7475.75,7476.75
2026-07-08 06:25:00,7476.25,7479.75,7476.25,7478.75
2026-07-08 06:26:00,7478.75,7479.75,7478,7478.75
2026-07-08 06:27:00,7478.75,7479.25,7478.25,7478.5
2026-07-08 06:28:00,7478.25,7480.75,7478.25,7480.5
2026-07-08 06:29:00,7480.5,7481.5,7480,7481
2026-07-08 06:30:00,7480.75,7480.75,7479,7479
2026-07-08 06:31:00,7478.75,7484.5,7477.25,7483.25
2026-07-08 06:32:00,7483,7483.75,7482,7483
2026-07-08 06:33:00,7482.75,7487,7482.75,7483.75
2026-07-08 06:34:00,7484,7485,7483,7483.25
2026-07-08 06:35:00,7483.75,7486.25,7483.5,7486.25
2026-07-08 06:36:00,7486.25,7486.75,7484.5,7484.75
2026-07-08 06:37:00,7484.5,7487.75,7484.25,7486
2026-07-08 06:38:00,7486,7487.75,7485,7485.75
2026-07-08 06:39:00,7485.75,7487.75,7483.75,7486.75
2026-07-08 06:40:00,7486.75,7487.75,7486.25,7487
2026-07-08 06:41:00,7486.75,7487.5,7486,7487.5
2026-07-08 06:42:00,7487.25,7488.25,7486.25,7486.75
2026-07-08 06:43:00,7486.75,7488.75,7486.5,7488.25
2026-07-08 06:44:00,7488.25,7488.5,7487,7487.75
2026-07-08 06:45:00,7487.75,7489.75,7487.75,7489.25
2026-07-08 06:46:00,7489,7489.75,7487.75,7489.25
2026-07-08 06:47:00,7489,7490,7487.25,7487.25
2026-07-08 06:48:00,7487.5,7487.5,7486.25,7486.5
2026-07-08 06:49:00,7486.5,7486.5,7484.75,7486.25
2026-07-08 06:50:00,7486.5,7489.5,7486,7487.5
2026-07-08 06:51:00,7487.75,7488.5,7487,7488
2026-07-08 06:52:00,7488,7488.5,7487.5,7488
2026-07-08 06:53:00,7488,7488,7487,7487.5
2026-07-08 06:54:00,7487.5,7487.75,7486.25,7487.25
2026-07-08 06:55:00,7487.25,7489.75,7487.25,7489.25
2026-07-08 06:56:00,7489,7490.5,7489,7489.75
2026-07-08 06:57:00,7489.75,7489.75,7487.5,7487.5
2026-07-08 06:58:00,7487.5,7488.75,7486.75,7487
2026-07-08 06:59:00,7487,7487,7485.25,7485.75
2026-07-08 07:00:00,7485.5,7486.25,7482.5,7482.75
2026-07-08 07:01:00,7482.5,7487.75,7482.5,7486.75
2026-07-08 07:02:00,7486.75,7487.5,7485.5,7485.5
2026-07-08 07:03:00,7485.5,7486.5,7484,7484.75
2026-07-08 07:04:00,7484.75,7486,7481.5,7484.5
2026-07-08 07:05:00,7484.5,7487,7483.25,7486
2026-07-08 07:06:00,7486,7488.25,7485.75,7487.25
2026-07-08 07:07:00,7487.5,7487.75,7485.75,7487.25
2026-07-08 07:08:00,7487,7489,7486.5,7487
2026-07-08 07:09:00,7487,7487.25,7483.75,7484.5
2026-07-08 07:10:00,7485,7485.75,7483.25,7483.75
2026-07-08 07:11:00,7483.75,7483.75,7481.5,7481.5
2026-07-08 07:12:00,7481.5,7485.25,7481,7485.25
2026-07-08 07:13:00,7485,7485,7483.5,7484.75
2026-07-08 07:14:00,7484.5,7485.75,7484.25,7485
2026-07-08 07:15:00,7485,7485.5,7483.75,7483.75
2026-07-08 07:16:00,7484,7485.25,7482.5,7483.75
2026-07-08 07:17:00,7483.5,7484,7482.75,7483
2026-07-08 07:18:00,7483.25,7484.5,7483,7484.25
2026-07-08 07:19:00,7484.5,7487,7484.5,7486
2026-07-08 07:20:00,7486,7486.25,7484.25,7485.5
2026-07-08 07:21:00,7485.5,7486.25,7485,7485
2026-07-08 07:22:00,7485,7485,7483.5,7483.75
2026-07-08 07:23:00,7483.75,7483.75,7480.5,7482.25
2026-07-08 07:24:00,7482,7482.25,7479.5,7481.25
2026-07-08 07:25:00,7481.25,7483.5,7481.25,7483.5
2026-07-08 07:26:00,7483.25,7484.25,7482.25,7482.5
2026-07-08 07:27:00,7482.25,7482.5,7481.5,7481.75
2026-07-08 07:28:00,7481.75,7482.5,7481.5,7482
2026-07-08 07:29:00,7481.75,7482.75,7481,7482.75
2026-07-08 07:30:00,7482.75,7483,7480.5,7481.75
2026-07-08 07:31:00,7481.75,7483.5,7481.75,7482.75
2026-07-08 07:32:00,7482.5,7483.75,7481.75,7482
2026-07-08 07:33:00,7482,7487,7481.75,7486.75
2026-07-08 07:34:00,7486.75,7488.25,7485.5,7488
2026-07-08 07:35:00,7488.25,7490.75,7488.25,7489.25
2026-07-08 07:36:00,7489.5,7490,7487.25,7487.75
2026-07-08 07:37:00,7488,7489.75,7487,7488.5
2026-07-08 07:38:00,7488.25,7488.25,7485.75,7486
2026-07-08 07:39:00,7486.25,7487,7484.75,7485.5
2026-07-08 07:40:00,7485.5,7486.5,7485.25,7485.75
2026-07-08 07:41:00,7486,7486,7484,7485.25
2026-07-08 07:42:00,7485.25,7486.25,7484.5,7485.75
2026-07-08 07:43:00,7485.75,7506.5,7485.5,7503.25
2026-07-08 07:44:00,7503.25,7506.25,7497.25,7498
2026-07-08 07:45:00,7498,7499.25,7495.25,7497
2026-07-08 07:46:00,7497.25,7499,7495.5,7496.5
2026-07-08 07:47:00,7496.75,7499,7496.25,7496.25
2026-07-08 07:48:00,7496.5,7501.75,7496.25,7501.5
2026-07-08 07:49:00,7501.25,7501.5,7496.25,7497.25
2026-07-08 07:50:00,7497.5,7497.5,7493.75,7494.25
2026-07-08 07:51:00,7494.25,7498.25,7493.5,7498.25
2026-07-08 07:52:00,7498.25,7499.5,7496.5,7497.5
2026-07-08 07:53:00,7497.25,7499,7495.75,7498.75
2026-07-08 07:54:00,7498.75,7500,7498.75,7499.5
2026-07-08 07:55:00,7499.5,7504.5,7499.5,7503
2026-07-08 07:56:00,7502.75,7504.5,7500,7500
2026-07-08 07:57:00,7500,7500.75,7497.25,7498
2026-07-08 07:58:00,7498.25,7499,7497.25,7498.5
2026-07-08 07:59:00,7498.75,7498.75,7496.75,7498.5
2026-07-08 08:00:00,7498.5,7498.75,7493,7493.25
2026-07-08 08:01:00,7493.25,7498.25,7492.5,7496.25
2026-07-08 08:02:00,7496,7497.75,7495.75,7497.75
2026-07-08 08:03:00,7497.75,7500.75,7497.5,7499.75
2026-07-08 08:04:00,7499.75,7501.25,7499,7500.75
2026-07-08 08:05:00,7501,7507.25,7500.75,7505.75
2026-07-08 08:06:00,7505.75,7506.5,7504.75,7506
2026-07-08 08:07:00,7506.25,7512,7505.75,7511
2026-07-08 08:08:00,7511.25,7511.5,7508.5,7508.75
2026-07-08 08:09:00,7508.75,7510.25,7508.25,7509.75
2026-07-08 08:10:00,7510,7511.5,7508.5,7509.75
2026-07-08 08:11:00,7509.75,7511.5,7509.5,7510
2026-07-08 08:12:00,7510,7511.75,7509.5,7510.5
2026-07-08 08:13:00,7510.5,7510.5,7508.25,7509.5
2026-07-08 08:14:00,7509.5,7509.5,7507.5,7508
2026-07-08 08:15:00,7508,7508,7506.5,7507.75
2026-07-08 08:16:00,7508,7509.5,7506.75,7507.75
2026-07-08 08:17:00,7507.5,7509.25,7507,7508.75
2026-07-08 08:18:00,7508.75,7510.25,7508.5,7509.25
2026-07-08 08:19:00,7509.25,7510.25,7509,7509.75
2026-07-08 08:20:00,7509.75,7509.75,7508,7508
2026-07-08 08:21:00,7508,7509.25,7507.5,7508
2026-07-08 08:22:00,7508,7508,7505.25,7505.75
2026-07-08 08:23:00,7506,7506.5,7504.5,7505.25
2026-07-08 08:24:00,7505,7506.5,7504.75,7505
2026-07-08 08:25:00,7505,7505.25,7504.25,7505
2026-07-08 08:26:00,7505,7507.5,7505,7506.5
2026-07-08 08:27:00,7506.75,7508.5,7506.5,7508
2026-07-08 08:28:00,7508.5,7510.25,7507.75,7509.5
2026-07-08 08:29:00,7509.75,7512.75,7508.75,7512.25
2026-07-08 08:30:00,7512.25,7515,7510.75,7511
2026-07-08 08:31:00,7510.75,7514.75,7510.25,7513.25
2026-07-08 08:32:00,7513,7513.5,7510,7510
2026-07-08 08:33:00,7510.25,7511,7509.25,7509.75
2026-07-08 08:34:00,7509.5,7509.5,7507.75,7509
2026-07-08 08:35:00,7509.25,7509.25,7507.75,7508.5
2026-07-08 08:36:00,7508.5,7512,7508,7510.75
2026-07-08 08:37:00,7510.75,7511.75,7510.25,7511.25
2026-07-08 08:38:00,7511,7511.75,7510.25,7511.5
2026-07-08 08:39:00,7511.25,7512.75,7510.75,7511.5
2026-07-08 08:40:00,7511.25,7511.75,7509.5,7509.5
2026-07-08 08:41:00,7509.75,7510.5,7509.25,7509.5
2026-07-08 08:42:00,7509.25,7511.25,7509.25,7510.75
2026-07-08 08:43:00,7511,7511.75,7510.25,7511.5
2026-07-08 08:44:00,7511.5,7512.25,7511.5,7512
2026-07-08 08:45:00,7512,7512.75,7511.5,7511.5
2026-07-08 08:46:00,7511.75,7512.25,7510,7510.25
2026-07-08 08:47:00,7510.25,7511.5,7509.5,7510.75
2026-07-08 08:48:00,7510.75,7512.5,7510.75,7512.5
2026-07-08 08:49:00,7512.5,7512.75,7510.5,7510.5
2026-07-08 08:50:00,7510.5,7512.25,7510.5,7511.75
2026-07-08 08:51:00,7511.5,7513.25,7511.5,7513.25
2026-07-08 08:52:00,7513,7514.25,7512.5,7512.5
2026-07-08 08:53:00,7512.75,7513.5,7512.25,7512.75
2026-07-08 08:54:00,7512.75,7516.75,7512.75,7516
2026-07-08 08:55:00,7516,7516,7514.25,7515.25
2026-07-08 08:56:00,7515.25,7519,7508.75,7510
2026-07-08 08:57:00,7510.25,7510.75,7506.75,7509.75
2026-07-08 08:58:00,7510,7510.5,7507.25,7508
2026-07-08 08:59:00,7508,7508.25,7504.5,7505.25
2026-07-08 09:00:00,7505.5,7508.75,7504.75,7505.5
2026-07-08 09:01:00,7505.5,7509.25,7505,7508.5
2026-07-08 09:02:00,7508.5,7511,7507.5,7509.5
2026-07-08 09:03:00,7509.75,7511.75,7508.5,7510.25
2026-07-08 09:04:00,7510.25,7510.5,7509.5,7510.5
2026-07-08 09:05:00,7510.5,7511.75,7507.75,7510
2026-07-08 09:06:00,7510,7510,7505.5,7506.75
2026-07-08 09:07:00,7506.75,7509,7506,7506
2026-07-08 09:08:00,7506.25,7511.25,7506,7509.75
2026-07-08 09:09:00,7509.75,7510.5,7507.5,7510
2026-07-08 09:10:00,7510,7510,7507.5,7507.75
2026-07-08 09:11:00,7507.75,7508,7506.75,7506.75
2026-07-08 09:12:00,7506.75,7513.75,7506.5,7513.75
2026-07-08 09:13:00,7513.75,7515,7512,7513
2026-07-08 09:14:00,7513.25,7515.75,7513,7513.75
2026-07-08 09:15:00,7513.75,7514,7511,7511.75
2026-07-08 09:16:00,7511.75,7512.5,7510,7510.75
2026-07-08 09:17:00,7510.5,7514.5,7510,7513.75
2026-07-08 09:18:00,7513.5,7514,7511.75,7512.5
2026-07-08 09:19:00,7512.25,7513,7511.25,7511.5
2026-07-08 09:20:00,7511.5,7512.25,7510,7510.25
2026-07-08 09:21:00,7510.25,7510.75,7508,7508.5
2026-07-08 09:22:00,7508.25,7509.5,7507.75,7508.75
2026-07-08 09:23:00,7509,7509,7506.75,7507
2026-07-08 09:24:00,7507.25,7510,7507,7508.75
2026-07-08 09:25:00,7509,7509,7504.5,7507.25
2026-07-08 09:26:00,7507.5,7509,7505.5,7507.25
2026-07-08 09:27:00,7507.25,7511.75,7506.75,7511.75
2026-07-08 09:28:00,7512,7513,7509.5,7509.5
2026-07-08 09:29:00,7509.5,7510.25,7503.75,7507
2026-07-08 09:30:00,7507,7515,7503.75,7507
2026-07-08 09:31:00,7506.75,7513.25,7501.75,7512.75
2026-07-08 09:32:00,7512.75,7516.75,7507.5,7513.75
2026-07-08 09:33:00,7513.75,7514.75,7509.25,7511.25
2026-07-08 09:34:00,7511.25,7513.25,7508.75,7512.25
2026-07-08 09:35:00,7512.25,7512.75,7505.75,7509
2026-07-08 09:36:00,7509,7514.5,7507.5,7510.25
2026-07-08 09:37:00,7510.25,7514.75,7507.25,7512.25
2026-07-08 09:38:00,7512.5,7512.5,7507,7507.75
2026-07-08 09:39:00,7508,7517.25,7507.25,7515
2026-07-08 09:40:00,7515.25,7523,7513.25,7521.25
2026-07-08 09:41:00,7521,7523.25,7518.75,7520.25
2026-07-08 09:42:00,7520,7520.75,7513.5,7515.25
2026-07-08 09:43:00,7515.5,7517.75,7514.25,7515.75
2026-07-08 09:44:00,7515.75,7520.5,7514.5,7518.75
2026-07-08 09:45:00,7518.75,7521.75,7516.75,7521
2026-07-08 09:46:00,7521,7524.75,7520,7523.5
2026-07-08 09:47:00,7523.75,7524.75,7518.75,7519.75
2026-07-08 09:48:00,7520,7522,7519,7520.25
2026-07-08 09:49:00,7520.25,7520.25,7511.5,7511.75
2026-07-08 09:50:00,7511.75,7516.25,7508.75,7514.75
2026-07-08 09:51:00,7515,7520,7513.25,7513.25
2026-07-08 09:52:00,7513.5,7516,7510.5,7513.25
2026-07-08 09:53:00,7513.5,7517.75,7512,7513.25
2026-07-08 09:54:00,7513,7515.5,7511.75,7511.75
2026-07-08 09:55:00,7511.75,7512.25,7507.25,7509.75
2026-07-08 09:56:00,7509.75,7514.5,7508.5,7514.5
2026-07-08 09:57:00,7514.25,7518,7513.5,7516.75
2026-07-08 09:58:00,7516.75,7520.5,7515.25,7519.5
2026-07-08 09:59:00,7519.5,7521.5,7514.75,7515.75
2026-07-08 10:00:00,7515.75,7518.25,7512,7518.25
2026-07-08 10:01:00,7518.25,7520.25,7515.5,7515.75
2026-07-08 10:02:00,7515.5,7515.75,7512,7513.25
2026-07-08 10:03:00,7513.25,7515,7511,7514.75
2026-07-08 10:04:00,7514.75,7516.5,7512.75,7513.25
2026-07-08 10:05:00,7513.25,7520.75,7513,7520.25
2026-07-08 10:06:00,7520,7521.5,7518.5,7518.75
2026-07-08 10:07:00,7518.75,7519.75,7516.5,7517.5
2026-07-08 10:08:00,7517.75,7522.5,7517,7519.75
2026-07-08 10:09:00,7519.5,7521,7515,7517.75
2026-07-08 10:10:00,7517.75,7519.75,7511.75,7512.5
2026-07-08 10:11:00,7512.25,7514.5,7509.5,7510.5
2026-07-08 10:12:00,7510.25,7511,7505.75,7507.5
2026-07-08 10:13:00,7507.5,7513.25,7506.5,7508.25
2026-07-08 10:14:00,7508.5,7510,7506.5,7507.75
2026-07-08 10:15:00,7507.5,7508.25,7502.5,7504.5
2026-07-08 10:16:00,7504.5,7506,7501.75,7503
2026-07-08 10:17:00,7503,7509.75,7501.75,7508
2026-07-08 10:18:00,7508,7511.25,7504.75,7505.75
2026-07-08 10:19:00,7505.75,7508,7503,7507.25
2026-07-08 10:20:00,7507,7513.75,7505,7510.5
2026-07-08 10:21:00,7510.5,7520.75,7509.75,7519.5
2026-07-08 10:22:00,7519.5,7520.5,7515.25,7518.75
2026-07-08 10:23:00,7518.5,7520.25,7515.25,7515.5
2026-07-08 10:24:00,7515.75,7516,7510.25,7513
2026-07-08 10:25:00,7513,7518,7513,7517.25
2026-07-08 10:26:00,7517.5,7519.75,7511.5,7511.75
2026-07-08 10:27:00,7511.75,7513.5,7502.75,7513
2026-07-08 10:28:00,7513,7513.25,7506.75,7507.5
2026-07-08 10:29:00,7507.5,7510.5,7506,7506
2026-07-08 10:30:00,7506,7509.5,7504.75,7506.5
2026-07-08 10:31:00,7506.5,7508,7504,7507.5
2026-07-08 10:32:00,7507.5,7507.75,7505,7507
2026-07-08 10:33:00,7507,7509.5,7502,7508.5
2026-07-08 10:34:00,7508.5,7512,7506.75,7508
2026-07-08 10:35:00,7508,7508.25,7500.75,7501.25
2026-07-08 10:36:00,7501.25,7503.25,7499,7499.75
2026-07-08 10:37:00,7500,7506.25,7497.25,7501.75
2026-07-08 10:38:00,7501.75,7503.5,7498.25,7499.75
2026-07-08 10:39:00,7500,7501,7497.5,7498
2026-07-08 10:40:00,7498,7501,7495.5,7500
2026-07-08 10:41:00,7500,7503,7498,7502.25
2026-07-08 10:42:00,7502.25,7502.25,7498,7498.25
2026-07-08 10:43:00,7498.25,7498.5,7494.75,7497.5
2026-07-08 10:44:00,7497.75,7501.5,7496.5,7499.25
2026-07-08 10:45:00,7499.5,7499.75,7493.25,7495.5
2026-07-08 10:46:00,7495.25,7497.5,7492.5,7493.25
2026-07-08 10:47:00,7493.25,7494.5,7491.25,7492
2026-07-08 10:48:00,7491.75,7494.5,7491,7492.25
2026-07-08 10:49:00,7492.5,7492.75,7488,7488.25
2026-07-08 10:50:00,7488,7490.75,7484,7487.25
2026-07-08 10:51:00,7487.25,7491.25,7487,7490.75
2026-07-08 10:52:00,7490.75,7496,7489.5,7495.5
2026-07-08 10:53:00,7495.25,7503.25,7492.25,7498.75
2026-07-08 10:54:00,7498.75,7499.75,7495,7496.25
2026-07-08 10:55:00,7496,7500,7493.5,7498.25
2026-07-08 10:56:00,7498.25,7502,7496.75,7497
2026-07-08 10:57:00,7497,7498,7491.75,7495
2026-07-08 10:58:00,7495.25,7495.5,7490.75,7492
2026-07-08 10:59:00,7492,7494,7490.25,7493.25
2026-07-08 11:00:00,7493.5,7495.25,7490.25,7493.25
2026-07-08 11:01:00,7493.25,7494,7490,7490.5
2026-07-08 11:02:00,7490.75,7492.5,7489,7491.75
2026-07-08 11:03:00,7491.75,7493,7489.25,7491.5
2026-07-08 11:04:00,7491.5,7493.25,7489.5,7490.25
2026-07-08 11:05:00,7490.25,7494,7489.5,7493.5
2026-07-08 11:06:00,7493.75,7494.5,7489.25,7489.25
2026-07-08 11:07:00,7489.5,7491.5,7489,7490.75
2026-07-08 11:08:00,7491,7493.5,7490,7492
2026-07-08 11:09:00,7491.75,7492.25,7489.5,7489.75
2026-07-08 11:10:00,7489.75,7492.75,7488.5,7492
2026-07-08 11:11:00,7492,7493.5,7490.75,7491.5
2026-07-08 11:12:00,7491.5,7492.75,7487.5,7492
2026-07-08 11:13:00,7492,7493,7488,7488.75
2026-07-08 11:14:00,7489,7489,7484.5,7485.75
2026-07-08 11:15:00,7486,7489.25,7484.75,7485.5
2026-07-08 11:16:00,7485.5,7485.5,7480.25,7481
2026-07-08 11:17:00,7481,7481.75,7478.5,7480.25
2026-07-08 11:18:00,7480.5,7485,7479,7485
2026-07-08 11:19:00,7485,7490.25,7484.25,7488
2026-07-08 11:20:00,7487.75,7490.75,7485,7488.5
2026-07-08 11:21:00,7488.25,7488.25,7485,7485.5
2026-07-08 11:22:00,7485.5,7486,7480.5,7481.5
2026-07-08 11:23:00,7481.25,7482,7477.5,7477.5
2026-07-08 11:24:00,7477.5,7478.75,7475,7476.25
2026-07-08 11:25:00,7476.25,7478,7473.25,7473.75
2026-07-08 11:26:00,7473.75,7475.75,7470,7472.5
2026-07-08 11:27:00,7472.25,7474.25,7471.25,7471.75
2026-07-08 11:28:00,7472,7475.5,7471.5,7473.5
2026-07-08 11:29:00,7473.5,7476.25,7473.5,7474.25
2026-07-08 11:30:00,7474.25,7476.25,7469.5,7472.5
2026-07-08 11:31:00,7472.75,7474,7471,7474
2026-07-08 11:32:00,7474,7478.5,7473.5,7477.25
2026-07-08 11:33:00,7477.5,7482,7477.25,7479.75
2026-07-08 11:34:00,7479.75,7482.5,7478,7482
2026-07-08 11:35:00,7481.75,7484.5,7478.75,7483.75
2026-07-08 11:36:00,7483.5,7486,7480.75,7485.75
2026-07-08 11:37:00,7485.75,7487.5,7484.5,7485.5
2026-07-08 11:38:00,7485.25,7485.75,7481.5,7483.75
2026-07-08 11:39:00,7483.75,7484.5,7480,7480.75
2026-07-08 11:40:00,7480.75,7486.5,7480.5,7485.75
2026-07-08 11:41:00,7485.75,7486.75,7483.5,7485
2026-07-08 11:42:00,7484.75,7485.5,7480.5,7480.75
2026-07-08 11:43:00,7480.75,7484,7480.5,7481.75
2026-07-08 11:44:00,7481.75,7483.5,7480.75,7482.25
2026-07-08 11:45:00,7482,7482.25,7477.5,7482
2026-07-08 11:46:00,7482,7485,7480.5,7481.5
2026-07-08 11:47:00,7481.5,7481.5,7478.75,7481.25
2026-07-08 11:48:00,7481.25,7482,7479.25,7480.25
2026-07-08 11:49:00,7480,7480.75,7478.75,7479.75
2026-07-08 11:50:00,7479.75,7480.75,7477.25,7478.75
2026-07-08 11:51:00,7478.75,7478.75,7475.25,7476.75
2026-07-08 11:52:00,7477,7478,7475.75,7476.25
2026-07-08 11:53:00,7476,7479.25,7475,7479
2026-07-08 11:54:00,7478.75,7479.5,7476,7479.5
2026-07-08 11:55:00,7479.5,7482,7479.25,7479.75
2026-07-08 11:56:00,7479.75,7480.75,7476.5,7477
2026-07-08 11:57:00,7477,7479.25,7476.5,7479.25
2026-07-08 11:58:00,7479.25,7481,7478,7480.5
2026-07-08 11:59:00,7480.75,7482.75,7480,7481
2026-07-08 12:00:00,7481,7487.25,7480.75,7485.5
2026-07-08 12:01:00,7485.5,7486.75,7484.25,7485
2026-07-08 12:02:00,7485.25,7486.5,7483.75,7484
2026-07-08 12:03:00,7484.25,7486.75,7483.25,7485.5
2026-07-08 12:04:00,7485.25,7487,7484,7487
2026-07-08 12:05:00,7487,7492,7486.75,7489.75
2026-07-08 12:06:00,7489.5,7491,7488.5,7489.75
2026-07-08 12:07:00,7489.75,7490.25,7488,7489.5
2026-07-08 12:08:00,7489.25,7490,7485.75,7488.75
2026-07-08 12:09:00,7488.75,7492.25,7487.25,7491.25
2026-07-08 12:10:00,7491.5,7495.75,7491.25,7494.75
2026-07-08 12:11:00,7494.5,7498,7494,7495.5
2026-07-08 12:12:00,7495.5,7498,7495.5,7497.5
2026-07-08 12:13:00,7497.25,7498.25,7495.5,7497
2026-07-08 12:14:00,7497,7498.5,7496.75,7497.5
2026-07-08 12:15:00,7497.75,7498.75,7495.75,7495.75
2026-07-08 12:16:00,7495.75,7498.25,7494.5,7497.5
2026-07-08 12:17:00,7497.75,7502,7497.5,7501
2026-07-08 12:18:00,7501,7502,7499.5,7500.25
2026-07-08 12:19:00,7500.25,7501.25,7498.5,7501
2026-07-08 12:20:00,7501,7504.75,7500.75,7504.5
2026-07-08 12:21:00,7504.5,7507.75,7503.25,7505.25
2026-07-08 12:22:00,7505.5,7507.25,7503.5,7504.75
2026-07-08 12:23:00,7504.75,7507,7504.5,7505.75
2026-07-08 12:24:00,7506,7506,7501,7502.25
2026-07-08 12:25:00,7502.5,7504.5,7501.75,7504
2026-07-08 12:26:00,7503.75,7506,7503.75,7504.75
2026-07-08 12:27:00,7505,7510,7504.25,7506.5
2026-07-08 12:28:00,7506.75,7508.5,7506,7506.75
2026-07-08 12:29:00,7506.75,7507.25,7505.5,7506
2026-07-08 12:30:00,7506,7510.5,7505.25,7510.25
2026-07-08 12:31:00,7510,7513.5,7508.75,7508.75
2026-07-08 12:32:00,7508.75,7509.75,7507.75,7509.25
2026-07-08 12:33:00,7509,7510.5,7508.25,7509.75
2026-07-08 12:34:00,7509.5,7509.75,7505,7505.5
2026-07-08 12:35:00,7505.5,7510.5,7504.5,7505
2026-07-08 12:36:00,7505,7505,7501.75,7502.75
2026-07-08 12:37:00,7502.75,7503.25,7499.75,7501
2026-07-08 12:38:00,7501,7501.75,7499.5,7501
2026-07-08 12:39:00,7501,7508,7500,7507.25
2026-07-08 12:40:00,7507.25,7517.5,7503.5,7514.5
2026-07-08 12:41:00,7514.25,7516.5,7510.75,7512.5
2026-07-08 12:42:00,7512.5,7514.5,7512,7513.25
2026-07-08 12:43:00,7513.25,7515.5,7511.75,7513.5
2026-07-08 12:44:00,7513.5,7516.5,7512.5,7514.5
2026-07-08 12:45:00,7514.5,7515.25,7510.75,7512.5
2026-07-08 12:46:00,7512.75,7516.75,7511.75,7516.5
2026-07-08 12:47:00,7516.5,7516.5,7514.25,7514.75
2026-07-08 12:48:00,7514.75,7516.25,7513.75,7515
2026-07-08 12:49:00,7514.75,7518.25,7514.75,7517.75
2026-07-08 12:50:00,7518,7519.5,7517.25,7518.25
2026-07-08 12:51:00,7518.25,7519.5,7516,7519.5
2026-07-08 12:52:00,7519.25,7521,7518.25,7520.25
2026-07-08 12:53:00,7520.5,7521.75,7517.25,7520.5
2026-07-08 12:54:00,7520.5,7521,7518.5,7519.5
2026-07-08 12:55:00,7519.5,7522,7517.5,7519.75
2026-07-08 12:56:00,7519.75,7521.25,7519.25,7520.5
2026-07-08 12:57:00,7520.75,7521.75,7519.5,7521.5
2026-07-08 12:58:00,7521.5,7522,7520.75,7522
2026-07-08 12:59:00,7522,7522.75,7521.5,7522
2026-07-08 13:00:00,7522,7522.5,7517.5,7519
2026-07-08 13:01:00,7519,7519.25,7517,7518.5
2026-07-08 13:02:00,7518.5,7520.5,7517,7518
2026-07-08 13:03:00,7518,7519.25,7516.5,7517.25
2026-07-08 13:04:00,7517.25,7519.25,7517,7518.25
2026-07-08 13:05:00,7518.25,7518.75,7517,7518.25
2026-07-08 13:06:00,7518.25,7522.5,7517.25,7521.75
2026-07-08 13:07:00,7522,7522.75,7520,7522.25
2026-07-08 13:08:00,7522,7523,7519.25,7520
2026-07-08 13:09:00,7520,7520.25,7517.5,7518
2026-07-08 13:10:00,7518,7519.25,7517,7517.25
2026-07-08 13:11:00,7517,7518.25,7514.5,7518
2026-07-08 13:12:00,7518.25,7520.25,7517.5,7519.5
2026-07-08 13:13:00,7519.5,7521.75,7519.5,7521.5
2026-07-08 13:14:00,7521.25,7521.75,7517.75,7518.25
2026-07-08 13:15:00,7518,7521,7518,7520.25
2026-07-08 13:16:00,7520.25,7521.75,7520,7520.5
2026-07-08 13:17:00,7520.5,7521,7519.25,7520.5
2026-07-08 13:18:00,7520.5,7520.75,7519.5,7520.25
2026-07-08 13:19:00,7520.25,7525.25,7519.75,7524.5
2026-07-08 13:20:00,7524.5,7528.25,7524,7525.75
2026-07-08 13:21:00,7525.75,7528.25,7525.5,7527.5
2026-07-08 13:22:00,7527.25,7528.25,7526.75,7527.5
2026-07-08 13:23:00,7527.75,7528.75,7527,7528.25
2026-07-08 13:24:00,7528,7530,7528,7529.75
2026-07-08 13:25:00,7529.75,7532.5,7529.25,7530.5
2026-07-08 13:26:00,7530.5,7530.5,7527.5,7529.75
2026-07-08 13:27:00,7529.75,7530,7528.25,7529.25
2026-07-08 13:28:00,7529.25,7531.5,7529.25,7531.25
2026-07-08 13:29:00,7531.25,7533,7531.25,7532.75
2026-07-08 13:30:00,7532.75,7535,7531.75,7534.5
2026-07-08 13:31:00,7534.5,7536.5,7533,7533.75
2026-07-08 13:32:00,7533.5,7534.75,7532.5,7533
2026-07-08 13:33:00,7533,7534.25,7532,7532
2026-07-08 13:34:00,7531.75,7533.25,7531.25,7531.25
2026-07-08 13:35:00,7531,7532.75,7530,7532
2026-07-08 13:36:00,7532,7532.5,7530.25,7531.25
2026-07-08 13:37:00,7531.25,7531.5,7529.5,7530
2026-07-08 13:38:00,7529.75,7531,7528.5,7529
2026-07-08 13:39:00,7529,7529.25,7527.75,7528
2026-07-08 13:40:00,7528,7528.5,7526.25,7527.25
2026-07-08 13:41:00,7527,7527.75,7524.25,7524.75
2026-07-08 13:42:00,7524.5,7527.25,7523.75,7527
2026-07-08 13:43:00,7527,7527,7524.25,7525
2026-07-08 13:44:00,7525,7525.75,7523.5,7525
2026-07-08 13:45:00,7525,7525,7519.75,7522
2026-07-08 13:46:00,7522,7523.25,7520,7522.75
2026-07-08 13:47:00,7522.75,7523,7520.5,7520.5
2026-07-08 13:48:00,7520.5,7520.75,7518.5,7519
2026-07-08 13:49:00,7519,7520.25,7517.25,7519
2026-07-08 13:50:00,7519,7523.25,7517.75,7522.5
2026-07-08 13:51:00,7522.5,7522.75,7520.25,7522.5
2026-07-08 13:52:00,7522.25,7524,7522,7523.75
2026-07-08 13:53:00,7523.75,7524,7520.5,7520.75
2026-07-08 13:54:00,7520.75,7521,7519.75,7519.75
2026-07-08 13:55:00,7519.5,7519.5,7515.5,7517.25
2026-07-08 13:56:00,7517,7517.25,7514.5,7516.25
2026-07-08 13:57:00,7516,7516.25,7514.75,7516.25
2026-07-08 13:58:00,7515.75,7519.25,7515.5,7517.75
2026-07-08 13:59:00,7517.75,7520.25,7517.5,7519.5
2026-07-08 14:00:00,7519.25,7524.25,7515.5,7522
2026-07-08 14:01:00,7522,7526.75,7520.75,7526.5
2026-07-08 14:02:00,7526.25,7529,7523.5,7524.75
2026-07-08 14:03:00,7524.75,7528.75,7524.5,7527.25
2026-07-08 14:04:00,7527,7529.75,7526.75,7528
2026-07-08 14:05:00,7527.75,7529,7523.75,7526.5
2026-07-08 14:06:00,7526.5,7526.5,7524.25,7525.75
2026-07-08 14:07:00,7525.5,7527,7524.25,7525.75
2026-07-08 14:08:00,7525.5,7527.25,7524.5,7527.25
2026-07-08 14:09:00,7527.5,7528,7526.25,7527.75
2026-07-08 14:10:00,7527.5,7528,7524.25,7527.75
2026-07-08 14:11:00,7527.75,7529,7526.75,7528.75
2026-07-08 14:12:00,7528.75,7529.5,7527.25,7528.25
2026-07-08 14:13:00,7528.25,7528.75,7526,7528.75
2026-07-08 14:14:00,7528.5,7530,7527.5,7528
2026-07-08 14:15:00,7528,7529.25,7527.25,7527.75
2026-07-08 14:16:00,7528,7528,7523.25,7524.25
2026-07-08 14:17:00,7524.25,7525,7523,7524
2026-07-08 14:18:00,7524,7525.75,7522.25,7523.75
2026-07-08 14:19:00,7523.75,7527,7523.25,7527
2026-07-08 14:20:00,7526.75,7526.75,7524,7524
2026-07-08 14:21:00,7524,7526,7524,7526
2026-07-08 14:22:00,7525.75,7528,7525.75,7527
2026-07-08 14:23:00,7527,7527.5,7525.5,7525.75
2026-07-08 14:24:00,7525.5,7526.5,7523.5,7524.25
2026-07-08 14:25:00,7524.25,7525.75,7523,7524.75
2026-07-08 14:26:00,7524.75,7525.75,7524.5,7525.25
2026-07-08 14:27:00,7525.25,7527.25,7524.75,7525.75
2026-07-08 14:28:00,7525.5,7527,7523.5,7523.75
2026-07-08 14:29:00,7523.75,7523.75,7521.5,7521.75
2026-07-08 14:30:00,7521.5,7522.25,7518.75,7519
2026-07-08 14:31:00,7518.75,7521,7517.75,7520.25
2026-07-08 14:32:00,7520,7522.75,7519.25,7519.5
2026-07-08 14:33:00,7519.25,7519.75,7517.75,7518.5
2026-07-08 14:34:00,7518.25,7519.75,7518.25,7519.5
2026-07-08 14:35:00,7519.25,7520.5,7518.25,7519.5
2026-07-08 14:36:00,7519.25,7523.75,7519.25,7522.75
2026-07-08 14:37:00,7522.5,7526.75,7522.5,7525.25
2026-07-08 14:38:00,7525,7527,7524.75,7525.75
2026-07-08 14:39:00,7525.5,7527.5,7525.25,7526.75
2026-07-08 14:40:00,7526.75,7528,7524.25,7525
2026-07-08 14:41:00,7524.75,7525.5,7521.25,7522.25
2026-07-08 14:42:00,7522,7523.5,7520.5,7521.25
2026-07-08 14:43:00,7521.25,7524.25,7521,7523.75
2026-07-08 14:44:00,7523.75,7526,7523.75,7525.5
2026-07-08 14:45:00,7525.5,7526.25,7524,7524.75
2026-07-08 14:46:00,7524.75,7526,7524.25,7525.75
2026-07-08 14:47:00,7525.75,7526,7523,7524
2026-07-08 14:48:00,7524.25,7526,7522.75,7525.75
2026-07-08 14:49:00,7526,7528.25,7526,7527.75
2026-07-08 14:50:00,7527.75,7528,7525.75,7528
2026-07-08 14:51:00,7527.75,7528.75,7526.75,7528.75
2026-07-08 14:52:00,7528.75,7530.5,7527,7528.25
2026-07-08 14:53:00,7528.25,7529,7525.5,7526.25
2026-07-08 14:54:00,7526.25,7528.25,7525.75,7526.5
2026-07-08 14:55:00,7526.75,7526.75,7524.75,7525.25
2026-07-08 14:56:00,7525,7526,7523,7524.75
2026-07-08 14:57:00,7524.75,7526,7524.25,7525.75
2026-07-08 14:58:00,7525.75,7526.25,7524.75,7526
2026-07-08 14:59:00,7525.75,7528.5,7525.25,7528.25
2026-07-08 15:00:00,7528.5,7532.5,7527.5,7530.75
2026-07-08 15:01:00,7530.75,7531.5,7528,7528.25
2026-07-08 15:02:00,7528.25,7529,7526,7526.5
2026-07-08 15:03:00,7526.25,7527.5,7525.5,7526.75
2026-07-08 15:04:00,7526.5,7527.75,7526.25,7527.25
2026-07-08 15:05:00,7527.25,7529,7525.75,7527.5
2026-07-08 15:06:00,7527.25,7527.25,7524.75,7526.75
2026-07-08 15:07:00,7527,7529,7527,7527.25
2026-07-08 15:08:00,7527,7528.25,7526.25,7528.25
2026-07-08 15:09:00,7528.25,7528.75,7526.75,7528
2026-07-08 15:10:00,7528.25,7528.5,7526,7527
2026-07-08 15:11:00,7527,7527.25,7524,7524.5
2026-07-08 15:12:00,7524.5,7525,7523,7524.75
2026-07-08 15:13:00,7524.5,7525,7523.5,7523.5
2026-07-08 15:14:00,7523.75,7524.75,7522.5,7523.75
2026-07-08 15:15:00,7523.5,7524.75,7522.75,7523
2026-07-08 15:16:00,7523,7523.75,7522,7522.75
2026-07-08 15:17:00,7522.75,7524.25,7521.75,7524
2026-07-08 15:18:00,7524,7526.5,7524,7525
2026-07-08 15:19:00,7525,7525.25,7522.75,7523
2026-07-08 15:20:00,7523.25,7525.25,7523,7525
2026-07-08 15:21:00,7525,7527.5,7524,7526.5
2026-07-08 15:22:00,7526.25,7526.75,7524,7524
2026-07-08 15:23:00,7524.25,7525.25,7523.75,7524.5
2026-07-08 15:24:00,7524.75,7525,7524,7525
2026-07-08 15:25:00,7525.25,7526.5,7524.75,7525.75
2026-07-08 15:26:00,7525.75,7526.25,7524.25,7525.25
2026-07-08 15:27:00,7525.25,7527,7525,7525.5
2026-07-08 15:28:00,7525.25,7526.5,7524.25,7524.75
2026-07-08 15:29:00,7524.75,7528.5,7524.75,7526.75
2026-07-08 15:30:00,7526.75,7528.25,7524.75,7524.75
2026-07-08 15:31:00,7525,7526.25,7523.25,7525.5
2026-07-08 15:32:00,7525.5,7526.25,7524,7524.75
2026-07-08 15:33:00,7524.75,7525.25,7523,7523
2026-07-08 15:34:00,7523,7524.75,7523,7524
2026-07-08 15:35:00,7523.75,7524.5,7523,7524.25
2026-07-08 15:36:00,7524.25,7528.25,7524,7527.5
2026-07-08 15:37:00,7527.5,7528.25,7527,7527.75
2026-07-08 15:38:00,7527.75,7528.5,7526,7526.25
2026-07-08 15:39:00,7526.5,7528,7526,7527
2026-07-08 15:40:00,7526.75,7527.25,7524.75,7524.75
2026-07-08 15:41:00,7524.75,7525.5,7523.5,7525
2026-07-08 15:42:00,7525,7525.5,7524.25,7525
2026-07-08 15:43:00,7525,7526.75,7524.5,7526.5
2026-07-08 15:44:00,7526.5,7528.25,7526,7527.75
2026-07-08 15:45:00,7528,7528.25,7522.5,7524.25
2026-07-08 15:46:00,7524,7525.75,7522.25,7522.75
2026-07-08 15:47:00,7522.5,7522.75,7518.25,7519.75
2026-07-08 15:48:00,7519.5,7523,7519,7521.5
2026-07-08 15:49:00,7521.25,7523.75,7521.25,7522.25
2026-07-08 15:50:00,7522.25,7526.75,7520.25,7525.75
2026-07-08 15:51:00,7525.75,7529,7524.25,7527.25
2026-07-08 15:52:00,7527,7528.5,7526,7528
2026-07-08 15:53:00,7528,7530.75,7528,7529.25
2026-07-08 15:54:00,7529.25,7531.75,7529.25,7531.5
2026-07-08 15:55:00,7531.5,7532.75,7529.75,7531
2026-07-08 15:56:00,7531,7532,7529.25,7532
2026-07-08 15:57:00,7532,7536.5,7531.5,7535
2026-07-08 15:58:00,7535,7535.25,7532.5,7534
2026-07-08 15:59:00,7534.25,7536,7526.25,7526.75
2026-07-08 16:00:00,7526.5,7529.5,7523.5,7524.25
2026-07-08 16:01:00,7524,7525.25,7522.75,7524
2026-07-08 16:02:00,7523.75,7524.5,7522.75,7523.25
2026-07-08 16:03:00,7523.25,7524.5,7522.5,7524
2026-07-08 16:04:00,7523.75,7526,7523.75,7525.75
2026-07-08 16:05:00,7525.75,7526.25,7523.75,7525.5
2026-07-08 16:06:00,7525.5,7526.75,7524,7525.5
2026-07-08 16:07:00,7525.5,7525.75,7524.5,7524.75
2026-07-08 16:08:00,7524.75,7525.25,7524,7525.25
2026-07-08 16:09:00,7525.25,7526.25,7525,7525.25
2026-07-08 16:10:00,7525.5,7525.5,7522.5,7522.5
2026-07-08 16:11:00,7522.75,7523,7518.5,7521.75
2026-07-08 16:12:00,7521.75,7522.25,7520.5,7520.75
2026-07-08 16:13:00,7521,7523,7521,7522.75
2026-07-08 16:14:00,7522.5,7524.5,7522.5,7523.75
2026-07-08 16:15:00,7523.75,7524,7521.5,7521.75
2026-07-08 16:16:00,7521.5,7521.5,7517.75,7519
2026-07-08 16:17:00,7519,7519.5,7518.25,7518.5
2026-07-08 16:18:00,7518.75,7520.25,7518.5,7519.75
2026-07-08 16:19:00,7519.75,7520,7518.25,7518.25
2026-07-08 16:20:00,7518.5,7519,7517.5,7518.25
2026-07-08 16:21:00,7518.25,7518.5,7517,7517.75
2026-07-08 16:22:00,7517.5,7518,7517.25,7517.75
2026-07-08 16:23:00,7517.5,7518.5,7517,7518
2026-07-08 16:24:00,7517.75,7518.5,7517.25,7517.75
2026-07-08 16:25:00,7517.75,7518,7517,7517.5
2026-07-08 16:26:00,7517.5,7518,7516.75,7516.75
2026-07-08 16:27:00,7516.75,7517.75,7516.5,7516.75
2026-07-08 16:28:00,7516.75,7518.25,7516.5,7517.75
2026-07-08 16:29:00,7518,7518,7517,7517.75
2026-07-08 16:30:00,7517.75,7518.75,7516.5,7517.25
2026-07-08 16:31:00,7517.25,7517.25,7514.25,7514.75
2026-07-08 16:32:00,7514.75,7515.5,7513.75,7515.25
2026-07-08 16:33:00,7515.25,7516,7514,7514.25
2026-07-08 16:34:00,7514.25,7514.25,7512.25,7513.25
2026-07-08 16:35:00,7513.25,7513.5,7510.5,7511.75
2026-07-08 16:36:00,7511.75,7512,7508,7510
2026-07-08 16:37:00,7509.75,7511.75,7509.75,7509.75
2026-07-08 16:38:00,7509.75,7511,7509,7510.75
2026-07-08 16:39:00,7510.5,7513.5,7510.25,7513
2026-07-08 16:40:00,7513.25,7517,7512.75,7515
2026-07-08 16:41:00,7514.75,7516.5,7514.5,7516
2026-07-08 16:42:00,7516,7517.25,7515.5,7516.75
2026-07-08 16:43:00,7516.5,7518,7516.25,7517.25
2026-07-08 16:44:00,7517.25,7517.25,7514.5,7514.75
2026-07-08 16:45:00,7514.75,7515.5,7514,7514.5
2026-07-08 16:46:00,7514.75,7515.25,7514.25,7515.25
2026-07-08 16:47:00,7515,7516.5,7514.75,7516.5
2026-07-08 16:48:00,7516.5,7517,7515.25,7516
2026-07-08 16:49:00,7515.75,7516,7514.25,7515.5
2026-07-08 16:50:00,7515.5,7516.5,7515,7516.5
2026-07-08 16:51:00,7516.5,7518.5,7516.5,7518.5
2026-07-08 16:52:00,7518.25,7518.75,7517,7517
2026-07-08 16:53:00,7517,7517.25,7515.75,7516.5
2026-07-08 16:54:00,7516.75,7516.75,7515.75,7515.75
2026-07-08 16:55:00,7516,7516.25,7515,7515
2026-07-08 16:56:00,7515,7516.5,7514.75,7516.25
2026-07-08 16:57:00,7516,7517,7515,7515.75
2026-07-08 16:58:00,7515.75,7516.75,7514.5,7516.75
2026-07-08 16:59:00,7516.5,7517.5,7512,7515.5
2026-07-08 17:00:00,7528.75,7528.75,7528.75,7528.75
2026-07-08 18:00:00,7517.25,7521,7516.75,7520
2026-07-08 18:01:00,7520,7520.25,7518,7520
2026-07-08 18:02:00,7520,7522.75,7519.5,7522.5
2026-07-08 18:03:00,7522.25,7523,7522,7522.25
2026-07-08 18:04:00,7522.25,7522.25,7521,7522
2026-07-08 18:05:00,7521.5,7522,7520.5,7521.25
2026-07-08 18:06:00,7521.25,7523,7521.25,7521.5
2026-07-08 18:07:00,7521,7521,7517.5,7519.25
2026-07-08 18:08:00,7519.5,7521,7519,7520.25
2026-07-08 18:09:00,7520.5,7520.75,7519.25,7520.5
2026-07-08 18:10:00,7520.5,7522,7520.25,7521.5
2026-07-08 18:11:00,7521,7521.75,7520.25,7521.5
2026-07-08 18:12:00,7521.25,7522,7520.25,7520.25
2026-07-08 18:13:00,7520.75,7521.25,7520.25,7520.25
2026-07-08 18:14:00,7520.5,7520.5,7520,7520.5
2026-07-08 18:15:00,7520.5,7521.75,7520.5,7521.75
2026-07-08 18:16:00,7521.75,7522.5,7521.75,7522.25
2026-07-08 18:17:00,7522.25,7522.75,7521.25,7521.75
2026-07-08 18:18:00,7521.75,7522,7519.5,7519.5
2026-07-08 18:19:00,7519.5,7521.25,7519.25,7520.5
2026-07-08 18:20:00,7520.25,7520.25,7518.75,7519.25
2026-07-08 18:21:00,7519.25,7519.5,7518.5,7518.75
2026-07-08 18:22:00,7518.75,7518.75,7518.25,7518.5
2026-07-08 18:23:00,7518.75,7519.5,7518.5,7518.5
2026-07-08 18:24:00,7519,7520,7519,7519.75
2026-07-08 18:25:00,7519.75,7519.75,7518.5,7518.75
2026-07-08 18:26:00,7518.75,7518.75,7517,7517.5
2026-07-08 18:27:00,7517.75,7518.5,7517.5,7518
2026-07-08 18:28:00,7518,7518.75,7517.75,7518.5
2026-07-08 18:29:00,7518.75,7519.5,7518,7519
2026-07-08 18:30:00,7519.5,7521.5,7518.5,7518.5
2026-07-08 18:31:00,7518.25,7518.75,7517.75,7518
2026-07-08 18:32:00,7518,7518.25,7517,7517.75
2026-07-08 18:33:00,7517.75,7519.25,7517.5,7519
2026-07-08 18:34:00,7518.75,7523.25,7517.75,7522
2026-07-08 18:35:00,7521.75,7522,7519.75,7520.5
2026-07-08 18:36:00,7520.5,7521.25,7520.5,7521
2026-07-08 18:37:00,7520.75,7521.25,7519.25,7519.25
2026-07-08 18:38:00,7519.25,7520.25,7518.5,7518.75
2026-07-08 18:39:00,7518.75,7519,7517.5,7518
2026-07-08 18:40:00,7518.25,7519,7518.25,7518.5
2026-07-08 18:41:00,7518.25,7518.25,7517.25,7518.25
2026-07-08 18:42:00,7518,7518.25,7517.75,7518.25
2026-07-08 18:43:00,7518,7518.25,7516.75,7517.75
2026-07-08 18:44:00,7517.75,7518.5,7516.75,7516.75
2026-07-08 18:45:00,7517,7518.5,7516.75,7517.5
2026-07-08 18:46:00,7517.5,7517.75,7517.25,7517.75
2026-07-08 18:47:00,7517.75,7518,7517.25,7517.75
2026-07-08 18:48:00,7517.75,7518.25,7517.75,7517.75
2026-07-08 18:49:00,7518,7518.25,7518,7518.25
2026-07-08 18:50:00,7518,7518.75,7517.5,7517.5
2026-07-08 18:51:00,7518,7518.25,7517.75,7518.25
2026-07-08 18:52:00,7518.25,7519,7518.25,7519
2026-07-08 18:53:00,7519.25,7519.25,7517.5,7518
2026-07-08 18:54:00,7518,7518,7516.25,7517.25
2026-07-08 18:55:00,7517.5,7517.5,7517,7517.25
2026-07-08 18:56:00,7517.5,7518,7517.5,7518
2026-07-08 18:57:00,7517.75,7518,7517.75,7517.75
2026-07-08 18:58:00,7517.75,7518.25,7517.75,7518.25
2026-07-08 18:59:00,7518.25,7519.5,7518.25,7519
2026-07-08 19:00:00,7519,7519.75,7518.75,7519.75
2026-07-08 19:01:00,7519.75,7520.75,7519,7519.25
2026-07-08 19:02:00,7519.25,7519.75,7519,7519
2026-07-08 19:03:00,7519,7520,7519,7519.75
2026-07-08 19:04:00,7519.5,7519.75,7519,7519.5
2026-07-08 19:05:00,7519.25,7520,7519,7520
2026-07-08 19:06:00,7520.25,7522.5,7520.25,7522
2026-07-08 19:07:00,7521.75,7522.5,7521.75,7521.75
2026-07-08 19:08:00,7522,7522.25,7521.75,7522
2026-07-08 19:09:00,7522.25,7522.75,7521.5,7522
2026-07-08 19:10:00,7522,7522,7521.5,7522
2026-07-08 19:11:00,7522.25,7522.25,7521.75,7522.25
2026-07-08 19:12:00,7522.25,7522.5,7521.75,7521.75
2026-07-08 19:13:00,7521.5,7522,7521.5,7522
2026-07-08 19:14:00,7521.75,7522.25,7521.5,7522.25
2026-07-08 19:15:00,7522,7522.25,7522,7522
2026-07-08 19:16:00,7522.25,7522.25,7521,7521.25
2026-07-08 19:17:00,7521,7521,7518.5,7519
2026-07-08 19:18:00,7519.25,7519.25,7519,7519.25
2026-07-08 19:19:00,7519,7519,7518,7518
2026-07-08 19:20:00,7517.75,7517.75,7516.25,7517.75
2026-07-08 19:21:00,7517.5,7517.5,7517,7517.25
2026-07-08 19:22:00,7517.25,7517.75,7517.25,7517.75
2026-07-08 19:23:00,7518,7519.25,7517.75,7518.75
2026-07-08 19:24:00,7519,7519.75,7519,7519
2026-07-08 19:25:00,7519,7519.25,7518.25,7518.25
2026-07-08 19:26:00,7518,7518.5,7517.5,7518.25
2026-07-08 19:27:00,7518.75,7519.25,7518.75,7519
2026-07-08 19:28:00,7519,7519.5,7518.25,7519
2026-07-08 19:29:00,7519.25,7520.25,7519.25,7520.25
2026-07-08 19:30:00,7520,7520,7518.5,7518.5
2026-07-08 19:31:00,7518.5,7518.75,7517.75,7518.5
2026-07-08 19:32:00,7519,7520.25,7519,7520.25
2026-07-08 19:33:00,7519.75,7522.5,7519.75,7522
2026-07-08 19:34:00,7521.75,7521.75,7521,7521.25
2026-07-08 19:35:00,7521.25,7525.25,7520.5,7525
2026-07-08 19:36:00,7524.75,7524.75,7521.75,7522.75
2026-07-08 19:37:00,7522.75,7523,7522.25,7522.25
2026-07-08 19:38:00,7522.25,7522.25,7520.5,7521
2026-07-08 19:39:00,7521,7521.5,7521,7521.25
2026-07-08 19:40:00,7521.25,7522.75,7520.75,7522.75
2026-07-08 19:41:00,7522.5,7523.5,7522.5,7523.25
2026-07-08 19:42:00,7523.25,7523.5,7522,7522.25
2026-07-08 19:43:00,7522.5,7523.25,7522.25,7522.5
2026-07-08 19:44:00,7522.75,7524.75,7522.75,7524.25
2026-07-08 19:45:00,7524.25,7526.25,7523.75,7526.25
2026-07-08 19:46:00,7526.25,7527,7523.75,7524.5
2026-07-08 19:47:00,7524.75,7525.25,7523.5,7524.25
2026-07-08 19:48:00,7524.5,7525.25,7524.5,7524.75
2026-07-08 19:49:00,7524.5,7524.75,7523.25,7524.75
2026-07-08 19:50:00,7525,7525.25,7523.25,7524.75
2026-07-08 19:51:00,7524.25,7524.75,7523.5,7524
2026-07-08 19:52:00,7523.75,7524.25,7523.25,7524.25
2026-07-08 19:53:00,7524.25,7525.75,7523.5,7525
2026-07-08 19:54:00,7525,7525.75,7525,7525.5
2026-07-08 19:55:00,7525.5,7527.25,7525.5,7527
2026-07-08 19:56:00,7527.5,7528.25,7526.5,7527.25
2026-07-08 19:57:00,7527.25,7528.25,7527.25,7528.25
2026-07-08 19:58:00,7528.25,7528.25,7527.25,7527.25
2026-07-08 19:59:00,7527,7528.25,7527,7527
2026-07-08 20:00:00,7527,7531,7527,7527.75
2026-07-08 20:01:00,7527.5,7529,7525.75,7526
2026-07-08 20:02:00,7526,7528.25,7525.75,7528
2026-07-08 20:03:00,7528,7529.5,7528,7529
2026-07-08 20:04:00,7528.75,7530.25,7528.25,7528.75
2026-07-08 20:05:00,7528.5,7529.5,7527.25,7529.5
2026-07-08 20:06:00,7529.5,7530,7528,7529.25
2026-07-08 20:07:00,7529,7530.75,7529,7530.25
2026-07-08 20:08:00,7530.25,7532,7529.25,7531.75
2026-07-08 20:09:00,7531.75,7532.5,7530.5,7530.75
2026-07-08 20:10:00,7530.75,7531,7529,7529.75
2026-07-08 20:11:00,7529.75,7533,7529.75,7532.25
2026-07-08 20:12:00,7532,7532.75,7531.5,7532.5
2026-07-08 20:13:00,7532.5,7533.25,7532.25,7533
2026-07-08 20:14:00,7533,7534,7532.75,7533.25
2026-07-08 20:15:00,7533.25,7533.75,7532.5,7533.75
2026-07-08 20:16:00,7533.5,7534,7530.5,7530.75
2026-07-08 20:17:00,7531,7531.5,7529.75,7531
2026-07-08 20:18:00,7530.75,7531,7527.5,7529.25
2026-07-08 20:19:00,7529.25,7529.25,7527,7527.75
2026-07-08 20:20:00,7527.75,7528.75,7527.5,7528.25
2026-07-08 20:21:00,7528.25,7530.75,7527.75,7530.75
2026-07-08 20:22:00,7530.25,7531.25,7530,7530
2026-07-08 20:23:00,7530.25,7531,7530,7530.5
2026-07-08 20:24:00,7530.25,7530.5,7530,7530.25
2026-07-08 20:25:00,7530.25,7531.25,7530.25,7530.25
2026-07-08 20:26:00,7530,7531,7529.75,7530.5
2026-07-08 20:27:00,7530.5,7531.75,7530.25,7531.75
2026-07-08 20:28:00,7531.5,7532.25,7531.25,7532.25
2026-07-08 20:29:00,7532,7534.25,7532,7533.5
2026-07-08 20:30:00,7533.5,7537,7533.5,7535.75
2026-07-08 20:31:00,7535.75,7536.25,7532,7532.5
2026-07-08 20:32:00,7532.5,7534.5,7532,7534
2026-07-08 20:33:00,7534,7534.25,7531.5,7532
2026-07-08 20:34:00,7532.25,7532.75,7531.25,7532.5
2026-07-08 20:35:00,7532.25,7532.5,7531,7531.5
2026-07-08 20:36:00,7531.5,7535,7531.25,7534.75
2026-07-08 20:37:00,7534.75,7535.5,7534.25,7535
2026-07-08 20:38:00,7534.75,7536,7534.5,7535.75
2026-07-08 20:39:00,7535.5,7535.75,7533.5,7534
2026-07-08 20:40:00,7533.75,7533.75,7531,7532.75
2026-07-08 20:41:00,7532.5,7532.75,7531.5,7531.5
2026-07-08 20:42:00,7531.5,7532.25,7531.5,7531.75
2026-07-08 20:43:00,7531.75,7532.5,7531.5,7532.25
2026-07-08 20:44:00,7531.75,7532.25,7531.25,7531.75
2026-07-08 20:45:00,7531.5,7532.75,7531,7532.5
2026-07-08 20:46:00,7532.5,7534,7532.5,7533.25
2026-07-08 20:47:00,7533,7534.25,7532.75,7533.75
2026-07-08 20:48:00,7533.5,7534.25,7533.5,7534
2026-07-08 20:49:00,7533.75,7536.25,7533.75,7535.5
2026-07-08 20:50:00,7535.75,7535.75,7533.5,7533.75
2026-07-08 20:51:00,7533.5,7534.25,7531.75,7532.25
2026-07-08 20:52:00,7532.25,7532.5,7530.75,7531.5
2026-07-08 20:53:00,7531.25,7532.5,7530.75,7530.75
2026-07-08 20:54:00,7530.5,7531,7528.75,7529.25
2026-07-08 20:55:00,7529.5,7530,7528.75,7530
2026-07-08 20:56:00,7530,7531.75,7529.25,7531.5
2026-07-08 20:57:00,7531.5,7531.5,7529.25,7530.25
2026-07-08 20:58:00,7530,7531,7529.75,7531
2026-07-08 20:59:00,7530.75,7532.5,7530.5,7532.25
2026-07-08 21:00:00,7532.25,7533,7531,7533
2026-07-08 21:01:00,7533,7534,7532,7532.25
2026-07-08 21:02:00,7532.25,7532.75,7529.25,7529.75
2026-07-08 21:03:00,7529.75,7530.5,7529.25,7529.25
2026-07-08 21:04:00,7529.25,7529.5,7527.75,7529.25
2026-07-08 21:05:00,7529.25,7530.25,7528.5,7530
2026-07-08 21:06:00,7530,7531.25,7529.5,7531
2026-07-08 21:07:00,7531.25,7533.25,7531.25,7533.25
2026-07-08 21:08:00,7533,7533.75,7532.75,7533.5
2026-07-08 21:09:00,7533.25,7535.5,7533.25,7535.25
2026-07-08 21:10:00,7535.25,7535.5,7534.5,7534.75
2026-07-08 21:11:00,7534.5,7535,7534,7534.5
2026-07-08 21:12:00,7534.25,7535,7533.75,7534.5
2026-07-08 21:13:00,7534.5,7534.5,7533.75,7533.75
2026-07-08 21:14:00,7534,7534.25,7532.75,7532.75
2026-07-08 21:15:00,7533,7533.25,7531.25,7532.75
2026-07-08 21:16:00,7532.5,7533.25,7532.25,7533
2026-07-08 21:17:00,7533,7534.25,7533,7534
2026-07-08 21:18:00,7534.25,7535.75,7533.75,7534.75
2026-07-08 21:19:00,7534.75,7535.25,7534.5,7535.25
2026-07-08 21:20:00,7535.25,7537.5,7534.5,7535
2026-07-08 21:21:00,7535,7535.25,7533.5,7534
2026-07-08 21:22:00,7534,7534.5,7533.25,7534.5
2026-07-08 21:23:00,7534.75,7534.75,7533.5,7533.5
2026-07-08 21:24:00,7534,7534,7532.25,7533.25
2026-07-08 21:25:00,7533.25,7533.75,7531.75,7531.75
2026-07-08 21:26:00,7531.5,7532.25,7531,7531.5
2026-07-08 21:27:00,7531.75,7533.25,7531,7533.25
2026-07-08 21:28:00,7533.5,7534,7532.25,7532.75
2026-07-08 21:29:00,7532.75,7534,7532.5,7533.75
2026-07-08 21:30:00,7534,7535.5,7532.5,7532.75
2026-07-08 21:31:00,7532.75,7533.5,7531.5,7533.5
2026-07-08 21:32:00,7533.75,7535.25,7533,7534.25
2026-07-08 21:33:00,7534.25,7534.25,7533.25,7533.5
2026-07-08 21:34:00,7533.75,7534,7533,7533.75
2026-07-08 21:35:00,7533.75,7535.25,7533.5,7534.75
2026-07-08 21:36:00,7535,7535.75,7535,7535.5
2026-07-08 21:37:00,7535.25,7535.25,7534,7534.75
2026-07-08 21:38:00,7534.75,7535.25,7534.25,7534.5
2026-07-08 21:39:00,7534.25,7534.75,7534,7534.5
2026-07-08 21:40:00,7534.5,7534.5,7533.75,7533.75
2026-07-08 21:41:00,7533.75,7534.5,7533.25,7533.75
2026-07-08 21:42:00,7534.5,7535.5,7534.25,7535.5
2026-07-08 21:43:00,7535.5,7535.5,7534.25,7535
2026-07-08 21:44:00,7535.25,7536.5,7535,7536
2026-07-08 21:45:00,7536,7536.25,7535.5,7535.75
2026-07-08 21:46:00,7535.75,7535.75,7534,7535.75
2026-07-08 21:47:00,7536,7536.75,7536,7536.5
2026-07-08 21:48:00,7536.25,7537.75,7536.25,7536.25
2026-07-08 21:49:00,7536.25,7537.75,7535.75,7537.75
2026-07-08 21:50:00,7537.75,7538,7535.75,7536.5
2026-07-08 21:51:00,7536.5,7537.25,7536.5,7537
2026-07-08 21:52:00,7537,7537,7534.75,7534.75
2026-07-08 21:53:00,7534.5,7534.75,7532.5,7532.75
2026-07-08 21:54:00,7532.75,7532.75,7531.25,7531.25
2026-07-08 21:55:00,7531.25,7531.5,7528.75,7531
2026-07-08 21:56:00,7531.25,7531.5,7528.5,7530
2026-07-08 21:57:00,7529.75,7531,7529.25,7530.25
2026-07-08 21:58:00,7530.25,7531,7529.25,7529.5
2026-07-08 21:59:00,7529.5,7531,7529.25,7530.25
2026-07-08 22:00:00,7530.25,7531.5,7529,7529.25
2026-07-08 22:01:00,7529.5,7530.25,7529,7529
2026-07-08 22:02:00,7529,7529,7527,7528.25
2026-07-08 22:03:00,7528.5,7530,7527.5,7529.75
2026-07-08 22:04:00,7529.75,7531.25,7529.75,7530.75
2026-07-08 22:05:00,7531,7532,7530.25,7531.75
2026-07-08 22:06:00,7531.75,7532,7531,7531
2026-07-08 22:07:00,7531,7533.75,7530.5,7533.75
2026-07-08 22:08:00,7533.75,7536.75,7533.75,7535
2026-07-08 22:09:00,7534.75,7536,7534.5,7535.5
2026-07-08 22:10:00,7535.25,7537.25,7535,7536.25
2026-07-08 22:11:00,7536.25,7536.25,7536.25,7536.25
2026-07-08 22:12:00,7538,7538,7537,7537.5
2026-07-08 22:13:00,7537.5,7537.5,7536.5,7537.25
2026-07-08 22:14:00,7537,7538.5,7537,7538.5
2026-07-08 22:15:00,7538.25,7539.5,7538.25,7539.5
2026-07-08 22:16:00,7539.25,7540.25,7538.5,7538.5
2026-07-08 22:17:00,7538.75,7539,7536.75,7537
2026-07-08 22:18:00,7537.75,7539.5,7537.75,7539.25
2026-07-08 22:19:00,7539.5,7540,7539.25,7540
2026-07-08 22:20:00,7539.75,7540.75,7539.5,7540.75
2026-07-08 22:21:00,7540.25,7543,7540.25,7541
2026-07-08 22:22:00,7541.75,7541.75,7540,7540.25
2026-07-08 22:23:00,7540,7540.75,7539.75,7540.75
2026-07-08 22:24:00,7540.5,7540.5,7538.25,7538.25
2026-07-08 22:25:00,7538.5,7540,7538.5,7538.75
2026-07-08 22:26:00,7538.5,7538.75,7538,7538.5
2026-07-08 22:27:00,7538.25,7538.75,7537.75,7537.75
2026-07-08 22:28:00,7537.5,7538.75,7537.5,7538.75
2026-07-08 22:29:00,7539,7540,7538.75,7539.5
2026-07-08 22:30:00,7539.25,7540.5,7539.25,7540.25
2026-07-08 22:31:00,7539.75,7540.5,7539.75,7540.5
2026-07-08 22:32:00,7540.25,7540.25,7539,7539
2026-07-08 22:33:00,7539.25,7539.25,7537.75,7537.75
2026-07-08 22:34:00,7537.75,7538,7537,7537
2026-07-08 22:35:00,7537,7537,7534,7534
2026-07-08 22:36:00,7534,7534.5,7533.25,7534.5
2026-07-08 22:37:00,7535,7535.75,7534.25,7535.25
2026-07-08 22:38:00,7534.75,7536.75,7534.75,7536.75
2026-07-08 22:39:00,7536.75,7537.5,7535.75,7535.75
2026-07-08 22:40:00,7535.75,7536.25,7535.75,7536
2026-07-08 22:41:00,7535.5,7535.5,7534.25,7534.75
2026-07-08 22:42:00,7534.5,7535,7533.75,7533.75
2026-07-08 22:43:00,7533.75,7534.5,7533.75,7534
2026-07-08 22:44:00,7533.75,7534,7531.5,7531.5
2026-07-08 22:45:00,7531.75,7532,7531.25,7531.25
2026-07-08 22:46:00,7531,7531.75,7531,7531
2026-07-08 22:47:00,7531,7531.5,7531,7531.25
2026-07-08 22:48:00,7531,7531.75,7530,7530
2026-07-08 22:49:00,7529.75,7530.5,7529,7530
2026-07-08 22:50:00,7529.75,7530.25,7529.5,7529.5
2026-07-08 22:51:00,7530,7530,7528.25,7528.75
2026-07-08 22:52:00,7528.5,7529.25,7528,7528.5
2026-07-08 22:53:00,7528,7528.75,7527,7528
2026-07-08 22:54:00,7528.5,7529.75,7528.25,7529.5
2026-07-08 22:55:00,7529.25,7529.25,7527.75,7529
2026-07-08 22:56:00,7529.25,7530.25,7529.25,7529.5
2026-07-08 22:57:00,7530,7530.25,7528.25,7528.25
2026-07-08 22:58:00,7528.25,7529,7528.25,7528.75
2026-07-08 22:59:00,7528.5,7528.75,7527.75,7528.25
2026-07-08 23:00:00,7528.75,7528.75,7526.25,7526.5
2026-07-08 23:01:00,7526.75,7527,7525.75,7526.75
2026-07-08 23:02:00,7527.25,7527.5,7526.75,7527.25
2026-07-08 23:03:00,7527.25,7529,7526.75,7526.75
2026-07-08 23:04:00,7527,7527.5,7526.75,7527.25
2026-07-08 23:05:00,7527,7529,7527,7528.5
2026-07-08 23:06:00,7528.75,7529.75,7528.25,7528.75
2026-07-08 23:07:00,7528.75,7529.25,7528.25,7528.5
2026-07-08 23:08:00,7529,7530.25,7528.5,7530.25
2026-07-08 23:09:00,7530,7530,7528.5,7529.25
2026-07-08 23:10:00,7529.75,7529.75,7527,7527.5
2026-07-08 23:11:00,7527,7528.25,7526.75,7528.25
2026-07-08 23:12:00,7528,7528,7526.25,7527
2026-07-08 23:13:00,7527,7527,7526.25,7526.75
2026-07-08 23:14:00,7527,7528,7526.5,7527.5
2026-07-08 23:15:00,7527.75,7528.75,7527.5,7527.75
2026-07-08 23:16:00,7527.5,7527.5,7526.5,7527.25
2026-07-08 23:17:00,7527.25,7527.75,7526.25,7526.25
2026-07-08 23:18:00,7526,7526.25,7525,7526.25
2026-07-08 23:19:00,7526,7526.5,7525.25,7526.25
2026-07-08 23:20:00,7526.75,7527.5,7526.75,7527.25
2026-07-08 23:21:00,7527,7527.25,7525.75,7527
2026-07-08 23:22:00,7527.5,7529.75,7527.25,7529
2026-07-08 23:23:00,7528.75,7529.25,7527.75,7529
2026-07-08 23:24:00,7529,7529.5,7528.5,7529.5
2026-07-08 23:25:00,7529.75,7532,7529.75,7532
2026-07-08 23:26:00,7532,7534,7531.75,7533.75
2026-07-08 23:27:00,7534.25,7534.5,7533.25,7533.25
2026-07-08 23:28:00,7533.75,7534,7533.25,7534
2026-07-08 23:29:00,7533.5,7535,7533.25,7535
2026-07-08 23:30:00,7535,7536.25,7534.5,7534.5
2026-07-08 23:31:00,7535,7535.5,7534.25,7535.25
2026-07-08 23:32:00,7535.25,7537.5,7535.25,7536.75
2026-07-08 23:33:00,7537,7538.75,7537,7538.25
2026-07-08 23:34:00,7538.25,7538.75,7537.5,7537.5
2026-07-08 23:35:00,7537.25,7537.75,7536.75,7537.75
2026-07-08 23:36:00,7537.5,7537.5,7536.75,7537.25
2026-07-08 23:37:00,7537.25,7538,7537.25,7537.5
2026-07-08 23:38:00,7538,7538,7537,7538
2026-07-08 23:39:00,7538.25,7538.25,7537.5,7537.5
2026-07-08 23:40:00,7537.5,7538,7536.75,7537
2026-07-08 23:41:00,7537,7537.75,7536.75,7537
2026-07-08 23:42:00,7536.5,7537.5,7536.5,7537
2026-07-08 23:43:00,7537.25,7538,7537,7537.75
2026-07-08 23:44:00,7538,7538.75,7537.5,7538.75
2026-07-08 23:45:00,7539.25,7539.25,7538.5,7538.75
2026-07-08 23:46:00,7539,7539.75,7538.75,7538.75
2026-07-08 23:47:00,7538.5,7539,7537.5,7539
2026-07-08 23:48:00,7539.25,7539.75,7538.75,7539
2026-07-08 23:49:00,7539,7539.25,7538.75,7538.75
2026-07-08 23:50:00,7538.75,7539.5,7538.5,7538.75
2026-07-08 23:51:00,7538.5,7539,7538.25,7538.75
2026-07-08 23:52:00,7538.75,7539,7538.25,7538.75
2026-07-08 23:53:00,7539,7539.5,7538.5,7539
2026-07-08 23:54:00,7539,7539.25,7538.25,7539.25
2026-07-08 23:55:00,7539.25,7539.5,7539.25,7539.5
2026-07-08 23:56:00,7539.5,7539.5,7539,7539.5
2026-07-08 23:57:00,7539.25,7539.25,7538,7538.5
2026-07-08 23:58:00,7538.75,7539,7538.5,7539
2026-07-08 23:59:00,7538.75,7539,7538.75,7539
2026-07-09 00:00:00,7539.25,7539.75,7539,7539.5
2026-07-09 00:01:00,7539.75,7540.5,7539.5,7540
2026-07-09 00:02:00,7540,7540.5,7539.25,7539.25
2026-07-09 00:03:00,7539,7539,7538.25,7539
2026-07-09 00:04:00,7538.75,7539.75,7538.5,7539.25
2026-07-09 00:05:00,7539.25,7539.75,7539,7539.75
2026-07-09 00:06:00,7539.75,7540.25,7539,7539
2026-07-09 00:07:00,7538.75,7539.25,7538.5,7539
2026-07-09 00:08:00,7539,7539,7538.5,7539
2026-07-09 00:09:00,7539.25,7539.5,7538.75,7539.5
2026-07-09 00:10:00,7539.25,7539.25,7538.5,7538.5
2026-07-09 00:11:00,7538,7539.25,7538,7538.75
2026-07-09 00:12:00,7539,7539.5,7538.25,7539.5
2026-07-09 00:13:00,7539.5,7539.5,7538.75,7539
2026-07-09 00:14:00,7539,7539.5,7538,7538
2026-07-09 00:15:00,7538.25,7539.5,7538.25,7539
2026-07-09 00:16:00,7539.25,7540.5,7538.75,7540.5
2026-07-09 00:17:00,7540.5,7540.5,7538.75,7539
2026-07-09 00:18:00,7538.75,7539.25,7538,7538.25
2026-07-09 00:19:00,7538,7538.25,7537.75,7538.25
2026-07-09 00:20:00,7538,7538.25,7537.75,7538.25
2026-07-09 00:21:00,7538.25,7538.5,7537.75,7538.5
2026-07-09 00:22:00,7538.5,7538.5,7538,7538.25
2026-07-09 00:23:00,7537.75,7538.25,7537.5,7537.5
2026-07-09 00:24:00,7537.25,7537.25,7536.25,7536.25
2026-07-09 00:25:00,7536.75,7536.75,7535.25,7535.25
2026-07-09 00:26:00,7535.5,7535.75,7535.25,7535.75
2026-07-09 00:27:00,7535.5,7536,7535.5,7536
2026-07-09 00:28:00,7536.25,7537.5,7536.25,7536.5
2026-07-09 00:29:00,7536.5,7537.25,7536.25,7536.5
2026-07-09 00:30:00,7537,7538.75,7537,7538.75
2026-07-09 00:31:00,7539,7541,7539,7541
2026-07-09 00:32:00,7540.75,7542.75,7540.75,7542.75
2026-07-09 00:33:00,7542.5,7543,7541.75,7541.75
2026-07-09 00:34:00,7542.25,7542.75,7541.75,7542
2026-07-09 00:35:00,7541.75,7542.25,7541.75,7542
2026-07-09 00:36:00,7541.75,7542.5,7540.75,7542.5
2026-07-09 00:37:00,7542.5,7543,7541.75,7543
2026-07-09 00:38:00,7542.75,7543.25,7542,7543
2026-07-09 00:39:00,7543,7543.5,7543,7543
2026-07-09 00:40:00,7542.75,7543.25,7542.25,7542.25
2026-07-09 00:41:00,7542,7543.25,7542,7543
2026-07-09 00:42:00,7543,7543.25,7542.25,7542.5
2026-07-09 00:43:00,7542.25,7543.75,7542.25,7543.5
2026-07-09 00:44:00,7543.5,7543.5,7543,7543.5
2026-07-09 00:45:00,7543.75,7543.75,7543,7543.25
2026-07-09 00:46:00,7543.25,7543.5,7543,7543
2026-07-09 00:47:00,7543,7543.5,7542.5,7543.5
2026-07-09 00:48:00,7543.75,7543.75,7542.5,7543.25
2026-07-09 00:49:00,7543,7543,7542,7542.25
2026-07-09 00:50:00,7542.5,7544,7542.5,7544
2026-07-09 00:51:00,7543.75,7544.5,7543.5,7544.25
2026-07-09 00:52:00,7544.5,7544.75,7544.25,7544.5
2026-07-09 00:53:00,7544.75,7544.75,7544,7544.25
2026-07-09 00:54:00,7544,7545.5,7544,7545.5
2026-07-09 00:55:00,7545.5,7546.5,7545.25,7545.5
2026-07-09 00:56:00,7545.25,7545.75,7545.25,7545.75
2026-07-09 00:57:00,7545.5,7546,7545.5,7545.75
2026-07-09 00:58:00,7545.5,7546,7545.5,7545.5
2026-07-09 00:59:00,7545.75,7546.25,7545.75,7546.25
2026-07-09 01:00:00,7546.25,7546.25,7545.25,7546.25
2026-07-09 01:01:00,7546.5,7547,7546,7546
2026-07-09 01:02:00,7545.5,7545.75,7544.75,7544.75
2026-07-09 01:03:00,7544.25,7544.5,7544.25,7544.5
2026-07-09 01:04:00,7544,7544,7543.5,7544
2026-07-09 01:05:00,7544.25,7544.25,7542.25,7542.25
2026-07-09 01:06:00,7541.75,7542.25,7541.25,7541.75
2026-07-09 01:07:00,7541.75,7542,7541,7541
2026-07-09 01:08:00,7541,7541.75,7541,7541.5
2026-07-09 01:09:00,7541.25,7542.5,7540.75,7542
2026-07-09 01:10:00,7542.25,7543.75,7542.25,7543
2026-07-09 01:11:00,7543.25,7552.75,7543,7550.5
2026-07-09 01:12:00,7549.5,7550.25,7548.75,7549.5
2026-07-09 01:13:00,7550.25,7552,7550.25,7550.75
2026-07-09 01:14:00,7550.25,7550.25,7548.5,7549
2026-07-09 01:15:00,7549.75,7549.75,7548,7548.25
2026-07-09 01:16:00,7547.5,7547.75,7547,7547.5
2026-07-09 01:17:00,7545.25,7546,7544,7545.75
2026-07-09 01:18:00,7546,7546,7542.25,7543.5
2026-07-09 01:19:00,7543,7543.25,7542.25,7543.25
2026-07-09 01:20:00,7543.5,7543.5,7542.5,7543
2026-07-09 01:21:00,7542.75,7543,7542,7542
2026-07-09 01:22:00,7542,7542,7541,7541.5
2026-07-09 01:23:00,7542,7542,7541,7541.25
2026-07-09 01:24:00,7541.5,7542.5,7541.25,7541.75
2026-07-09 01:25:00,7542,7542.5,7541.25,7541.25
2026-07-09 01:26:00,7541,7542,7541,7542
2026-07-09 01:27:00,7542,7542.75,7541.75,7541.75
2026-07-09 01:28:00,7542,7542.75,7541.75,7542.5
2026-07-09 01:29:00,7542.25,7542.25,7541.25,7541.25
2026-07-09 01:30:00,7541.5,7541.5,7537.75,7537.75
2026-07-09 01:31:00,7537.5,7538.25,7537.25,7538.25
2026-07-09 01:32:00,7537.5,7537.5,7536,7536.75
2026-07-09 01:33:00,7537,7540,7537,7540
2026-07-09 01:34:00,7539.75,7543.25,7539.75,7543.25
2026-07-09 01:35:00,7543.5,7544.5,7543,7543.75
2026-07-09 01:36:00,7544,7544.5,7542.75,7544.25
2026-07-09 01:37:00,7543.25,7544,7542.25,7543
2026-07-09 01:38:00,7542.75,7543.75,7542.75,7542.75
2026-07-09 01:39:00,7543,7543.75,7542.25,7543
2026-07-09 01:40:00,7543.25,7543.5,7542.75,7543.5
2026-07-09 01:41:00,7544,7544,7542.25,7542.25
2026-07-09 01:42:00,7543,7543.25,7541.5,7541.75
2026-07-09 01:43:00,7541.5,7543,7541.5,7543
2026-07-09 01:44:00,7543.25,7545,7543,7545
2026-07-09 01:45:00,7544.5,7545,7544.25,7544.5
2026-07-09 01:46:00,7544.25,7545.5,7544.25,7545
2026-07-09 01:47:00,7545.5,7547,7545.5,7546.5
2026-07-09 01:48:00,7546.75,7547,7546,7546.5
2026-07-09 01:49:00,7546.75,7548.25,7546.25,7548.25
2026-07-09 01:50:00,7548.5,7548.75,7547.25,7548
2026-07-09 01:51:00,7547.75,7548.75,7547.75,7548.5
2026-07-09 01:52:00,7548.25,7548.75,7547.75,7547.75
2026-07-09 01:53:00,7548,7549,7547.5,7549
2026-07-09 01:54:00,7548.75,7549.5,7548.75,7549
2026-07-09 01:55:00,7548.75,7550.5,7548,7550.5
2026-07-09 01:56:00,7550.25,7550.5,7550,7550
2026-07-09 01:57:00,7550.25,7550.5,7550,7550.25
2026-07-09 01:58:00,7550.25,7551.75,7550.25,7551.5
2026-07-09 01:59:00,7551.5,7552.75,7551,7552.75
2026-07-09 02:00:00,7552.75,7553.5,7552.25,7553.5
2026-07-09 02:01:00,7553,7553,7551.75,7552
2026-07-09 02:02:00,7551.75,7553,7551.5,7552.5
2026-07-09 02:03:00,7552,7553,7552,7552.75
2026-07-09 02:04:00,7553,7553,7550,7550
2026-07-09 02:05:00,7549.75,7549.75,7548.25,7548.25
2026-07-09 02:06:00,7548.5,7548.5,7547,7548
2026-07-09 02:07:00,7548.25,7548.75,7547.25,7547.25
2026-07-09 02:08:00,7547.5,7549,7547.25,7549
2026-07-09 02:09:00,7549,7550.25,7548.75,7549.25
2026-07-09 02:10:00,7549.5,7549.75,7548.75,7548.75
2026-07-09 02:11:00,7548.75,7549,7548,7548
2026-07-09 02:12:00,7548.25,7550,7548.25,7550
2026-07-09 02:13:00,7549.75,7551,7549.75,7550.75
2026-07-09 02:14:00,7550.5,7550.75,7550.25,7550.25
2026-07-09 02:15:00,7550,7552,7549.75,7552
2026-07-09 02:16:00,7552,7552,7551.5,7551.5
2026-07-09 02:17:00,7551.25,7552.75,7551.25,7552.75
2026-07-09 02:18:00,7552.75,7553,7551.25,7551.25
2026-07-09 02:19:00,7551.25,7552,7551.25,7551.75
2026-07-09 02:20:00,7551.5,7551.5,7550.5,7550.75
2026-07-09 02:21:00,7550.25,7551.75,7550.25,7551.25
2026-07-09 02:22:00,7551.25,7552.5,7551.25,7552.5
2026-07-09 02:23:00,7552.75,7552.75,7551.5,7552.25
2026-07-09 02:24:00,7552.25,7552.75,7552,7552.25
2026-07-09 02:25:00,7552.25,7553,7552.25,7553
2026-07-09 02:26:00,7552.75,7553.5,7552.5,7552.5
2026-07-09 02:27:00,7552.75,7552.75,7552,7552.25
2026-07-09 02:28:00,7551.5,7552,7551,7551.25
2026-07-09 02:29:00,7551.5,7551.5,7550.75,7550.75
2026-07-09 02:30:00,7551.25,7551.25,7548.5,7548.75
2026-07-09 02:31:00,7548.5,7551.25,7548.5,7550
2026-07-09 02:32:00,7550.25,7550.75,7549,7549
2026-07-09 02:33:00,7549.25,7549.75,7548.75,7549.5
2026-07-09 02:34:00,7549.25,7549.5,7548.25,7549
2026-07-09 02:35:00,7549.25,7551.5,7549.25,7551.25
2026-07-09 02:36:00,7551.5,7551.5,7550.5,7550.5
2026-07-09 02:37:00,7550.5,7551.75,7550.5,7551.75
2026-07-09 02:38:00,7551.25,7551.5,7550.75,7551
2026-07-09 02:39:00,7551,7551,7550.25,7551
2026-07-09 02:40:00,7550.5,7550.75,7550.25,7550.25
2026-07-09 02:41:00,7550.5,7550.75,7550.25,7550.75
2026-07-09 02:42:00,7550.5,7551.25,7550.5,7551.25
2026-07-09 02:43:00,7551.25,7552.25,7551.25,7551.75
2026-07-09 02:44:00,7551.5,7552,7551,7551.75
2026-07-09 02:45:00,7551.5,7551.5,7550.5,7550.75
2026-07-09 02:46:00,7550.75,7551.25,7550.75,7551.25
2026-07-09 02:47:00,7551,7551,7550,7550
2026-07-09 02:48:00,7549.75,7550.75,7549.75,7550.5
2026-07-09 02:49:00,7551.25,7551.25,7550.25,7550.25
2026-07-09 02:50:00,7550,7550.75,7550,7550.5
2026-07-09 02:51:00,7551.25,7551.25,7550.75,7550.75
2026-07-09 02:52:00,7551,7551.5,7550.75,7550.75
2026-07-09 02:53:00,7550.75,7550.75,7550.25,7550.25
2026-07-09 02:54:00,7550.25,7550.25,7550,7550
2026-07-09 02:55:00,7549,7549.75,7549,7549.75
2026-07-09 02:56:00,7549.75,7550,7549.5,7550
2026-07-09 02:57:00,7549.75,7549.75,7548.5,7548.5
2026-07-09 02:58:00,7548.75,7548.75,7548.5,7548.75
2026-07-09 02:59:00,7548.25,7550,7548.25,7549.5
2026-07-09 03:00:00,7549.25,7552,7548.75,7551.25
2026-07-09 03:01:00,7550.75,7552,7550.75,7552
2026-07-09 03:02:00,7551.75,7553,7551.5,7552.25
2026-07-09 03:03:00,7552.75,7553,7551.75,7552.75
2026-07-09 03:04:00,7552.5,7553,7551,7551
2026-07-09 03:05:00,7551.25,7552,7549.5,7549.5
2026-07-09 03:06:00,7549.75,7550,7549,7550
2026-07-09 03:07:00,7549.75,7551,7549.25,7550.75
2026-07-09 03:08:00,7551,7551,7550,7550.5
2026-07-09 03:09:00,7550.5,7550.5,7549.75,7549.75
2026-07-09 03:10:00,7549.25,7549.5,7548.25,7549.5
2026-07-09 03:11:00,7549,7550.25,7549,7549.75
2026-07-09 03:12:00,7549.5,7550.5,7549.5,7550.5
2026-07-09 03:13:00,7550.25,7551.75,7550.25,7551.75
2026-07-09 03:14:00,7551.25,7553,7551.25,7553
2026-07-09 03:15:00,7553.25,7554.25,7553,7553
2026-07-09 03:16:00,7552.75,7553.25,7552.75,7553.25
2026-07-09 03:17:00,7553,7553.5,7552.75,7553.25
2026-07-09 03:18:00,7552.75,7552.75,7552,7552
2026-07-09 03:19:00,7552.5,7552.75,7551.75,7552.5
2026-07-09 03:20:00,7552.25,7552.25,7551.5,7552
2026-07-09 03:21:00,7552,7552.25,7550,7550
2026-07-09 03:22:00,7549.5,7550.5,7549.5,7550.5
2026-07-09 03:23:00,7550.25,7551.25,7549.5,7550.75
2026-07-09 03:24:00,7550.5,7551.5,7550.5,7551
2026-07-09 03:25:00,7551,7551.5,7550.25,7550.5
2026-07-09 03:26:00,7550.75,7551,7550.5,7550.75
2026-07-09 03:27:00,7550.25,7552.75,7550.25,7552.25
2026-07-09 03:28:00,7552.5,7552.5,7552.25,7552.25
2026-07-09 03:29:00,7552.75,7553,7551.25,7551.75
2026-07-09 03:30:00,7551.75,7552.25,7551.5,7552.25
2026-07-09 03:31:00,7552.25,7552.25,7551.75,7552.25
2026-07-09 03:32:00,7552.5,7553.25,7552.25,7552.25
2026-07-09 03:33:00,7552,7552.25,7551.25,7552.25
2026-07-09 03:34:00,7552.25,7552.25,7551.5,7551.5
2026-07-09 03:35:00,7551.75,7552.75,7551,7551
2026-07-09 03:36:00,7551.25,7551.25,7550.25,7550.25
2026-07-09 03:37:00,7550,7550.5,7549.5,7549.5
2026-07-09 03:38:00,7549.5,7551.75,7549.5,7550
2026-07-09 03:39:00,7550,7551,7549.5,7551
2026-07-09 03:40:00,7550.75,7550.75,7549.75,7549.75
2026-07-09 03:41:00,7549.75,7550.75,7549.75,7550.25
2026-07-09 03:42:00,7551.5,7552.25,7550.75,7552.25
2026-07-09 03:43:00,7552,7554.5,7552,7554.25
2026-07-09 03:44:00,7554.5,7556.5,7554.5,7556.5
2026-07-09 03:45:00,7556.75,7556.75,7555.25,7555.25
2026-07-09 03:46:00,7555.75,7556,7555.25,7555.75
2026-07-09 03:47:00,7556,7556.5,7555.75,7556
2026-07-09 03:48:00,7556.5,7557,7556.5,7556.75
2026-07-09 03:49:00,7556.5,7556.5,7555,7556
2026-07-09 03:50:00,7556.25,7556.5,7555.75,7556.25
2026-07-09 03:51:00,7556,7556.75,7556,7556.25
2026-07-09 03:52:00,7556.5,7557.5,7556.25,7556.25
2026-07-09 03:53:00,7556,7557,7556,7556.25
2026-07-09 03:54:00,7556,7556.25,7555.25,7555.25
2026-07-09 03:55:00,7555,7555,7553.25,7554.25
2026-07-09 03:56:00,7553.75,7554.5,7553.5,7553.5
2026-07-09 03:57:00,7553.5,7553.5,7551.75,7551.75
2026-07-09 03:58:00,7551.25,7552.25,7551.25,7552.25
2026-07-09 03:59:00,7552.5,7554.75,7552.5,7554
2026-07-09 04:00:00,7553.5,7553.5,7551.5,7552
2026-07-09 04:01:00,7552.5,7553,7551.75,7552.75
2026-07-09 04:02:00,7553,7553,7552.25,7553
2026-07-09 04:03:00,7552.5,7555,7552.5,7554.75
2026-07-09 04:04:00,7555.25,7556.5,7555.25,7555.5
2026-07-09 04:05:00,7556.25,7557.25,7555.5,7557.25
2026-07-09 04:06:00,7557.25,7557.75,7556.5,7556.5
2026-07-09 04:07:00,7556.25,7557,7555.75,7555.75
2026-07-09 04:08:00,7556.5,7557.5,7556.25,7557.5
2026-07-09 04:09:00,7557.25,7557.25,7555.5,7556
2026-07-09 04:10:00,7556.25,7556.25,7554.5,7554.5
2026-07-09 04:11:00,7554.75,7555.75,7554.75,7555.25
2026-07-09 04:12:00,7554.75,7555,7553.75,7554.5
2026-07-09 04:13:00,7554.25,7554.75,7553.5,7554
2026-07-09 04:14:00,7554.25,7554.5,7552.75,7552.75
2026-07-09 04:15:00,7553.25,7555,7553.25,7555
2026-07-09 04:16:00,7554.5,7556,7554.5,7556
2026-07-09 04:17:00,7556.25,7556.75,7555.75,7555.75
2026-07-09 04:18:00,7555.75,7556,7552.75,7552.75
2026-07-09 04:19:00,7551.5,7552.75,7550.25,7552.75
2026-07-09 04:20:00,7553,7553.5,7552,7552
2026-07-09 04:21:00,7552.25,7553,7552,7553
2026-07-09 04:22:00,7553.25,7553.25,7552.5,7552.75
2026-07-09 04:23:00,7552.5,7552.75,7552,7552.5
2026-07-09 04:24:00,7552.75,7552.75,7552.5,7552.75
2026-07-09 04:25:00,7553.25,7553.75,7552.25,7552.25
2026-07-09 04:26:00,7552.5,7554,7552.5,7554
2026-07-09 04:27:00,7554.25,7554.5,7554,7554
2026-07-09 04:28:00,7553.75,7553.75,7552.5,7553
2026-07-09 04:29:00,7553,7553.5,7553,7553.25
2026-07-09 04:30:00,7553.25,7553.25,7552,7552.25
2026-07-09 04:31:00,7552.75,7553.5,7552.5,7552.5
2026-07-09 04:32:00,7553,7553,7551.5,7551.5
2026-07-09 04:33:00,7551.25,7551.5,7549.5,7549.5
2026-07-09 04:34:00,7549.5,7549.75,7547.25,7547.75
2026-07-09 04:35:00,7547.75,7549.25,7547.75,7549.25
2026-07-09 04:36:00,7549.5,7549.5,7547.5,7548
2026-07-09 04:37:00,7547.75,7548,7547.5,7547.5
2026-07-09 04:38:00,7547.5,7548,7547,7547
2026-07-09 04:39:00,7547,7547.25,7546.75,7546.75
2026-07-09 04:40:00,7545.75,7546.75,7545.75,7546
2026-07-09 04:41:00,7546.25,7547.5,7546.25,7547.25
2026-07-09 04:42:00,7547,7547.25,7546.75,7546.75
2026-07-09 04:43:00,7546.75,7546.75,7546,7546.5
2026-07-09 04:44:00,7546.75,7547.5,7546.5,7547.25
2026-07-09 04:45:00,7547.5,7547.5,7545,7545
2026-07-09 04:46:00,7544.75,7545,7543,7543.5
2026-07-09 04:47:00,7544,7544,7542.5,7543.25
2026-07-09 04:48:00,7543,7543,7542,7542.5
2026-07-09 04:49:00,7542.75,7543.25,7542.25,7542.75
2026-07-09 04:50:00,7542.5,7543.5,7542,7542.75
2026-07-09 04:51:00,7542.75,7543.5,7542.75,7543
2026-07-09 04:52:00,7543.25,7544.75,7543,7544.5
2026-07-09 04:53:00,7545,7545.5,7545,7545.25
2026-07-09 04:54:00,7545.5,7547,7545.25,7546.75
2026-07-09 04:55:00,7546.75,7547.75,7546.5,7547.25
2026-07-09 04:56:00,7547.5,7547.75,7546.5,7546.75
2026-07-09 04:57:00,7546.25,7546.5,7544.5,7545.25
2026-07-09 04:58:00,7544.75,7545.75,7544.75,7545.75
2026-07-09 04:59:00,7545.75,7546.25,7545.5,7545.5
2026-07-09 05:00:00,7545.5,7546.25,7543,7543
2026-07-09 05:01:00,7543.25,7544.25,7543.25,7544
2026-07-09 05:02:00,7544.25,7545.25,7544,7544.75
2026-07-09 05:03:00,7545,7545.75,7544.25,7544.25
2026-07-09 05:04:00,7544.5,7544.75,7543.75,7544.5
2026-07-09 05:05:00,7544.5,7546,7544.5,7545.75
2026-07-09 05:06:00,7545.5,7545.5,7544.25,7544.5
2026-07-09 05:07:00,7544,7544,7542,7542.5
2026-07-09 05:08:00,7542.5,7542.75,7541.75,7542.25
2026-07-09 05:09:00,7542,7543,7541.5,7543
2026-07-09 05:10:00,7542.75,7543.25,7542.5,7542.75
2026-07-09 05:11:00,7543,7543.5,7542.5,7543
2026-07-09 05:12:00,7543.25,7543.5,7542.75,7542.75
2026-07-09 05:13:00,7542.5,7543,7542.25,7542.25
2026-07-09 05:14:00,7542,7542.5,7541.25,7542.25
2026-07-09 05:15:00,7542.5,7542.75,7541.5,7541.5
2026-07-09 05:16:00,7542.25,7542.25,7541.25,7542
2026-07-09 05:17:00,7542,7542.25,7541,7542
2026-07-09 05:18:00,7542.25,7543.5,7542.25,7543.25
2026-07-09 05:19:00,7543.25,7543.25,7541.5,7541.75
2026-07-09 05:20:00,7541.5,7542,7540.75,7541.75
2026-07-09 05:21:00,7542.25,7542.25,7541,7541
2026-07-09 05:22:00,7540.75,7541.75,7540.5,7541.5
2026-07-09 05:23:00,7541.75,7542.25,7541.25,7541.75
2026-07-09 05:24:00,7541.5,7541.5,7541,7541.5
2026-07-09 05:25:00,7541.75,7541.75,7540.75,7541.75
2026-07-09 05:26:00,7542.25,7543,7541.75,7543
2026-07-09 05:27:00,7542.75,7543.25,7542,7542
2026-07-09 05:28:00,7542.25,7543.5,7542.25,7542.5
2026-07-09 05:29:00,7542.75,7543.25,7542,7542
2026-07-09 05:30:00,7542.25,7542.25,7540.75,7541.75
2026-07-09 05:31:00,7542.5,7543,7542,7543
2026-07-09 05:32:00,7543,7543.25,7542,7542.25
2026-07-09 05:33:00,7542.25,7542.5,7542,7542
2026-07-09 05:34:00,7542.25,7542.25,7539.5,7540.25
2026-07-09 05:35:00,7540.75,7542,7539.75,7539.75
2026-07-09 05:36:00,7540.25,7540.5,7539.25,7539.25
2026-07-09 05:37:00,7538.5,7539.25,7538.5,7538.5
2026-07-09 05:38:00,7538.5,7539.25,7538.5,7539.25
2026-07-09 05:39:00,7539.5,7541,7539.5,7540.5
2026-07-09 05:40:00,7540.5,7540.75,7539,7539
2026-07-09 05:41:00,7539.25,7539.25,7534.25,7535.75
2026-07-09 05:42:00,7535.25,7536.75,7535.25,7536.25
2026-07-09 05:43:00,7536.5,7537,7535.5,7536.25
2026-07-09 05:44:00,7536.25,7537,7535.25,7536.5
2026-07-09 05:45:00,7536.75,7538.25,7536.75,7537.5
2026-07-09 05:46:00,7538,7538.5,7537.75,7538.5
2026-07-09 05:47:00,7538.75,7539.5,7538.5,7539.5
2026-07-09 05:48:00,7538.75,7538.75,7538,7538.25
2026-07-09 05:49:00,7538.25,7538.75,7538,7538.25
2026-07-09 05:50:00,7538.5,7539.25,7538.5,7538.5
2026-07-09 05:51:00,7538.75,7540,7538.75,7540
2026-07-09 05:52:00,7540,7540.5,7539.75,7540.5
2026-07-09 05:53:00,7540.25,7541.25,7540.25,7541
2026-07-09 05:54:00,7540.75,7541.25,7540.5,7541.25
2026-07-09 05:55:00,7541,7541.75,7541,7541.75
2026-07-09 05:56:00,7541.5,7541.5,7541.25,7541.5
2026-07-09 05:57:00,7541.25,7542,7541.25,7542
2026-07-09 05:58:00,7542,7542,7541.5,7541.75
2026-07-09 05:59:00,7541.5,7541.5,7540.75,7541.5
2026-07-09 06:00:00,7541.75,7541.75,7540.75,7541
2026-07-09 06:01:00,7540.25,7541.25,7539.75,7541.25
2026-07-09 06:02:00,7541.5,7542,7540.5,7540.5
2026-07-09 06:03:00,7540.5,7541.25,7540.5,7541
2026-07-09 06:04:00,7541,7541.5,7540.5,7541
2026-07-09 06:05:00,7540.5,7542,7540.5,7542
2026-07-09 06:06:00,7542,7542.25,7541.75,7542.25
2026-07-09 06:07:00,7541.75,7541.75,7540.25,7540.25
2026-07-09 06:08:00,7540.25,7541,7539.5,7539.75
2026-07-09 06:09:00,7540.5,7541.25,7540.25,7541.25
2026-07-09 06:10:00,7541,7541.5,7541,7541.5
2026-07-09 06:11:00,7541.75,7542.25,7541.5,7542
2026-07-09 06:12:00,7542.75,7542.75,7542,7542.25
2026-07-09 06:13:00,7542,7542,7540.75,7541
2026-07-09 06:14:00,7540.5,7542,7540.5,7542
2026-07-09 06:15:00,7541.75,7542.25,7541.5,7542
2026-07-09 06:16:00,7542,7542.25,7541.5,7542.25
2026-07-09 06:17:00,7542.5,7543.75,7542.5,7543.25
2026-07-09 06:18:00,7543.25,7543.25,7543,7543.25
2026-07-09 06:19:00,7543.25,7543.75,7543,7543.25
2026-07-09 06:20:00,7543.25,7543.75,7542.75,7543
2026-07-09 06:21:00,7542.75,7543,7542.75,7542.75
2026-07-09 06:22:00,7542.75,7543.75,7542.75,7543.5
2026-07-09 06:23:00,7543.25,7543.75,7543.25,7543.5
2026-07-09 06:24:00,7543.25,7543.25,7542,7542.25
2026-07-09 06:25:00,7541.5,7541.5,7539.75,7540
2026-07-09 06:26:00,7540,7540.25,7539,7539.75
2026-07-09 06:27:00,7539.75,7540.75,7539.75,7540.75
2026-07-09 06:28:00,7540.5,7541,7540.5,7540.5
2026-07-09 06:29:00,7540.75,7541,7540,7540.25
2026-07-09 06:30:00,7540,7540,7538.5,7538.75
2026-07-09 06:31:00,7538.5,7538.75,7538,7538
2026-07-09 06:32:00,7538.25,7538.5,7537.75,7538
2026-07-09 06:33:00,7537.75,7538,7536.75,7538
2026-07-09 06:34:00,7538.25,7539.25,7538,7539
2026-07-09 06:35:00,7539,7540,7538.25,7540
2026-07-09 06:36:00,7539.75,7540.25,7539.75,7540.25
2026-07-09 06:37:00,7540.5,7540.75,7540.25,7540.5
2026-07-09 06:38:00,7540.25,7541,7540,7541
2026-07-09 06:39:00,7541.5,7541.5,7539.5,7539.5
2026-07-09 06:40:00,7539.5,7539.75,7538.75,7539
2026-07-09 06:41:00,7538.5,7538.5,7538,7538.5
2026-07-09 06:42:00,7538.5,7538.5,7537.75,7537.75
2026-07-09 06:43:00,7537.75,7539.25,7537.25,7538.5
2026-07-09 06:44:00,7538.75,7540.25,7538.5,7540.25
2026-07-09 06:45:00,7540.75,7540.75,7538,7538.25
2026-07-09 06:46:00,7537.75,7537.75,7534.5,7534.75
2026-07-09 06:47:00,7535,7535,7534.5,7535
2026-07-09 06:48:00,7534.75,7535.25,7534.25,7534.5
2026-07-09 06:49:00,7534.5,7534.75,7534,7534
2026-07-09 06:50:00,7533.25,7534,7532.75,7533.25
2026-07-09 06:51:00,7533,7534,7532.75,7533.5
2026-07-09 06:52:00,7533.25,7533.25,7527.75,7527.75
2026-07-09 06:53:00,7528.25,7529.25,7527.75,7528.5
2026-07-09 06:54:00,7529,7530.75,7528.75,7530.75
2026-07-09 06:55:00,7531.25,7531.25,7529.75,7530.25
2026-07-09 06:56:00,7530,7530,7528,7529.5
2026-07-09 06:57:00,7529.25,7531,7528.75,7530.75
2026-07-09 06:58:00,7531,7532.5,7531,7532.5
2026-07-09 06:59:00,7532,7535,7532,7534
2026-07-09 07:00:00,7535.25,7536.5,7535,7536.5
2026-07-09 07:01:00,7536.5,7536.5,7535.75,7536.25
2026-07-09 07:02:00,7536.5,7537.5,7536,7536.75
2026-07-09 07:03:00,7537,7538,7537,7537.75
2026-07-09 07:04:00,7538.25,7538.75,7537.75,7538
2026-07-09 07:05:00,7538.25,7538.25,7536.5,7536.75
2026-07-09 07:06:00,7535.75,7535.75,7533,7533.25
2026-07-09 07:07:00,7533.5,7534.5,7532.25,7532.25
2026-07-09 07:08:00,7532.5,7532.75,7532,7532.25
2026-07-09 07:09:00,7531.75,7532.5,7531.75,7532.25
2026-07-09 07:10:00,7533,7533,7532,7533
2026-07-09 07:11:00,7533.75,7536.25,7533.75,7536.25
2026-07-09 07:12:00,7536.25,7537.5,7535.5,7537.5
2026-07-09 07:13:00,7537.25,7537.5,7537,7537.5
2026-07-09 07:14:00,7537.25,7537.5,7537,7537.25
2026-07-09 07:15:00,7537.5,7537.5,7535.25,7535.25
2026-07-09 07:16:00,7535.5,7535.5,7535,7535.5
2026-07-09 07:17:00,7535.75,7536.5,7535.75,7536
2026-07-09 07:18:00,7536.25,7536.25,7535.75,7536
2026-07-09 07:19:00,7536,7536.5,7535.25,7535.25
2026-07-09 07:20:00,7535.5,7539.25,7535.5,7539
2026-07-09 07:21:00,7539.25,7539.25,7537.5,7537.75
2026-07-09 07:22:00,7537.25,7537.25,7536.25,7536.25
2026-07-09 07:23:00,7536,7537.25,7536,7537.25
2026-07-09 07:24:00,7536,7536.5,7535.25,7535.5
2026-07-09 07:25:00,7535.75,7538.25,7535.75,7537.25
2026-07-09 07:26:00,7537,7537.75,7536.75,7537.5
2026-07-09 07:27:00,7537,7538.25,7537,7537.75
2026-07-09 07:28:00,7536.75,7537,7535.5,7536.5
2026-07-09 07:29:00,7537.25,7538,7536.25,7538
2026-07-09 07:30:00,7538.5,7539.25,7536.5,7536.5
2026-07-09 07:31:00,7536.75,7539.25,7536.75,7539.25
2026-07-09 07:32:00,7538.75,7540.75,7538.75,7540.5
2026-07-09 07:33:00,7540.75,7541.5,7540,7540
2026-07-09 07:34:00,7540.25,7541.25,7539.5,7540.25
2026-07-09 07:35:00,7539.75,7540.25,7539.5,7539.5
2026-07-09 07:36:00,7539.25,7540.25,7539,7540.25
2026-07-09 07:37:00,7540.5,7540.5,7537.5,7537.5
2026-07-09 07:38:00,7537.25,7538.5,7537,7538.5
2026-07-09 07:39:00,7538.5,7540.5,7538.25,7539.75
2026-07-09 07:40:00,7539.75,7539.75,7538.25,7538.25
2026-07-09 07:41:00,7538.75,7539.25,7538,7538
2026-07-09 07:42:00,7538.75,7538.75,7538.25,7538.75
2026-07-09 07:43:00,7538,7541.75,7538,7541.75
2026-07-09 07:44:00,7541.75,7541.75,7540.5,7541.25
2026-07-09 07:45:00,7541.25,7542.75,7540.5,7542.75
2026-07-09 07:46:00,7542,7544.25,7542,7543.75
2026-07-09 07:47:00,7543.5,7544.75,7542.75,7544.75
2026-07-09 07:48:00,7544.5,7545,7544.5,7544.5
2026-07-09 07:49:00,7544.25,7544.25,7542.25,7543.5
2026-07-09 07:50:00,7543.75,7544.75,7542.75,7544.75
2026-07-09 07:51:00,7545.25,7546.25,7545,7546.25
2026-07-09 07:52:00,7546.5,7546.5,7545.5,7546
2026-07-09 07:53:00,7546.25,7546.25,7544.5,7544.5
2026-07-09 07:54:00,7544.75,7545,7543.75,7544
2026-07-09 07:55:00,7544.25,7545,7544.25,7544.75
2026-07-09 07:56:00,7544.75,7545,7544.5,7544.5
2026-07-09 07:57:00,7544.75,7544.75,7543.75,7543.75
2026-07-09 07:58:00,7544,7544.25,7543.5,7544
2026-07-09 07:59:00,7544,7544,7542.75,7543
2026-07-09 08:00:00,7543.75,7543.75,7542.5,7543
2026-07-09 08:01:00,7543.5,7544.25,7543.25,7543.25
2026-07-09 08:02:00,7543.5,7545.75,7543.5,7545.75
2026-07-09 08:03:00,7545.5,7545.5,7544.25,7544.25
2026-07-09 08:04:00,7544,7545.5,7543,7545.5
2026-07-09 08:05:00,7545.25,7545.25,7543.25,7543.25
2026-07-09 08:06:00,7543,7546.25,7543,7545.5
2026-07-09 08:07:00,7545.25,7546.25,7545,7545.75
2026-07-09 08:08:00,7546.5,7549,7546.5,7549
2026-07-09 08:09:00,7549.75,7549.75,7548.25,7548.5
2026-07-09 08:10:00,7548.25,7548.5,7547.75,7547.75
2026-07-09 08:11:00,7548,7549.5,7548,7548.5
2026-07-09 08:12:00,7547.75,7548,7546.5,7546.75
2026-07-09 08:13:00,7547,7547.25,7546.5,7547.25
2026-07-09 08:14:00,7547,7547,7546,7546
2026-07-09 08:15:00,7546.75,7547.25,7546,7547
2026-07-09 08:16:00,7547.75,7548.25,7547.5,7547.5
2026-07-09 08:17:00,7547.25,7547.5,7546.25,7546.5
2026-07-09 08:18:00,7546.75,7547,7546,7546.75
2026-07-09 08:19:00,7547.5,7547.5,7546,7546.5
2026-07-09 08:20:00,7545.75,7547.75,7545.75,7546.75
2026-07-09 08:21:00,7546.75,7547.25,7546.5,7546.5
2026-07-09 08:22:00,7546.5,7546.75,7545.25,7546
2026-07-09 08:23:00,7546.5,7547.75,7546.5,7547.5
2026-07-09 08:24:00,7548,7548,7547.25,7547.5
2026-07-09 08:25:00,7547.75,7549.75,7547.75,7548
2026-07-09 08:26:00,7548.5,7548.75,7548,7548.75
2026-07-09 08:27:00,7549.25,7550.5,7549,7550.25
2026-07-09 08:28:00,7550,7550.5,7549.5,7549.75
2026-07-09 08:29:00,7550,7550.5,7549,7550.5
2026-07-09 08:30:00,7550.75,7551,7549.5,7550.75
2026-07-09 08:31:00,7550.75,7551.25,7550.25,7551
2026-07-09 08:32:00,7550.75,7553.75,7550.75,7553.5
2026-07-09 08:33:00,7552.5,7552.5,7552,7552.25
2026-07-09 08:34:00,7551.75,7552.5,7551.25,7552.5
2026-07-09 08:35:00,7552.5,7553.5,7552.5,7553.5
2026-07-09 08:36:00,7553.75,7554.25,7553.5,7553.5
2026-07-09 08:37:00,7554,7554,7552.75,7554
2026-07-09 08:38:00,7553.5,7553.75,7552.75,7553
2026-07-09 08:39:00,7552.75,7553.75,7552.25,7553.5
2026-07-09 08:40:00,7553.75,7553.75,7552.5,7552.5
2026-07-09 08:41:00,7552,7552,7550.75,7551.25
2026-07-09 08:42:00,7551.25,7551.25,7549,7549
2026-07-09 08:43:00,7549.25,7549.25,7548.25,7548.25
2026-07-09 08:44:00,7548.75,7548.75,7547.5,7547.5
2026-07-09 08:45:00,7547.75,7547.75,7546,7546.75
2026-07-09 08:46:00,7546.5,7546.5,7544.25,7545
2026-07-09 08:47:00,7545,7545,7543.75,7544.5
2026-07-09 08:48:00,7545.25,7545.5,7544.75,7545.5
2026-07-09 08:49:00,7546.5,7547.25,7545.75,7546.5
2026-07-09 08:50:00,7546.25,7547.75,7546.25,7547
2026-07-09 08:51:00,7545.75,7546.25,7545.75,7546
2026-07-09 08:52:00,7546.25,7546.75,7545,7545.75
2026-07-09 08:53:00,7545.5,7546,7545.25,7545.75
2026-07-09 08:54:00,7545.75,7546.75,7545.75,7546.5
2026-07-09 08:55:00,7546.75,7546.75,7545.75,7546
2026-07-09 08:56:00,7546.5,7546.5,7544.75,7545.25
2026-07-09 08:57:00,7544.75,7545.5,7544.25,7545.5
2026-07-09 08:58:00,7545,7545,7544.25,7544.5
2026-07-09 08:59:00,7544.5,7544.75,7543.75,7544.5
2026-07-09 09:00:00,7544.75,7545.25,7544.5,7545
2026-07-09 09:01:00,7544.25,7547,7544.25,7546.75
2026-07-09 09:02:00,7546.75,7547.25,7546.5,7547
2026-07-09 09:03:00,7547.75,7548,7546,7546
2026-07-09 09:04:00,7546.75,7548.25,7546.5,7548.25
2026-07-09 09:05:00,7548.25,7548.5,7546.75,7546.75
2026-07-09 09:06:00,7547,7547.5,7546.25,7547.5
2026-07-09 09:07:00,7547.5,7548,7546,7546
2026-07-09 09:08:00,7546.5,7548,7546.5,7546.75
2026-07-09 09:09:00,7546.75,7548,7546.25,7548
2026-07-09 09:10:00,7547.75,7547.75,7547,7547
2026-07-09 09:11:00,7547,7547.25,7546,7547.25
2026-07-09 09:12:00,7547.5,7547.75,7547,7547.25
2026-07-09 09:13:00,7547.25,7548,7546.5,7546.75
2026-07-09 09:14:00,7546.5,7547.5,7546.5,7546.75
2026-07-09 09:15:00,7547.5,7547.5,7545.75,7545.75
2026-07-09 09:16:00,7545,7546,7545,7546
2026-07-09 09:17:00,7546.5,7548.75,7546.25,7547.75
2026-07-09 09:18:00,7547.5,7547.5,7545.5,7546.5
2026-07-09 09:19:00,7546.25,7547,7546,7547
2026-07-09 09:20:00,7547,7547,7545,7546.5
2026-07-09 09:21:00,7546.75,7547.5,7546.75,7547.25
2026-07-09 09:22:00,7547,7548,7546.75,7547.75
2026-07-09 09:23:00,7548.75,7548.75,7546.5,7547.75
2026-07-09 09:24:00,7547.75,7548.75,7547.75,7548.75
2026-07-09 09:25:00,7549.25,7549.75,7548.5,7548.5
2026-07-09 09:26:00,7548.25,7548.5,7547.5,7548.5
2026-07-09 09:27:00,7548.5,7550,7547.75,7550
2026-07-09 09:28:00,7548,7548,7546.25,7547
2026-07-09 09:29:00,7547.25,7547.75,7544.75,7546.75
2026-07-09 09:30:00,7543.5,7544.5,7537.75,7538
2026-07-09 09:31:00,7536.5,7539,7534.75,7535.5
2026-07-09 09:32:00,7532.5,7534.75,7531.25,7534.75
2026-07-09 09:33:00,7535,7539.25,7534.75,7539.25
2026-07-09 09:34:00,7540,7548.5,7540,7548.5
2026-07-09 09:35:00,7547.75,7553,7546.75,7552
2026-07-09 09:36:00,7551.75,7552,7550.5,7552
2026-07-09 09:37:00,7551,7553.75,7551,7553.5
2026-07-09 09:38:00,7553,7556.75,7553,7554.75
2026-07-09 09:39:00,7555,7555.25,7553.25,7555
2026-07-09 09:40:00,7555.75,7555.75,7549,7549
2026-07-09 09:41:00,7549.5,7553.5,7549.5,7553.5
2026-07-09 09:42:00,7553.5,7558.25,7553.5,7557.5
2026-07-09 09:43:00,7557.25,7557.5,7556,7557.25
2026-07-09 09:44:00,7557.5,7558.75,7556,7557
2026-07-09 09:45:00,7558,7560.5,7558,7560.5
2026-07-09 09:46:00,7561,7561,7559,7560.5
2026-07-09 09:47:00,7560.25,7561.25,7559.5,7560.5
2026-07-09 09:48:00,7559.75,7559.75,7553.75,7553.75
2026-07-09 09:49:00,7554.25,7554.75,7552,7554.75
2026-07-09 09:50:00,7553.5,7554.75,7552.25,7553
2026-07-09 09:51:00,7552.75,7559.5,7552.75,7559.5
2026-07-09 09:52:00,7560.25,7562.25,7560.25,7562.25
2026-07-09 09:53:00,7561.5,7563.75,7561.5,7563.5
2026-07-09 09:54:00,7563.5,7564.5,7563,7563.75
2026-07-09 09:55:00,7563.75,7565.75,7563,7565.75
2026-07-09 09:56:00,7566.25,7566.25,7564,7564
2026-07-09 09:57:00,7563.25,7565,7562.25,7562.5
2026-07-09 09:58:00,7563,7564.5,7563,7563.25
2026-07-09 09:59:00,7563.25,7563.25,7560,7560
2026-07-09 10:00:00,7561,7563,7559.5,7562.25
2026-07-09 10:01:00,7562.25,7564.5,7562.25,7563.5
2026-07-09 10:02:00,7563.25,7563.25,7561.75,7562
2026-07-09 10:03:00,7561.5,7562.75,7560.25,7562.25
2026-07-09 10:04:00,7563.5,7563.5,7562,7562
2026-07-09 10:05:00,7561.25,7562.25,7560.75,7560.75
2026-07-09 10:06:00,7562.25,7562.25,7558.25,7558.5
2026-07-09 10:07:00,7556.5,7557.75,7554.75,7556
2026-07-09 10:08:00,7555.25,7558,7554.75,7555.25
2026-07-09 10:09:00,7556,7557.25,7554.5,7554.75
2026-07-09 10:10:00,7553.75,7553.75,7550.25,7550.25
2026-07-09 10:11:00,7549.5,7551.25,7547,7548.25
2026-07-09 10:12:00,7548.5,7550,7546.75,7546.75
2026-07-09 10:13:00,7547.75,7550.5,7547.75,7550.25
2026-07-09 10:14:00,7549.75,7551.5,7549.75,7549.75
2026-07-09 10:15:00,7548,7548,7537.5,7537.5
2026-07-09 10:16:00,7538.5,7539.25,7534.5,7539.25
2026-07-09 10:17:00,7539.25,7541.75,7537.25,7538
2026-07-09 10:18:00,7537.25,7537.75,7534.75,7536.75
2026-07-09 10:19:00,7538.75,7539.5,7533.5,7535.5
2026-07-09 10:20:00,7536,7537.5,7532.25,7532.25
2026-07-09 10:21:00,7531.75,7534.5,7530.25,7533.5
2026-07-09 10:22:00,7534.75,7536.5,7533.25,7536.5
2026-07-09 10:23:00,7535.25,7539,7535.25,7538
2026-07-09 10:24:00,7537.75,7542.75,7537.5,7542.75
2026-07-09 10:25:00,7543.75,7545.5,7543,7543.25
2026-07-09 10:26:00,7544.25,7544.25,7542,7543
2026-07-09 10:27:00,7543.25,7552,7543.25,7552
2026-07-09 10:28:00,7550.75,7555,7549.75,7554.75
2026-07-09 10:29:00,7555.5,7555.5,7551.75,7553
2026-07-09 10:30:00,7552.5,7554.75,7550.5,7552
2026-07-09 10:31:00,7551.75,7551.75,7545.75,7546
2026-07-09 10:32:00,7546,7548,7546,7547.75
2026-07-09 10:33:00,7550.75,7551.25,7548.75,7550.75
2026-07-09 10:34:00,7549.25,7550.5,7548,7549.5
2026-07-09 10:35:00,7550,7556,7549.5,7555.5
2026-07-09 10:36:00,7554.75,7555.5,7554.25,7555
2026-07-09 10:37:00,7555.25,7555.25,7550.75,7552
2026-07-09 10:38:00,7553.75,7553.75,7551.25,7553.75
2026-07-09 10:39:00,7554,7558.25,7554,7558.25
2026-07-09 10:40:00,7558.75,7558.75,7556.75,7558.25
2026-07-09 10:41:00,7558,7558,7556,7557.25
2026-07-09 10:42:00,7556.75,7558.75,7556.75,7558.25
2026-07-09 10:43:00,7558.5,7558.5,7555.75,7555.75
2026-07-09 10:44:00,7555,7555,7553,7553
2026-07-09 10:45:00,7553,7555.5,7553,7555.5
2026-07-09 10:46:00,7554.75,7558,7554.75,7557
2026-07-09 10:47:00,7556.75,7556.75,7553,7554.75
2026-07-09 10:48:00,7554.5,7555.75,7554,7555.25
2026-07-09 10:49:00,7556,7556.5,7554.5,7554.5
2026-07-09 10:50:00,7552.75,7553,7550.75,7553
2026-07-09 10:51:00,7553.25,7554,7551.5,7552.25
2026-07-09 10:52:00,7551.75,7551.75,7548.25,7549.25
2026-07-09 10:53:00,7549,7550.5,7547.25,7550.5
2026-07-09 10:54:00,7551,7553.75,7548.25,7553.75
2026-07-09 10:55:00,7555,7556.75,7554.5,7556.25
2026-07-09 10:56:00,7556,7557,7555,7555
2026-07-09 10:57:00,7556,7558.25,7555.25,7558.25
2026-07-09 10:58:00,7559,7563.25,7559,7562.25
2026-07-09 10:59:00,7560.75,7562.25,7560.5,7561.75
2026-07-09 11:00:00,7562.25,7563.25,7562,7563
2026-07-09 11:01:00,7562.5,7563,7561,7563
2026-07-09 11:02:00,7563.5,7564,7561.5,7561.5
2026-07-09 11:03:00,7560.75,7563,7560.75,7562.5
2026-07-09 11:04:00,7563,7563.5,7562.25,7563.5
2026-07-09 11:05:00,7563.25,7564.5,7563,7564.25
2026-07-09 11:06:00,7564.5,7569,7564.5,7569
2026-07-09 11:07:00,7568.75,7569.25,7566.5,7568
2026-07-09 11:08:00,7567.5,7569.5,7566.75,7568.75
2026-07-09 11:09:00,7568.5,7570.25,7568,7569.5
2026-07-09 11:10:00,7570.25,7570.25,7568.75,7569
2026-07-09 11:11:00,7568.25,7568.25,7566.25,7567
2026-07-09 11:12:00,7566.25,7567.25,7565.75,7567.25
2026-07-09 11:13:00,7566.5,7568.5,7566.5,7567
2026-07-09 11:14:00,7567.25,7568,7566.5,7566.75
2026-07-09 11:15:00,7566.5,7570.75,7566.5,7569.75
2026-07-09 11:16:00,7569,7569.25,7568,7568
2026-07-09 11:17:00,7568.25,7568.25,7565.75,7566.75
2026-07-09 11:18:00,7566.5,7566.75,7564.75,7565.25
2026-07-09 11:19:00,7565.75,7566.25,7565.25,7566.25
2026-07-09 11:20:00,7567,7568.5,7566.75,7568.5
2026-07-09 11:21:00,7568,7569.5,7568,7569
2026-07-09 11:22:00,7568.75,7573.25,7568.5,7572.5
2026-07-09 11:23:00,7572.5,7573,7572.25,7572.5
2026-07-09 11:24:00,7572.75,7574.75,7572.75,7574.25
2026-07-09 11:25:00,7574.5,7574.5,7572.5,7573.25
2026-07-09 11:26:00,7574,7574,7573.25,7573.75
2026-07-09 11:27:00,7574.25,7574.75,7572.75,7574.5
2026-07-09 11:28:00,7574,7574.25,7572.5,7573.25
2026-07-09 11:29:00,7573.25,7574,7572.75,7572.75
2026-07-09 11:30:00,7572.5,7572.75,7571.5,7571.5
2026-07-09 11:31:00,7571.75,7572.75,7571.75,7572
2026-07-09 11:32:00,7571.75,7571.75,7570.5,7570.75
2026-07-09 11:33:00,7570.5,7571.5,7570.5,7571
2026-07-09 11:34:00,7571.5,7571.75,7570,7571
2026-07-09 11:35:00,7570.75,7572.75,7570.75,7572.25
2026-07-09 11:36:00,7572,7572.75,7571.5,7571.75
2026-07-09 11:37:00,7572.25,7572.5,7571.75,7572
2026-07-09 11:38:00,7572.25,7573.75,7572.25,7573.75
