timestamp,open,high,low,close
2026-06-24 00:00:00,7448.0,7448.25,7444.0,7444.0
2026-06-24 00:03:00,7443.75,7443.75,7439.25,7440.5
2026-06-24 00:06:00,7440.75,7442.75,7439.75,7440.25
2026-06-24 00:09:00,7440.0,7443.0,7439.5,7441.5
2026-06-24 00:12:00,7441.5,7442.5,7438.0,7439.75
2026-06-24 00:15:00,7439.75,7441.5,7437.25,7438.25
2026-06-24 00:18:00,7438.25,7438.5,7435.75,7436.25
2026-06-24 00:21:00,7436.0,7438.75,7434.75,7435.5
2026-06-24 00:24:00,7435.75,7437.5,7435.0,7436.5
2026-06-24 00:27:00,7436.5,7438.75,7436.5,7436.75
2026-06-24 00:30:00,7437.0,7443.25,7437.0,7442.75
2026-06-24 00:33:00,7443.0,7444.25,7441.75,7444.0
2026-06-24 00:36:00,7444.0,7449.0,7443.75,7447.5
2026-06-24 00:39:00,7447.5,7450.0,7446.75,7449.5
2026-06-24 00:42:00,7449.5,7450.5,7448.25,7448.25
2026-06-24 00:45:00,7448.25,7450.5,7447.75,7449.5
2026-06-24 00:48:00,7449.5,7450.25,7448.0,7449.75
2026-06-24 00:51:00,7450.0,7451.5,7448.25,7448.75
2026-06-24 00:54:00,7448.5,7451.5,7448.5,7450.75
2026-06-24 00:57:00,7450.5,7450.75,7448.25,7449.5
2026-06-24 01:00:00,7449.75,7451.5,7448.5,7451.25
2026-06-24 01:03:00,7451.25,7452.0,7449.25,7449.25
2026-06-24 01:06:00,7449.5,7449.75,7447.5,7449.0
2026-06-24 01:09:00,7449.0,7452.5,7448.5,7452.5
2026-06-24 01:12:00,7452.5,7453.25,7450.5,7451.5
2026-06-24 01:15:00,7451.5,7454.25,7450.0,7454.25
2026-06-24 01:18:00,7454.0,7456.5,7453.75,7455.0
2026-06-24 01:21:00,7455.0,7456.75,7454.0,7455.25
2026-06-24 01:24:00,7454.75,7457.5,7454.25,7455.0
2026-06-24 01:27:00,7454.75,7456.25,7453.75,7454.25
2026-06-24 01:30:00,7454.25,7457.75,7454.25,7457.5
2026-06-24 01:33:00,7457.25,7457.75,7453.75,7455.5
2026-06-24 01:36:00,7455.5,7457.5,7455.5,7457.5
2026-06-24 01:39:00,7457.5,7459.25,7455.0,7455.0
2026-06-24 01:42:00,7455.25,7455.25,7453.5,7454.25
2026-06-24 01:45:00,7454.0,7455.0,7452.75,7453.75
2026-06-24 01:48:00,7453.75,7454.0,7450.75,7451.0
2026-06-24 01:51:00,7451.0,7451.75,7449.75,7450.25
2026-06-24 01:54:00,7450.5,7450.75,7449.75,7450.75
2026-06-24 01:57:00,7450.75,7451.25,7450.0,7450.25
2026-06-24 02:00:00,7450.25,7450.5,7447.5,7449.0
2026-06-24 02:03:00,7449.25,7449.5,7445.75,7447.75
2026-06-24 02:06:00,7447.75,7450.0,7447.0,7449.5
2026-06-24 02:09:00,7449.75,7453.75,7449.25,7453.0
2026-06-24 02:12:00,7453.0,7453.5,7451.75,7452.0
2026-06-24 02:15:00,7452.0,7452.5,7448.25,7449.25
2026-06-24 02:18:00,7449.25,7449.25,7445.25,7445.5
2026-06-24 02:21:00,7445.75,7448.25,7445.5,7447.5
2026-06-24 02:24:00,7447.75,7448.75,7446.25,7447.75
2026-06-24 02:27:00,7447.75,7448.5,7445.5,7447.0
2026-06-24 02:30:00,7447.5,7450.5,7446.75,7448.75
2026-06-24 02:33:00,7449.0,7453.0,7449.0,7452.75
2026-06-24 02:36:00,7453.0,7453.75,7451.5,7451.75
2026-06-24 02:39:00,7451.5,7452.0,7449.5,7450.25
2026-06-24 02:42:00,7450.25,7451.25,7449.75,7450.0
2026-06-24 02:45:00,7450.0,7450.0,7448.25,7448.5
2026-06-24 02:48:00,7448.25,7450.5,7448.25,7449.25
2026-06-24 02:51:00,7449.0,7451.75,7449.0,7451.5
2026-06-24 02:54:00,7451.25,7451.25,7449.75,7450.75
2026-06-24 02:57:00,7450.5,7451.25,7448.5,7448.75
2026-06-24 03:00:00,7449.0,7450.75,7444.25,7445.0
2026-06-24 03:03:00,7445.0,7446.75,7442.75,7444.25
2026-06-24 03:06:00,7444.5,7449.75,7444.5,7448.75
2026-06-24 03:09:00,7448.75,7449.75,7446.0,7449.5
2026-06-24 03:12:00,7449.75,7450.0,7447.0,7447.75
2026-06-24 03:15:00,7448.0,7449.25,7444.75,7448.75
2026-06-24 03:18:00,7448.5,7449.25,7444.75,7445.5
2026-06-24 03:21:00,7445.25,7450.5,7445.25,7449.5
2026-06-24 03:24:00,7448.75,7448.75,7444.75,7446.0
2026-06-24 03:27:00,7445.75,7446.75,7444.5,7444.5
2026-06-24 03:30:00,7444.5,7447.75,7444.25,7447.25
2026-06-24 03:33:00,7447.25,7448.0,7441.75,7443.5
2026-06-24 03:36:00,7443.75,7444.5,7439.75,7444.0
2026-06-24 03:39:00,7444.0,7447.75,7442.75,7447.75
2026-06-24 03:42:00,7447.5,7450.75,7445.5,7450.25
2026-06-24 03:45:00,7450.0,7452.75,7449.5,7451.75
2026-06-24 03:48:00,7451.5,7452.5,7450.25,7450.5
2026-06-24 03:51:00,7450.5,7450.75,7444.75,7444.75
2026-06-24 03:54:00,7445.0,7447.5,7443.75,7444.25
2026-06-24 03:57:00,7444.25,7444.25,7442.0,7442.75
2026-06-24 04:00:00,7443.0,7447.5,7442.5,7447.25
2026-06-24 04:03:00,7447.0,7452.5,7445.75,7451.75
2026-06-24 04:06:00,7451.5,7451.75,7449.0,7450.75
2026-06-24 04:09:00,7450.75,7450.75,7448.0,7449.5
2026-06-24 04:12:00,7449.5,7452.25,7446.75,7452.25
2026-06-24 04:15:00,7451.75,7452.75,7449.75,7452.5
2026-06-24 04:18:00,7452.25,7453.0,7448.0,7448.75
2026-06-24 04:21:00,7448.25,7449.0,7446.25,7448.0
2026-06-24 04:24:00,7448.0,7448.25,7445.75,7447.0
2026-06-24 04:27:00,7447.5,7448.5,7446.25,7448.5
2026-06-24 04:30:00,7448.5,7452.25,7447.0,7452.25
2026-06-24 04:33:00,7452.5,7453.25,7449.25,7449.75
2026-06-24 04:36:00,7449.75,7449.75,7447.25,7449.0
2026-06-24 04:39:00,7449.25,7449.25,7447.0,7448.25
2026-06-24 04:42:00,7448.25,7450.0,7447.0,7449.0
2026-06-24 04:45:00,7449.0,7449.25,7445.25,7445.5
2026-06-24 04:48:00,7445.5,7446.5,7445.0,7446.0
2026-06-24 04:51:00,7446.25,7447.5,7445.0,7445.25
2026-06-24 04:54:00,7445.5,7447.25,7445.0,7446.5
2026-06-24 04:57:00,7446.25,7447.75,7446.0,7447.5
2026-06-24 05:00:00,7447.5,7449.25,7444.25,7445.25
2026-06-24 05:03:00,7445.5,7446.5,7444.5,7446.25
2026-06-24 05:06:00,7446.25,7447.5,7444.5,7447.25
2026-06-24 05:09:00,7447.5,7449.25,7446.0,7447.5
2026-06-24 05:12:00,7447.5,7452.25,7447.5,7451.25
2026-06-24 05:15:00,7451.25,7451.5,7447.0,7448.0
2026-06-24 05:18:00,7448.0,7448.5,7443.0,7447.0
2026-06-24 05:21:00,7447.0,7448.0,7446.0,7446.75
2026-06-24 05:24:00,7446.5,7449.75,7446.5,7448.25
2026-06-24 05:27:00,7448.25,7448.5,7446.0,7447.0
2026-06-24 05:30:00,7446.75,7448.25,7445.5,7447.0
2026-06-24 05:33:00,7447.0,7448.0,7445.75,7447.25
2026-06-24 05:36:00,7447.0,7447.0,7444.0,7444.5
2026-06-24 05:39:00,7444.25,7444.5,7440.75,7442.5
2026-06-24 05:42:00,7442.75,7442.75,7441.0,7441.25
2026-06-24 05:45:00,7441.25,7444.5,7439.25,7444.25
2026-06-24 05:48:00,7444.25,7445.75,7442.0,7445.75
2026-06-24 05:51:00,7445.75,7448.75,7445.25,7448.25
2026-06-24 05:54:00,7448.0,7448.5,7446.0,7447.0
2026-06-24 05:57:00,7447.0,7448.25,7446.25,7447.75
2026-06-24 06:00:00,7447.75,7447.75,7442.25,7443.0
2026-06-24 06:03:00,7443.5,7446.75,7443.25,7446.25
2026-06-24 06:06:00,7446.0,7447.5,7444.0,7446.5
2026-06-24 06:09:00,7446.75,7447.0,7443.75,7444.75
2026-06-24 06:12:00,7445.0,7448.0,7445.0,7447.75
2026-06-24 06:15:00,7447.5,7450.0,7447.0,7449.5
2026-06-24 06:18:00,7449.5,7450.0,7447.25,7447.5
2026-06-24 06:21:00,7447.25,7449.5,7447.0,7447.25
2026-06-24 06:24:00,7447.25,7449.5,7447.25,7449.25
2026-06-24 06:27:00,7449.0,7450.5,7448.0,7450.5
2026-06-24 06:30:00,7450.5,7453.0,7449.75,7452.75
2026-06-24 06:33:00,7453.0,7453.75,7452.0,7453.0
2026-06-24 06:36:00,7453.0,7453.75,7452.25,7452.5
2026-06-24 06:39:00,7452.25,7453.25,7451.75,7453.0
2026-06-24 06:42:00,7453.0,7458.25,7452.75,7455.25
2026-06-24 06:45:00,7455.25,7456.25,7453.0,7454.0
2026-06-24 06:48:00,7454.0,7454.0,7450.5,7450.5
2026-06-24 06:51:00,7450.75,7451.0,7448.5,7449.5
2026-06-24 06:54:00,7449.5,7449.75,7448.25,7449.5
2026-06-24 06:57:00,7449.5,7450.5,7447.5,7449.0
2026-06-24 07:00:00,7449.0,7455.0,7448.5,7454.75
2026-06-24 07:03:00,7454.75,7455.75,7451.0,7451.25
2026-06-24 07:06:00,7451.0,7451.75,7449.5,7450.75
2026-06-24 07:09:00,7450.5,7451.0,7449.0,7450.5
2026-06-24 07:12:00,7450.25,7450.5,7448.0,7448.0
2026-06-24 07:15:00,7448.25,7448.5,7445.75,7446.25
2026-06-24 07:18:00,7446.0,7449.25,7443.75,7444.5
2026-06-24 07:21:00,7444.5,7447.5,7444.0,7447.0
2026-06-24 07:24:00,7446.75,7449.25,7446.5,7447.75
2026-06-24 07:27:00,7447.5,7449.25,7447.25,7447.5
2026-06-24 07:30:00,7447.75,7453.0,7447.5,7452.25
2026-06-24 07:33:00,7452.25,7452.5,7450.5,7452.25
2026-06-24 07:36:00,7452.0,7459.0,7451.5,7457.5
2026-06-24 07:39:00,7457.5,7457.5,7453.75,7455.0
2026-06-24 07:42:00,7455.25,7456.0,7454.0,7455.25
2026-06-24 07:45:00,7455.25,7456.5,7454.5,7455.25
2026-06-24 07:48:00,7455.25,7464.25,7455.0,7462.25
2026-06-24 07:51:00,7462.25,7464.5,7460.75,7464.0
2026-06-24 07:54:00,7464.0,7465.0,7460.0,7461.5
2026-06-24 07:57:00,7461.25,7464.0,7461.0,7463.75
2026-06-24 08:00:00,7463.75,7464.5,7458.5,7463.25
2026-06-24 08:03:00,7463.5,7464.25,7461.25,7462.5
2026-06-24 08:06:00,7462.5,7463.0,7458.5,7459.25
2026-06-24 08:09:00,7459.25,7462.25,7458.5,7461.75
2026-06-24 08:12:00,7461.75,7462.75,7459.75,7460.25
2026-06-24 08:15:00,7460.25,7461.5,7457.0,7461.5
2026-06-24 08:18:00,7461.25,7466.75,7461.0,7464.25
2026-06-24 08:21:00,7464.5,7465.75,7462.75,7463.25
2026-06-24 08:24:00,7463.25,7465.25,7462.25,7463.0
2026-06-24 08:27:00,7463.0,7467.25,7462.5,7465.0
2026-06-24 08:30:00,7464.75,7467.25,7460.5,7462.0
2026-06-24 08:33:00,7462.0,7462.5,7456.75,7456.75
2026-06-24 08:36:00,7456.75,7458.5,7455.0,7457.5
2026-06-24 08:39:00,7457.75,7457.75,7452.75,7453.25
2026-06-24 08:42:00,7453.5,7454.75,7453.0,7454.0
2026-06-24 08:45:00,7454.0,7455.5,7453.75,7454.5
2026-06-24 08:48:00,7454.5,7455.0,7450.0,7450.25
2026-06-24 08:51:00,7450.25,7451.5,7450.0,7451.0
2026-06-24 08:54:00,7450.75,7451.25,7447.75,7449.0
2026-06-24 08:57:00,7449.0,7451.5,7448.75,7450.5
2026-06-24 09:00:00,7450.5,7455.75,7450.25,7454.25
2026-06-24 09:03:00,7454.5,7454.5,7449.25,7451.25
2026-06-24 09:06:00,7451.25,7451.25,7447.5,7448.25
2026-06-24 09:09:00,7448.0,7448.25,7442.5,7444.5
2026-06-24 09:12:00,7444.25,7444.75,7442.0,7442.75
2026-06-24 09:15:00,7443.0,7444.75,7442.0,7444.25
2026-06-24 09:18:00,7444.0,7449.0,7443.25,7448.75
2026-06-24 09:21:00,7448.75,7449.25,7442.75,7443.0
2026-06-24 09:24:00,7443.0,7449.25,7438.75,7448.0
2026-06-24 09:27:00,7447.75,7448.0,7443.75,7447.5
2026-06-24 09:30:00,7447.25,7459.25,7438.25,7456.25
2026-06-24 09:33:00,7456.5,7467.5,7455.5,7464.75
2026-06-24 09:36:00,7465.0,7468.0,7456.25,7463.75
2026-06-24 09:39:00,7464.0,7464.0,7445.25,7445.75
2026-06-24 09:42:00,7445.75,7454.0,7442.25,7452.5
2026-06-24 09:45:00,7452.75,7457.75,7446.25,7448.75
2026-06-24 09:48:00,7449.0,7463.25,7437.75,7462.25
2026-06-24 09:51:00,7462.0,7472.25,7460.5,7469.75
2026-06-24 09:54:00,7469.75,7471.5,7456.25,7459.0
2026-06-24 09:57:00,7459.25,7462.25,7453.25,7454.5
2026-06-24 10:00:00,7454.75,7459.0,7448.0,7453.25
2026-06-24 10:03:00,7453.5,7458.0,7447.75,7456.0
2026-06-24 10:06:00,7456.0,7460.5,7449.25,7450.25
2026-06-24 10:09:00,7450.25,7457.75,7447.75,7451.25
2026-06-24 10:12:00,7451.25,7455.75,7447.0,7451.25
2026-06-24 10:15:00,7451.0,7455.0,7442.5,7443.25
2026-06-24 10:18:00,7443.0,7446.75,7436.5,7442.5
2026-06-24 10:21:00,7442.75,7459.5,7441.25,7455.75
2026-06-24 10:24:00,7455.75,7463.25,7454.75,7456.75
2026-06-24 10:27:00,7456.5,7466.0,7456.0,7461.0
2026-06-24 10:30:00,7461.0,7469.0,7460.75,7466.5
2026-06-24 10:33:00,7466.5,7468.0,7462.5,7466.0
2026-06-24 10:36:00,7466.0,7467.75,7462.75,7464.0
2026-06-24 10:39:00,7464.0,7465.0,7457.5,7462.0
2026-06-24 10:42:00,7462.25,7473.5,7458.75,7472.75
2026-06-24 10:45:00,7472.75,7483.5,7471.75,7482.75
2026-06-24 10:48:00,7482.75,7486.0,7478.5,7482.75
2026-06-24 10:51:00,7482.75,7487.25,7480.25,7485.75
2026-06-24 10:54:00,7485.75,7486.0,7478.0,7484.25
2026-06-24 10:57:00,7484.0,7494.25,7482.75,7493.75
2026-06-24 11:00:00,7493.75,7496.5,7491.0,7491.5
2026-06-24 11:03:00,7491.5,7493.0,7488.0,7489.25
2026-06-24 11:06:00,7489.25,7490.25,7482.5,7483.75
2026-06-24 11:09:00,7483.5,7485.25,7479.25,7483.5
2026-06-24 11:12:00,7483.5,7484.75,7476.25,7481.75
2026-06-24 11:15:00,7481.75,7490.75,7480.5,7490.0
2026-06-24 11:18:00,7489.75,7490.75,7484.5,7488.75
2026-06-24 11:21:00,7488.75,7490.5,7485.5,7489.5
2026-06-24 11:24:00,7489.5,7490.5,7478.25,7484.0
2026-06-24 11:27:00,7483.75,7493.75,7483.5,7493.5
2026-06-24 11:30:00,7493.5,7496.5,7488.25,7490.0
2026-06-24 11:33:00,7490.0,7492.25,7485.75,7491.5
2026-06-24 11:36:00,7491.5,7492.25,7487.5,7487.5
2026-06-24 11:39:00,7487.75,7488.0,7482.0,7482.75
2026-06-24 11:42:00,7482.75,7483.25,7478.25,7481.75
2026-06-24 11:45:00,7481.75,7481.75,7474.5,7476.0
2026-06-24 11:48:00,7476.0,7487.25,7475.5,7485.25
2026-06-24 11:51:00,7485.25,7489.75,7483.25,7487.5
2026-06-24 11:54:00,7487.5,7487.5,7480.25,7482.75
2026-06-24 11:57:00,7482.5,7484.0,7478.0,7480.25
2026-06-24 12:00:00,7480.25,7483.0,7478.0,7479.25
2026-06-24 12:03:00,7479.25,7479.5,7475.5,7478.0
2026-06-24 12:06:00,7477.75,7481.25,7474.5,7476.75
2026-06-24 12:09:00,7476.75,7485.5,7476.0,7483.0
2026-06-24 12:12:00,7482.75,7483.25,7478.25,7481.25
2026-06-24 12:15:00,7481.5,7485.0,7479.5,7480.25
2026-06-24 12:18:00,7480.25,7481.5,7477.0,7478.5
2026-06-24 12:21:00,7478.5,7484.25,7477.0,7483.0
2026-06-24 12:24:00,7482.75,7484.25,7476.75,7478.0
2026-06-24 12:27:00,7478.25,7479.75,7476.75,7477.75
2026-06-24 12:30:00,7477.75,7477.75,7471.75,7472.5
2026-06-24 12:33:00,7472.5,7476.0,7471.5,7475.25
2026-06-24 12:36:00,7475.0,7475.75,7463.5,7464.25
2026-06-24 12:39:00,7464.0,7465.25,7455.0,7460.25
2026-06-24 12:42:00,7460.0,7460.25,7455.25,7459.75
2026-06-24 12:45:00,7459.5,7460.25,7455.5,7459.0
2026-06-24 12:48:00,7459.0,7464.5,7459.0,7464.0
2026-06-24 12:51:00,7464.0,7464.5,7457.0,7457.25
2026-06-24 12:54:00,7457.25,7458.0,7450.75,7453.25
2026-06-24 12:57:00,7453.25,7455.25,7451.75,7453.0
2026-06-24 13:00:00,7453.0,7459.0,7451.25,7457.75
2026-06-24 13:03:00,7457.5,7461.25,7456.25,7456.5
2026-06-24 13:06:00,7456.5,7457.0,7442.5,7444.0
2026-06-24 13:09:00,7444.0,7450.0,7443.25,7446.0
2026-06-24 13:12:00,7446.0,7449.25,7442.25,7444.0
2026-06-24 13:15:00,7444.0,7447.75,7433.75,7437.0
2026-06-24 13:18:00,7437.0,7437.75,7427.0,7427.75
2026-06-24 13:21:00,7427.75,7433.0,7426.25,7428.0
2026-06-24 13:24:00,7428.0,7429.5,7421.0,7424.75
2026-06-24 13:27:00,7424.75,7426.5,7415.75,7416.75
2026-06-24 13:30:00,7417.0,7422.25,7409.0,7412.5
2026-06-24 13:33:00,7412.75,7424.5,7407.75,7418.0
2026-06-24 13:36:00,7418.0,7419.75,7412.0,7416.5
2026-06-24 13:39:00,7416.5,7422.0,7415.5,7421.75
2026-06-24 13:42:00,7421.5,7423.5,7413.25,7414.75
2026-06-24 13:45:00,7414.75,7421.75,7410.25,7420.75
2026-06-24 13:48:00,7420.75,7421.75,7416.5,7419.75
2026-06-24 13:51:00,7419.5,7421.75,7416.25,7420.5
2026-06-24 13:54:00,7420.75,7427.25,7419.0,7423.5
2026-06-24 13:57:00,7423.5,7423.5,7412.5,7414.0
2026-06-24 14:00:00,7414.25,7425.25,7413.0,7421.25
2026-06-24 14:03:00,7421.5,7425.25,7418.25,7423.0
2026-06-24 14:06:00,7423.0,7429.5,7422.75,7423.5
2026-06-24 14:09:00,7423.75,7427.5,7423.25,7423.5
2026-06-24 14:12:00,7423.5,7426.25,7421.0,7424.75
2026-06-24 14:15:00,7424.75,7433.75,7424.75,7431.0
2026-06-24 14:18:00,7431.25,7435.75,7425.0,7432.75
2026-06-24 14:21:00,7433.0,7437.0,7432.5,7437.0
2026-06-24 14:24:00,7436.75,7443.25,7435.0,7438.75
2026-06-24 14:27:00,7439.0,7442.5,7437.75,7440.0
2026-06-24 14:30:00,7440.0,7442.25,7438.5,7440.0
2026-06-24 14:33:00,7440.0,7440.75,7433.75,7435.0
2026-06-24 14:36:00,7435.0,7438.0,7431.5,7434.25
2026-06-24 14:39:00,7434.5,7435.5,7425.75,7429.75
2026-06-24 14:42:00,7429.75,7431.75,7425.25,7429.25
2026-06-24 14:45:00,7429.25,7429.25,7418.0,7418.25
2026-06-24 14:48:00,7418.25,7418.75,7408.25,7410.5
2026-06-24 14:51:00,7410.5,7416.0,7408.25,7414.0
2026-06-24 14:54:00,7413.75,7420.75,7413.75,7420.25
2026-06-24 14:57:00,7420.25,7424.5,7412.5,7415.5
2026-06-24 15:00:00,7415.5,7418.25,7409.5,7417.25
2026-06-24 15:03:00,7417.0,7425.25,7413.5,7416.0
2026-06-24 15:06:00,7416.0,7416.25,7404.75,7407.75
2026-06-24 15:09:00,7407.75,7412.75,7404.25,7406.5
2026-06-24 15:12:00,7406.75,7413.25,7405.75,7412.25
2026-06-24 15:15:00,7412.25,7412.75,7407.75,7410.25
2026-06-24 15:18:00,7410.25,7413.25,7408.5,7410.0
2026-06-24 15:21:00,7409.75,7413.25,7408.75,7411.5
2026-06-24 15:24:00,7411.5,7419.75,7410.0,7418.0
2026-06-24 15:27:00,7418.0,7419.0,7413.75,7416.25
2026-06-24 15:30:00,7416.0,7418.5,7411.25,7414.0
2026-06-24 15:33:00,7414.0,7414.75,7410.25,7411.25
2026-06-24 15:36:00,7411.5,7416.25,7410.0,7411.25
2026-06-24 15:39:00,7411.25,7417.25,7409.5,7410.0
2026-06-24 15:42:00,7410.0,7412.5,7405.25,7411.0
2026-06-24 15:45:00,7411.25,7418.5,7410.5,7414.5
2026-06-24 15:48:00,7414.5,7421.5,7411.25,7418.75
2026-06-24 15:51:00,7418.75,7427.5,7418.25,7426.25
2026-06-24 15:54:00,7426.25,7427.25,7420.0,7422.0
2026-06-24 15:57:00,7421.75,7431.5,7417.75,7428.25
2026-06-24 16:00:00,7428.25,7445.0,7421.25,7442.75
2026-06-24 16:03:00,7442.5,7459.75,7440.0,7458.75
2026-06-24 16:06:00,7459.0,7465.25,7457.25,7463.25
2026-06-24 16:09:00,7463.0,7465.0,7458.5,7462.25
2026-06-24 16:12:00,7462.0,7464.25,7457.0,7463.5
2026-06-24 16:15:00,7463.75,7465.0,7460.75,7462.0
2026-06-24 16:18:00,7462.25,7466.5,7462.0,7465.25
2026-06-24 16:21:00,7465.25,7473.0,7465.25,7471.75
2026-06-24 16:24:00,7471.75,7474.0,7469.75,7472.5
2026-06-24 16:27:00,7472.5,7472.5,7469.25,7470.5
2026-06-24 16:30:00,7470.5,7475.0,7470.0,7471.25
2026-06-24 16:33:00,7471.25,7472.75,7468.0,7470.0
2026-06-24 16:36:00,7470.0,7472.0,7468.25,7471.5
2026-06-24 16:39:00,7471.75,7476.0,7471.25,7475.25
2026-06-24 16:42:00,7475.0,7480.0,7474.25,7479.25
2026-06-24 16:45:00,7479.25,7481.0,7477.0,7479.75
2026-06-24 16:48:00,7479.5,7482.25,7477.25,7478.25
2026-06-24 16:51:00,7478.5,7479.25,7475.25,7477.75
2026-06-24 16:54:00,7477.5,7478.5,7474.75,7475.0
2026-06-24 16:57:00,7475.0,7478.75,7475.0,7477.5
2026-06-24 18:00:00,7476.25,7486.75,7476.25,7482.0
2026-06-24 18:03:00,7482.25,7482.25,7475.5,7475.75
2026-06-24 18:06:00,7475.5,7475.75,7472.25,7474.25
2026-06-24 18:09:00,7473.75,7476.5,7472.75,7475.75
2026-06-24 18:12:00,7476.0,7477.5,7472.25,7473.0
2026-06-24 18:15:00,7473.0,7473.25,7471.0,7472.0
2026-06-24 18:18:00,7472.25,7475.25,7470.5,7474.25
2026-06-24 18:21:00,7474.25,7475.0,7472.25,7473.0
2026-06-24 18:24:00,7472.75,7472.75,7469.0,7469.0
2026-06-24 18:27:00,7469.5,7471.0,7468.25,7468.5
2026-06-24 18:30:00,7468.5,7471.25,7468.5,7469.5
2026-06-24 18:33:00,7469.5,7470.25,7468.0,7469.75
2026-06-24 18:36:00,7470.0,7470.0,7468.0,7468.75
2026-06-24 18:39:00,7468.75,7469.75,7467.0,7468.5
2026-06-24 18:42:00,7468.5,7471.5,7468.5,7470.75
2026-06-24 18:45:00,7470.75,7471.0,7468.5,7469.25
2026-06-24 18:48:00,7469.25,7469.25,7466.5,7467.25
2026-06-24 18:51:00,7467.25,7469.5,7467.0,7467.75
2026-06-24 18:54:00,7467.5,7467.75,7466.0,7466.75
2026-06-24 18:57:00,7466.5,7467.0,7465.75,7466.25
2026-06-24 19:00:00,7466.5,7467.0,7465.25,7465.75
2026-06-24 19:03:00,7465.75,7468.25,7465.75,7467.75
2026-06-24 19:06:00,7467.75,7468.25,7467.0,7467.75
2026-06-24 19:09:00,7467.75,7468.75,7466.5,7466.75
2026-06-24 19:12:00,7466.5,7467.0,7464.0,7464.75
2026-06-24 19:15:00,7465.0,7465.5,7464.25,7465.0
2026-06-24 19:18:00,7465.0,7465.75,7464.0,7465.5
2026-06-24 19:21:00,7465.75,7468.0,7465.25,7468.0
2026-06-24 19:24:00,7467.75,7469.75,7467.25,7469.75
2026-06-24 19:27:00,7469.5,7470.75,7468.0,7468.25
2026-06-24 19:30:00,7468.5,7470.75,7468.0,7470.25
2026-06-24 19:33:00,7470.0,7473.5,7470.0,7473.25
2026-06-24 19:36:00,7473.0,7475.0,7473.0,7474.75
2026-06-24 19:39:00,7474.5,7475.75,7473.0,7475.0
2026-06-24 19:42:00,7475.25,7475.25,7473.25,7474.25
2026-06-24 19:45:00,7474.5,7478.5,7471.75,7473.25
2026-06-24 19:48:00,7473.0,7473.5,7470.5,7470.75
2026-06-24 19:51:00,7470.75,7472.0,7469.75,7471.0
2026-06-24 19:54:00,7471.0,7473.25,7471.0,7472.25
2026-06-24 19:57:00,7473.0,7474.0,7470.25,7471.75
2026-06-24 20:00:00,7472.0,7472.75,7466.5,7466.5
2026-06-24 20:03:00,7466.75,7467.75,7464.75,7466.5
2026-06-24 20:06:00,7466.5,7469.75,7466.0,7468.0
2026-06-24 20:09:00,7468.0,7472.5,7467.5,7470.75
2026-06-24 20:12:00,7470.5,7473.0,7467.75,7471.25
2026-06-24 20:15:00,7471.0,7472.25,7468.25,7469.25
2026-06-24 20:18:00,7469.25,7471.0,7468.0,7468.25
2026-06-24 20:21:00,7468.5,7471.25,7467.5,7470.25
2026-06-24 20:24:00,7470.25,7470.75,7464.5,7466.25
2026-06-24 20:27:00,7466.25,7468.0,7464.5,7466.0
2026-06-24 20:30:00,7466.25,7467.0,7460.25,7461.75
2026-06-24 20:33:00,7461.75,7463.25,7459.25,7460.0
2026-06-24 20:36:00,7460.25,7462.25,7459.25,7460.0
2026-06-24 20:39:00,7460.0,7460.75,7454.75,7455.75
2026-06-24 20:42:00,7455.5,7458.5,7454.0,7457.0
2026-06-24 20:45:00,7457.0,7458.5,7453.75,7454.5
2026-06-24 20:48:00,7454.75,7458.5,7453.5,7458.0
2026-06-24 20:51:00,7458.0,7460.25,7456.5,7460.0
2026-06-24 20:54:00,7460.0,7460.5,7454.75,7455.5
2026-06-24 20:57:00,7455.5,7457.0,7453.0,7454.5
2026-06-24 21:00:00,7455.0,7459.0,7454.0,7456.25
2026-06-24 21:03:00,7456.25,7456.5,7452.25,7455.25
2026-06-24 21:06:00,7455.0,7455.5,7453.25,7454.5
2026-06-24 21:09:00,7454.5,7457.0,7453.75,7455.5
2026-06-24 21:12:00,7455.5,7456.5,7454.75,7455.75
2026-06-24 21:15:00,7455.75,7458.25,7454.25,7457.5
2026-06-24 21:18:00,7457.25,7459.0,7455.0,7458.5
2026-06-24 21:21:00,7458.5,7460.0,7458.25,7459.5
2026-06-24 21:24:00,7459.5,7459.75,7456.25,7456.75
2026-06-24 21:27:00,7456.75,7458.75,7455.75,7456.25
2026-06-24 21:30:00,7456.75,7460.25,7455.75,7459.0
2026-06-24 21:33:00,7459.0,7463.0,7458.25,7463.0
2026-06-24 21:36:00,7463.0,7466.25,7461.25,7465.5
2026-06-24 21:39:00,7465.5,7466.5,7461.25,7461.25
2026-06-24 21:42:00,7461.5,7464.0,7460.25,7460.75
2026-06-24 21:45:00,7460.75,7461.5,7459.5,7461.25
2026-06-24 21:48:00,7461.25,7463.25,7459.75,7462.5
2026-06-24 21:51:00,7463.0,7464.5,7462.0,7463.25
2026-06-24 21:54:00,7463.25,7465.0,7462.5,7464.5
2026-06-24 21:57:00,7464.5,7465.0,7460.0,7460.25
2026-06-24 22:00:00,7460.0,7463.5,7458.25,7462.5
2026-06-24 22:03:00,7462.5,7465.0,7462.25,7463.75
2026-06-24 22:06:00,7463.75,7464.0,7460.0,7461.5
2026-06-24 22:09:00,7461.25,7461.25,7457.0,7457.0
2026-06-24 22:12:00,7457.0,7457.0,7454.0,7455.25
2026-06-24 22:15:00,7455.5,7457.75,7452.75,7457.0
2026-06-24 22:18:00,7456.75,7460.5,7455.5,7459.0
2026-06-24 22:21:00,7458.5,7463.0,7458.0,7460.75
2026-06-24 22:24:00,7461.0,7461.75,7458.5,7461.5
2026-06-24 22:27:00,7461.5,7462.25,7460.75,7461.25
2026-06-24 22:30:00,7461.25,7462.75,7459.75,7462.5
2026-06-24 22:33:00,7462.25,7462.75,7461.0,7462.25
2026-06-24 22:36:00,7462.5,7463.5,7461.5,7461.75
2026-06-24 22:39:00,7461.5,7462.5,7458.5,7459.0
2026-06-24 22:42:00,7459.0,7460.25,7458.5,7459.75
2026-06-24 22:45:00,7459.5,7460.75,7458.75,7460.5
2026-06-24 22:48:00,7460.5,7460.75,7459.0,7459.5
2026-06-24 22:51:00,7459.75,7461.5,7459.0,7460.75
2026-06-24 22:54:00,7460.75,7462.25,7460.5,7462.25
2026-06-24 22:57:00,7462.5,7464.0,7461.5,7463.25
2026-06-24 23:00:00,7463.5,7467.25,7462.25,7465.75
2026-06-24 23:03:00,7465.5,7467.0,7464.25,7467.0
2026-06-24 23:06:00,7466.75,7467.25,7465.75,7466.0
2026-06-24 23:09:00,7465.75,7465.75,7463.5,7464.5
2026-06-24 23:12:00,7464.5,7464.75,7462.5,7464.0
2026-06-24 23:15:00,7464.0,7466.5,7460.25,7466.25
2026-06-24 23:18:00,7466.25,7467.0,7465.25,7466.25
2026-06-24 23:21:00,7466.25,7467.75,7465.75,7467.75
2026-06-24 23:24:00,7467.75,7468.25,7466.25,7467.25
2026-06-24 23:27:00,7467.0,7467.5,7465.5,7466.5
2026-06-24 23:30:00,7466.5,7469.5,7466.5,7467.75
2026-06-24 23:33:00,7467.75,7467.75,7465.0,7465.0
2026-06-24 23:36:00,7465.0,7466.5,7464.5,7465.5
2026-06-24 23:39:00,7465.25,7466.5,7465.0,7465.75
2026-06-24 23:42:00,7466.0,7466.0,7464.0,7465.0
2026-06-24 23:45:00,7465.0,7466.25,7464.25,7465.25
2026-06-24 23:48:00,7465.5,7467.5,7465.25,7466.75
2026-06-24 23:51:00,7466.75,7469.0,7466.75,7468.0
2026-06-24 23:54:00,7468.0,7469.75,7467.5,7469.0
2026-06-24 23:57:00,7469.0,7469.75,7468.25,7469.25
2026-06-25 00:00:00,7469.5,7469.75,7467.5,7467.5
2026-06-25 00:03:00,7467.5,7468.25,7467.0,7467.5
2026-06-25 00:06:00,7467.5,7468.25,7466.75,7466.75
2026-06-25 00:09:00,7466.5,7468.0,7466.0,7467.25
2026-06-25 00:12:00,7467.0,7467.5,7465.25,7465.25
2026-06-25 00:15:00,7465.5,7466.0,7462.5,7463.0
2026-06-25 00:18:00,7463.0,7465.25,7463.0,7464.5
2026-06-25 00:21:00,7464.5,7467.0,7464.25,7466.5
2026-06-25 00:24:00,7466.5,7466.75,7463.75,7464.0
2026-06-25 00:27:00,7464.0,7464.25,7463.75,7463.75
2026-06-25 00:30:00,7464.0,7464.0,7460.75,7461.0
2026-06-25 00:33:00,7461.0,7462.0,7459.75,7460.25
2026-06-25 00:36:00,7460.5,7464.0,7460.5,7463.25
2026-06-25 00:39:00,7463.5,7464.5,7462.25,7462.75
2026-06-25 00:42:00,7463.0,7466.5,7463.0,7466.5
2026-06-25 00:45:00,7466.75,7466.75,7465.5,7466.0
2026-06-25 00:48:00,7466.25,7467.75,7465.5,7466.75
2026-06-25 00:51:00,7466.75,7467.75,7466.25,7467.75
2026-06-25 00:54:00,7467.75,7467.75,7465.0,7465.0
2026-06-25 00:57:00,7465.25,7465.5,7463.0,7464.5
2026-06-25 01:00:00,7464.25,7468.25,7464.25,7467.5
2026-06-25 01:03:00,7467.25,7470.0,7466.75,7469.75
2026-06-25 01:06:00,7469.5,7470.5,7468.75,7470.25
2026-06-25 01:09:00,7470.0,7470.0,7468.5,7468.5
2026-06-25 01:12:00,7468.5,7469.75,7468.25,7469.5
2026-06-25 01:15:00,7469.75,7471.0,7469.25,7470.25
2026-06-25 01:18:00,7470.5,7470.5,7468.5,7469.0
2026-06-25 01:21:00,7469.0,7471.25,7469.0,7471.25
2026-06-25 01:24:00,7471.25,7472.75,7470.75,7472.5
2026-06-25 01:27:00,7472.5,7474.0,7472.25,7473.75
2026-06-25 01:30:00,7473.25,7474.25,7472.5,7473.0
2026-06-25 01:33:00,7473.0,7475.0,7472.5,7473.75
2026-06-25 01:36:00,7473.75,7474.0,7472.75,7473.75
2026-06-25 01:39:00,7474.0,7476.0,7473.75,7475.0
2026-06-25 01:42:00,7474.75,7476.5,7474.5,7474.5
2026-06-25 01:45:00,7474.5,7474.5,7471.5,7472.75
2026-06-25 01:48:00,7472.5,7473.25,7471.25,7472.0
2026-06-25 01:51:00,7471.75,7473.5,7471.75,7472.0
2026-06-25 01:54:00,7471.75,7472.75,7470.75,7472.5
2026-06-25 01:57:00,7472.5,7472.5,7471.0,7472.0
2026-06-25 02:00:00,7472.0,7474.75,7472.0,7474.75
2026-06-25 02:03:00,7475.0,7475.0,7471.5,7472.25
2026-06-25 02:06:00,7472.25,7474.5,7471.0,7474.5
2026-06-25 02:09:00,7474.5,7475.5,7473.75,7475.5
2026-06-25 02:12:00,7475.5,7478.5,7474.75,7477.5
2026-06-25 02:15:00,7477.5,7479.25,7476.75,7478.75
2026-06-25 02:18:00,7478.75,7480.75,7478.5,7480.0
2026-06-25 02:21:00,7480.0,7481.0,7479.0,7480.5
2026-06-25 02:24:00,7480.5,7481.25,7479.25,7481.0
2026-06-25 02:27:00,7480.75,7482.25,7479.75,7480.0
2026-06-25 02:30:00,7480.0,7481.25,7479.0,7480.25
2026-06-25 02:33:00,7480.25,7482.25,7479.75,7481.0
2026-06-25 02:36:00,7481.0,7481.0,7479.5,7480.0
2026-06-25 02:39:00,7480.0,7480.25,7478.0,7479.75
2026-06-25 02:42:00,7479.75,7480.75,7478.75,7479.25
2026-06-25 02:45:00,7479.25,7481.25,7479.25,7479.75
2026-06-25 02:48:00,7480.0,7480.25,7478.25,7478.75
2026-06-25 02:51:00,7478.75,7480.25,7477.25,7477.25
2026-06-25 02:54:00,7477.25,7479.25,7477.0,7478.5
2026-06-25 02:57:00,7478.5,7478.75,7477.25,7477.75
2026-06-25 03:00:00,7478.0,7481.75,7478.0,7480.25
2026-06-25 03:03:00,7480.0,7483.25,7480.0,7482.75
2026-06-25 03:06:00,7482.5,7484.0,7482.0,7482.5
2026-06-25 03:09:00,7482.75,7483.25,7481.0,7482.25
2026-06-25 03:12:00,7482.0,7483.25,7481.0,7481.75
2026-06-25 03:15:00,7481.75,7485.5,7481.5,7484.5
2026-06-25 03:18:00,7484.5,7487.5,7483.75,7487.25
2026-06-25 03:21:00,7487.0,7488.75,7486.5,7487.75
2026-06-25 03:24:00,7487.75,7488.25,7485.25,7485.75
2026-06-25 03:27:00,7485.75,7487.5,7485.5,7486.0
2026-06-25 03:30:00,7485.75,7486.75,7484.75,7486.5
2026-06-25 03:33:00,7486.25,7487.0,7485.0,7485.25
2026-06-25 03:36:00,7485.5,7486.0,7483.25,7485.75
2026-06-25 03:39:00,7485.75,7487.75,7485.75,7487.5
2026-06-25 03:42:00,7487.75,7488.5,7486.75,7487.0
2026-06-25 03:45:00,7487.0,7487.25,7485.0,7486.25
2026-06-25 03:48:00,7486.0,7487.0,7485.5,7485.5
2026-06-25 03:51:00,7485.25,7486.25,7484.75,7485.75
2026-06-25 03:54:00,7485.75,7486.0,7484.5,7485.75
2026-06-25 03:57:00,7485.75,7488.25,7485.75,7488.0
2026-06-25 04:00:00,7488.25,7491.0,7485.5,7490.75
2026-06-25 04:03:00,7491.0,7491.25,7487.0,7487.5
2026-06-25 04:06:00,7487.75,7490.0,7487.25,7487.75
2026-06-25 04:09:00,7487.5,7489.5,7487.5,7488.5
2026-06-25 04:12:00,7488.25,7489.0,7483.5,7483.75
2026-06-25 04:15:00,7483.5,7483.75,7480.25,7481.5
2026-06-25 04:18:00,7481.5,7484.0,7481.0,7482.25
2026-06-25 04:21:00,7482.25,7484.0,7481.5,7482.75
2026-06-25 04:24:00,7482.75,7483.75,7482.25,7483.25
2026-06-25 04:27:00,7483.25,7485.25,7482.75,7483.75
2026-06-25 04:30:00,7483.5,7484.75,7483.25,7484.0
2026-06-25 04:33:00,7484.0,7485.0,7482.25,7482.75
2026-06-25 04:36:00,7482.75,7485.0,7482.75,7484.25
2026-06-25 04:39:00,7484.25,7485.5,7483.75,7484.0
2026-06-25 04:42:00,7484.0,7484.0,7481.25,7481.5
2026-06-25 04:45:00,7481.25,7482.0,7479.0,7480.0
2026-06-25 04:48:00,7480.0,7482.25,7479.25,7479.5
2026-06-25 04:51:00,7479.25,7479.75,7476.75,7478.0
2026-06-25 04:54:00,7477.75,7479.0,7476.5,7476.75
2026-06-25 04:57:00,7476.5,7477.5,7475.5,7477.0
2026-06-25 05:00:00,7477.0,7479.5,7476.25,7478.0
2026-06-25 05:03:00,7478.0,7480.75,7478.0,7480.75
2026-06-25 05:06:00,7481.0,7482.5,7480.75,7481.0
2026-06-25 05:09:00,7480.75,7481.5,7479.25,7481.0
2026-06-25 05:12:00,7481.0,7482.75,7480.0,7480.25
2026-06-25 05:15:00,7480.0,7481.75,7479.25,7479.5
2026-06-25 05:18:00,7479.5,7479.5,7476.75,7477.0
2026-06-25 05:21:00,7477.25,7478.5,7476.75,7478.5
2026-06-25 05:24:00,7478.5,7478.75,7477.25,7477.5
2026-06-25 05:27:00,7477.75,7480.0,7477.0,7479.0
2026-06-25 05:30:00,7479.0,7481.75,7478.5,7479.75
2026-06-25 05:33:00,7479.75,7481.25,7479.75,7481.0
2026-06-25 05:36:00,7480.75,7482.75,7480.5,7482.0
2026-06-25 05:39:00,7482.0,7482.5,7481.25,7482.0
2026-06-25 05:42:00,7481.75,7482.5,7480.75,7481.75
2026-06-25 05:45:00,7481.5,7481.75,7480.75,7481.5
2026-06-25 05:48:00,7481.5,7482.25,7481.25,7481.75
2026-06-25 05:51:00,7481.5,7484.5,7481.5,7484.25
2026-06-25 05:54:00,7484.25,7484.25,7481.25,7482.25
2026-06-25 05:57:00,7482.25,7482.75,7479.75,7480.75
2026-06-25 06:00:00,7480.5,7482.25,7479.75,7481.75
2026-06-25 06:03:00,7481.75,7483.0,7480.0,7482.25
2026-06-25 06:06:00,7482.25,7484.75,7482.0,7483.75
2026-06-25 06:09:00,7484.0,7484.75,7483.75,7484.5
2026-06-25 06:12:00,7484.75,7486.0,7483.75,7486.0
2026-06-25 06:15:00,7486.0,7486.75,7484.75,7484.75
2026-06-25 06:18:00,7484.75,7486.25,7483.5,7483.75
2026-06-25 06:21:00,7483.75,7485.25,7483.5,7485.0
2026-06-25 06:24:00,7485.0,7486.5,7484.5,7485.5
2026-06-25 06:27:00,7485.25,7486.25,7484.75,7486.25
2026-06-25 06:30:00,7486.25,7487.0,7484.75,7486.0
2026-06-25 06:33:00,7486.0,7486.0,7483.75,7484.25
2026-06-25 06:36:00,7484.25,7487.5,7483.75,7486.5
2026-06-25 06:39:00,7486.5,7486.5,7482.5,7483.25
2026-06-25 06:42:00,7483.25,7483.5,7481.75,7482.5
2026-06-25 06:45:00,7482.0,7482.25,7480.0,7482.25
2026-06-25 06:48:00,7482.25,7484.25,7481.75,7483.5
2026-06-25 06:51:00,7483.5,7486.0,7483.5,7484.25
2026-06-25 06:54:00,7484.25,7485.75,7484.25,7484.75
2026-06-25 06:57:00,7484.5,7484.75,7481.75,7483.75
2026-06-25 07:00:00,7483.75,7487.0,7483.75,7486.0
2026-06-25 07:03:00,7486.0,7486.0,7483.75,7483.75
2026-06-25 07:06:00,7483.75,7483.75,7481.0,7482.0
2026-06-25 07:09:00,7481.75,7482.75,7481.25,7482.25
2026-06-25 07:12:00,7482.0,7482.25,7480.0,7480.5
2026-06-25 07:15:00,7480.25,7481.0,7479.25,7480.5
2026-06-25 07:18:00,7480.25,7480.5,7477.25,7477.25
2026-06-25 07:21:00,7477.0,7477.5,7474.25,7474.75
2026-06-25 07:24:00,7475.0,7475.0,7473.25,7474.5
2026-06-25 07:27:00,7474.5,7475.5,7472.5,7473.75
2026-06-25 07:30:00,7473.75,7475.25,7472.25,7474.5
2026-06-25 07:33:00,7474.25,7477.0,7474.0,7476.5
2026-06-25 07:36:00,7476.25,7477.25,7474.25,7475.5
2026-06-25 07:39:00,7475.25,7477.5,7474.75,7477.5
2026-06-25 07:42:00,7477.5,7479.0,7477.25,7477.75
2026-06-25 07:45:00,7477.5,7480.5,7476.25,7477.0
2026-06-25 07:48:00,7476.75,7478.0,7476.25,7477.0
2026-06-25 07:51:00,7477.0,7478.5,7475.25,7475.25
2026-06-25 07:54:00,7475.5,7475.5,7473.0,7475.0
2026-06-25 07:57:00,7475.0,7476.75,7474.75,7476.0
2026-06-25 08:00:00,7475.75,7477.0,7474.75,7476.25
2026-06-25 08:03:00,7476.0,7479.75,7475.25,7479.25
2026-06-25 08:06:00,7479.5,7482.75,7478.25,7482.0
2026-06-25 08:09:00,7481.75,7482.75,7479.25,7480.0
2026-06-25 08:12:00,7480.25,7480.5,7475.25,7476.75
2026-06-25 08:15:00,7476.75,7479.5,7474.5,7476.25
2026-06-25 08:18:00,7476.25,7476.75,7474.5,7475.5
2026-06-25 08:21:00,7475.5,7476.25,7472.5,7473.5
2026-06-25 08:24:00,7473.5,7476.5,7473.25,7474.5
2026-06-25 08:27:00,7474.25,7476.25,7473.75,7474.5
2026-06-25 08:30:00,7474.25,7496.0,7474.0,7487.5
2026-06-25 08:33:00,7487.5,7491.0,7485.25,7489.25
2026-06-25 08:36:00,7489.25,7492.5,7486.0,7488.5
2026-06-25 08:39:00,7488.5,7489.75,7483.25,7485.75
2026-06-25 08:42:00,7485.75,7489.5,7484.5,7485.25
2026-06-25 08:45:00,7485.25,7491.5,7485.25,7491.25
2026-06-25 08:48:00,7491.25,7492.75,7488.0,7488.75
2026-06-25 08:51:00,7488.5,7490.25,7488.0,7488.5
2026-06-25 08:54:00,7488.5,7489.25,7486.25,7486.75
2026-06-25 08:57:00,7487.0,7488.0,7484.75,7487.0
2026-06-25 09:00:00,7487.0,7488.75,7484.75,7486.25
2026-06-25 09:03:00,7486.0,7486.5,7482.0,7483.5
2026-06-25 09:06:00,7483.5,7484.75,7481.75,7483.5
2026-06-25 09:09:00,7483.5,7484.0,7480.5,7482.5
2026-06-25 09:12:00,7482.75,7484.25,7481.0,7483.5
2026-06-25 09:15:00,7483.75,7483.75,7480.0,7481.5
2026-06-25 09:18:00,7481.75,7482.5,7480.5,7482.0
2026-06-25 09:21:00,7481.75,7483.25,7480.5,7481.75
2026-06-25 09:24:00,7481.75,7487.0,7479.25,7487.0
2026-06-25 09:27:00,7487.0,7488.25,7484.5,7485.75
2026-06-25 09:30:00,7485.75,7490.5,7468.0,7469.0
2026-06-25 09:33:00,7469.0,7475.0,7464.5,7473.5
2026-06-25 09:36:00,7473.5,7477.0,7465.5,7467.0
2026-06-25 09:39:00,7466.75,7470.5,7456.0,7456.75
2026-06-25 09:42:00,7456.75,7457.5,7436.25,7438.75
2026-06-25 09:45:00,7439.0,7444.0,7415.5,7419.0
2026-06-25 09:48:00,7419.25,7432.0,7410.5,7427.5
2026-06-25 09:51:00,7427.5,7429.0,7405.75,7407.25
2026-06-25 09:54:00,7407.25,7412.0,7391.0,7399.0
2026-06-25 09:57:00,7398.75,7407.0,7390.5,7393.25
2026-06-25 10:00:00,7393.25,7422.0,7392.5,7421.25
2026-06-25 10:03:00,7421.25,7441.0,7419.5,7432.75
2026-06-25 10:06:00,7432.75,7445.0,7430.0,7441.75
2026-06-25 10:09:00,7442.0,7454.25,7441.0,7450.5
2026-06-25 10:12:00,7450.5,7452.5,7436.25,7437.25
2026-06-25 10:15:00,7437.25,7445.25,7427.5,7436.75
2026-06-25 10:18:00,7436.5,7462.0,7432.5,7458.25
2026-06-25 10:21:00,7458.25,7461.0,7445.0,7448.5
2026-06-25 10:24:00,7448.75,7454.0,7441.25,7451.25
2026-06-25 10:27:00,7451.5,7455.75,7444.5,7451.0
2026-06-25 10:30:00,7450.75,7462.25,7449.25,7460.75
2026-06-25 10:33:00,7460.5,7467.75,7454.0,7459.0
2026-06-25 10:36:00,7458.75,7464.0,7452.25,7456.25
2026-06-25 10:39:00,7456.25,7465.5,7454.25,7455.75
2026-06-25 10:42:00,7455.75,7456.75,7444.25,7450.75
2026-06-25 10:45:00,7450.75,7453.25,7444.0,7451.0
2026-06-25 10:48:00,7451.0,7464.75,7450.75,7459.0
2026-06-25 10:51:00,7459.25,7475.75,7457.75,7469.5
2026-06-25 10:54:00,7469.5,7475.25,7462.0,7464.25
2026-06-25 10:57:00,7464.5,7464.5,7446.75,7449.5
2026-06-25 11:00:00,7449.25,7456.0,7445.5,7456.0
2026-06-25 11:03:00,7456.0,7462.25,7448.25,7449.75
2026-06-25 11:06:00,7449.75,7451.75,7442.0,7445.75
2026-06-25 11:09:00,7446.0,7447.25,7433.25,7435.0
2026-06-25 11:12:00,7435.25,7437.0,7422.75,7426.0
2026-06-25 11:15:00,7426.0,7426.75,7414.25,7424.75
2026-06-25 11:18:00,7424.75,7435.0,7423.75,7427.75
2026-06-25 11:21:00,7428.0,7440.0,7427.5,7436.5
2026-06-25 11:24:00,7436.75,7444.75,7433.75,7439.5
2026-06-25 11:27:00,7440.0,7445.0,7435.5,7439.25
2026-06-25 11:30:00,7439.25,7451.5,7437.5,7449.75
2026-06-25 11:33:00,7449.75,7449.75,7437.75,7441.5
2026-06-25 11:36:00,7441.75,7446.0,7440.0,7441.5
2026-06-25 11:39:00,7441.5,7441.75,7435.5,7439.25
2026-06-25 11:42:00,7439.25,7445.5,7436.5,7443.75
2026-06-25 11:45:00,7443.75,7454.75,7442.0,7451.0
2026-06-25 11:48:00,7451.25,7451.75,7436.75,7440.25
2026-06-25 11:51:00,7440.25,7446.0,7437.25,7440.0
2026-06-25 11:54:00,7439.75,7445.0,7439.75,7442.75
2026-06-25 11:57:00,7442.75,7446.0,7436.25,7437.5
2026-06-25 12:00:00,7437.75,7440.5,7432.5,7434.5
2026-06-25 12:03:00,7434.5,7442.25,7433.25,7440.0
2026-06-25 12:06:00,7440.5,7449.0,7438.75,7447.75
2026-06-25 12:09:00,7447.75,7458.25,7445.5,7452.25
2026-06-25 12:12:00,7452.25,7455.75,7448.5,7453.5
2026-06-25 12:15:00,7453.5,7458.75,7452.75,7456.0
2026-06-25 12:18:00,7455.75,7457.25,7449.75,7450.25
2026-06-25 12:21:00,7450.0,7453.25,7440.0,7440.5
2026-06-25 12:24:00,7440.5,7442.75,7435.75,7439.0
2026-06-25 12:27:00,7439.0,7439.25,7435.25,7437.75
2026-06-25 12:30:00,7437.75,7438.25,7429.25,7429.25
2026-06-25 12:33:00,7429.25,7430.25,7423.75,7427.5
2026-06-25 12:36:00,7427.5,7431.25,7423.25,7426.0
2026-06-25 12:39:00,7426.0,7427.25,7419.25,7419.5
2026-06-25 12:42:00,7419.5,7423.0,7415.75,7417.75
2026-06-25 12:45:00,7417.5,7421.25,7409.75,7418.5
2026-06-25 12:48:00,7418.5,7424.75,7418.25,7423.0
2026-06-25 12:51:00,7422.75,7425.75,7417.5,7422.0
2026-06-25 12:54:00,7421.75,7424.25,7416.0,7417.0
2026-06-25 12:57:00,7416.75,7420.75,7415.5,7420.25
2026-06-25 13:00:00,7420.25,7425.0,7419.75,7422.75
2026-06-25 13:03:00,7422.75,7424.5,7418.25,7420.0
2026-06-25 13:06:00,7420.0,7423.5,7416.5,7420.25
2026-06-25 13:09:00,7420.25,7432.5,7420.25,7429.0
2026-06-25 13:12:00,7429.25,7430.5,7424.25,7427.25
2026-06-25 13:15:00,7427.25,7438.0,7427.25,7431.5
2026-06-25 13:18:00,7431.75,7432.0,7415.75,7423.25
2026-06-25 13:21:00,7423.25,7425.5,7419.0,7423.25
2026-06-25 13:24:00,7423.25,7431.25,7422.75,7431.0
2026-06-25 13:27:00,7431.0,7431.75,7424.75,7427.75
2026-06-25 13:30:00,7427.75,7430.5,7423.25,7423.5
2026-06-25 13:33:00,7423.5,7428.25,7421.0,7426.5
2026-06-25 13:36:00,7426.5,7430.75,7425.0,7429.25
2026-06-25 13:39:00,7429.25,7433.0,7425.75,7429.25
2026-06-25 13:42:00,7429.25,7430.5,7420.25,7421.5
2026-06-25 13:45:00,7421.5,7421.75,7412.0,7414.75
2026-06-25 13:48:00,7414.5,7415.5,7410.75,7414.0
2026-06-25 13:51:00,7414.0,7422.0,7411.25,7420.5
2026-06-25 13:54:00,7420.5,7423.5,7418.25,7423.5
2026-06-25 13:57:00,7423.25,7431.0,7423.25,7429.5
2026-06-25 14:00:00,7429.5,7431.0,7411.5,7413.0
2026-06-25 14:03:00,7413.0,7417.5,7408.25,7416.5
2026-06-25 14:06:00,7416.5,7427.5,7415.75,7425.0
2026-06-25 14:09:00,7425.0,7433.25,7423.75,7432.75
2026-06-25 14:12:00,7432.75,7435.5,7424.25,7427.5
2026-06-25 14:15:00,7427.75,7435.75,7425.0,7434.0
2026-06-25 14:18:00,7433.75,7449.75,7433.75,7443.25
2026-06-25 14:21:00,7443.25,7445.25,7437.5,7444.25
2026-06-25 14:24:00,7444.25,7452.5,7443.25,7451.5
2026-06-25 14:27:00,7451.5,7456.75,7449.25,7454.25
2026-06-25 14:30:00,7454.25,7454.5,7440.75,7440.75
2026-06-25 14:33:00,7440.75,7440.75,7431.25,7436.75
2026-06-25 14:36:00,7436.5,7442.75,7435.5,7440.25
2026-06-25 14:39:00,7440.25,7442.0,7434.5,7435.0
2026-06-25 14:42:00,7435.0,7438.75,7434.0,7434.75
2026-06-25 14:45:00,7434.75,7434.75,7422.25,7426.75
2026-06-25 14:48:00,7426.5,7433.5,7425.0,7432.75
2026-06-25 14:51:00,7433.0,7439.5,7429.25,7435.5
2026-06-25 14:54:00,7435.5,7436.5,7430.5,7434.25
2026-06-25 14:57:00,7434.25,7435.75,7431.0,7434.5
2026-06-25 15:00:00,7434.25,7435.0,7427.0,7427.25
2026-06-25 15:03:00,7427.25,7427.75,7422.75,7424.0
2026-06-25 15:06:00,7424.0,7428.0,7423.25,7425.75
2026-06-25 15:09:00,7425.75,7427.75,7424.0,7424.0
2026-06-25 15:12:00,7423.75,7426.0,7418.75,7419.25
2026-06-25 15:15:00,7419.5,7422.25,7414.25,7415.25
2026-06-25 15:18:00,7415.0,7420.25,7414.75,7417.5
2026-06-25 15:21:00,7417.75,7422.25,7416.5,7420.5
2026-06-25 15:24:00,7420.25,7424.75,7419.75,7422.5
2026-06-25 15:27:00,7422.5,7422.75,7416.25,7419.75
2026-06-25 15:30:00,7419.5,7420.75,7413.5,7414.5
2026-06-25 15:33:00,7414.5,7418.75,7414.25,7415.25
2026-06-25 15:36:00,7415.0,7417.5,7412.75,7414.25
2026-06-25 15:39:00,7414.25,7419.25,7411.5,7416.25
2026-06-25 15:42:00,7416.0,7418.75,7414.25,7415.75
2026-06-25 15:45:00,7415.5,7416.5,7410.5,7412.5
2026-06-25 15:48:00,7412.5,7417.0,7409.0,7411.25
2026-06-25 15:51:00,7411.5,7422.25,7410.25,7419.5
2026-06-25 15:54:00,7419.5,7423.25,7417.0,7418.25
2026-06-25 15:57:00,7418.5,7430.25,7414.5,7428.5
2026-06-25 16:00:00,7428.5,7451.75,7427.25,7440.5
2026-06-25 16:03:00,7440.25,7443.75,7437.0,7440.75
2026-06-25 16:06:00,7440.75,7442.25,7438.75,7440.5
2026-06-25 16:09:00,7440.5,7442.25,7436.25,7437.75
2026-06-25 16:12:00,7437.75,7438.5,7436.5,7438.25
2026-06-25 16:15:00,7438.25,7443.5,7438.0,7442.75
2026-06-25 16:18:00,7443.0,7447.5,7443.0,7447.25
2026-06-25 16:21:00,7447.25,7454.5,7447.0,7451.0
2026-06-25 16:24:00,7450.75,7451.0,7446.0,7447.5
2026-06-25 16:27:00,7447.75,7448.75,7446.0,7446.75
2026-06-25 16:30:00,7446.75,7447.0,7441.25,7442.75
2026-06-25 16:33:00,7443.0,7445.75,7442.75,7445.0
2026-06-25 16:36:00,7445.0,7445.75,7442.5,7442.5
2026-06-25 16:39:00,7442.5,7442.75,7440.0,7442.0
2026-06-25 16:42:00,7442.0,7442.5,7440.0,7440.5
2026-06-25 16:45:00,7440.5,7441.0,7437.5,7437.75
2026-06-25 16:48:00,7438.0,7438.25,7436.75,7437.5
2026-06-25 16:51:00,7437.5,7438.0,7434.25,7435.0
2026-06-25 16:54:00,7435.25,7436.0,7434.0,7435.5
2026-06-25 16:57:00,7435.25,7436.0,7432.0,7433.75
2026-06-25 17:00:00,7423.25,7423.25,7423.25,7423.25
2026-06-25 18:00:00,7431.0,7435.75,7426.5,7429.5
2026-06-25 18:03:00,7429.25,7432.5,7424.5,7425.75
2026-06-25 18:06:00,7425.5,7427.0,7424.0,7424.25
2026-06-25 18:09:00,7424.0,7424.75,7417.5,7419.25
2026-06-25 18:12:00,7419.25,7422.25,7416.75,7420.5
2026-06-25 18:15:00,7420.75,7425.0,7420.25,7424.25
2026-06-25 18:18:00,7424.5,7425.75,7418.25,7419.25
2026-06-25 18:21:00,7419.25,7423.25,7417.75,7422.5
2026-06-25 18:24:00,7422.5,7422.75,7418.75,7419.75
2026-06-25 18:27:00,7419.25,7420.5,7416.5,7417.25
2026-06-25 18:30:00,7417.25,7419.5,7416.25,7417.25
2026-06-25 18:33:00,7417.25,7420.75,7416.0,7420.0
2026-06-25 18:36:00,7420.0,7422.25,7420.0,7422.0
2026-06-25 18:39:00,7422.0,7422.0,7420.5,7421.0
2026-06-25 18:42:00,7420.75,7422.75,7420.0,7422.25
2026-06-25 18:45:00,7422.25,7422.75,7419.75,7420.25
2026-06-25 18:48:00,7420.25,7422.0,7419.25,7421.25
2026-06-25 18:51:00,7420.75,7423.75,7420.0,7423.5
2026-06-25 18:54:00,7423.0,7426.25,7423.0,7425.75
2026-06-25 18:57:00,7425.5,7426.5,7424.5,7425.25
2026-06-25 19:00:00,7425.25,7426.5,7424.5,7426.5
2026-06-25 19:03:00,7426.5,7427.25,7425.5,7427.0
2026-06-25 19:06:00,7426.75,7427.0,7425.0,7425.75
2026-06-25 19:09:00,7425.75,7427.25,7424.5,7427.25
2026-06-25 19:12:00,7427.25,7433.75,7426.25,7433.25
2026-06-25 19:15:00,7433.5,7442.0,7432.0,7441.75
2026-06-25 19:18:00,7442.25,7452.5,7442.25,7450.75
2026-06-25 19:21:00,7450.75,7454.0,7449.0,7452.5
2026-06-25 19:24:00,7452.25,7454.25,7449.25,7451.5
2026-06-25 19:27:00,7451.5,7453.5,7449.75,7449.75
2026-06-25 19:30:00,7450.0,7451.25,7446.5,7448.75
2026-06-25 19:33:00,7449.0,7449.25,7442.5,7443.5
2026-06-25 19:36:00,7443.25,7443.5,7439.0,7440.0
2026-06-25 19:39:00,7439.75,7440.25,7433.75,7433.75
2026-06-25 19:42:00,7433.5,7434.0,7430.25,7430.75
2026-06-25 19:45:00,7430.5,7430.75,7422.25,7424.0
2026-06-25 19:48:00,7424.0,7425.5,7417.5,7418.25
2026-06-25 19:51:00,7418.25,7421.75,7417.5,7420.25
2026-06-25 19:54:00,7420.25,7422.25,7417.25,7420.0
2026-06-25 19:57:00,7420.25,7423.75,7420.0,7423.75
2026-06-25 20:00:00,7423.75,7427.0,7419.75,7426.25
2026-06-25 20:03:00,7426.5,7431.75,7425.75,7431.75
2026-06-25 20:06:00,7431.25,7434.0,7428.75,7429.5
2026-06-25 20:09:00,7429.25,7434.25,7428.25,7429.25
2026-06-25 20:12:00,7429.5,7433.5,7427.0,7432.0
2026-06-25 20:15:00,7432.25,7434.0,7428.5,7433.25
2026-06-25 20:18:00,7433.25,7434.75,7426.25,7430.0
2026-06-25 20:21:00,7430.5,7431.0,7427.0,7429.25
2026-06-25 20:24:00,7429.0,7429.25,7422.0,7422.75
2026-06-25 20:27:00,7422.75,7430.0,7420.5,7429.5
2026-06-25 20:30:00,7429.25,7430.5,7424.75,7425.25
2026-06-25 20:33:00,7425.25,7426.25,7422.5,7423.0
2026-06-25 20:36:00,7423.0,7427.75,7421.75,7425.0
2026-06-25 20:39:00,7424.25,7429.25,7422.5,7425.75
2026-06-25 20:42:00,7426.5,7429.75,7425.5,7426.0
2026-06-25 20:45:00,7426.0,7428.75,7425.25,7428.0
2026-06-25 20:48:00,7428.0,7429.25,7423.0,7423.75
2026-06-25 20:51:00,7423.75,7428.75,7423.75,7425.5
2026-06-25 20:54:00,7425.75,7426.5,7420.25,7421.0
2026-06-25 20:57:00,7421.25,7425.0,7418.75,7421.25
2026-06-25 21:00:00,7421.75,7427.25,7421.25,7424.0
2026-06-25 21:03:00,7424.25,7425.25,7412.5,7412.75
2026-06-25 21:06:00,7412.75,7420.0,7411.25,7419.5
2026-06-25 21:09:00,7419.0,7424.75,7417.0,7423.75
2026-06-25 21:12:00,7423.25,7425.0,7420.25,7421.75
2026-06-25 21:15:00,7422.0,7427.75,7421.25,7425.0
2026-06-25 21:18:00,7424.75,7427.0,7422.25,7426.25
2026-06-25 21:21:00,7426.5,7426.5,7423.25,7424.5
2026-06-25 21:24:00,7423.75,7424.75,7418.75,7418.75
2026-06-25 21:27:00,7418.75,7420.75,7416.5,7417.5
2026-06-25 21:30:00,7417.75,7418.75,7411.75,7412.25
2026-06-25 21:33:00,7412.25,7414.25,7406.5,7407.0
2026-06-25 21:36:00,7407.0,7410.0,7406.25,7407.25
2026-06-25 21:39:00,7407.0,7409.0,7406.0,7406.5
2026-06-25 21:42:00,7406.5,7407.75,7402.0,7403.0
2026-06-25 21:45:00,7403.0,7404.25,7397.75,7403.75
2026-06-25 21:48:00,7403.5,7407.5,7403.5,7406.5
2026-06-25 21:51:00,7406.25,7407.5,7403.0,7404.0
2026-06-25 21:54:00,7404.25,7404.75,7399.5,7401.0
2026-06-25 21:57:00,7401.0,7401.0,7395.0,7399.75
2026-06-25 22:00:00,7399.75,7401.5,7396.0,7398.25
2026-06-25 22:03:00,7398.5,7400.0,7396.0,7396.75
2026-06-25 22:06:00,7396.75,7401.25,7395.75,7398.5
2026-06-25 22:09:00,7398.75,7399.25,7394.25,7395.0
2026-06-25 22:12:00,7395.0,7396.0,7391.75,7394.25
2026-06-25 22:15:00,7394.25,7397.0,7392.75,7396.0
2026-06-25 22:18:00,7396.25,7396.25,7391.25,7392.75
2026-06-25 22:21:00,7393.0,7394.0,7391.25,7391.75
2026-06-25 22:24:00,7391.5,7391.75,7386.0,7390.25
2026-06-25 22:27:00,7390.25,7390.5,7386.0,7388.75
2026-06-25 22:30:00,7389.0,7390.0,7383.0,7384.25
2026-06-25 22:33:00,7384.25,7387.25,7383.0,7384.0
2026-06-25 22:36:00,7383.75,7384.5,7379.0,7380.5
2026-06-25 22:39:00,7380.25,7385.0,7378.25,7379.75
2026-06-25 22:42:00,7379.5,7383.75,7378.75,7381.5
2026-06-25 22:45:00,7381.5,7381.5,7372.25,7376.0
2026-06-25 22:48:00,7376.0,7376.75,7371.75,7376.25
2026-06-25 22:51:00,7376.25,7376.25,7371.25,7371.5
2026-06-25 22:54:00,7371.25,7373.0,7366.5,7368.25
2026-06-25 22:57:00,7368.25,7372.25,7367.5,7370.75
2026-06-25 23:00:00,7371.25,7371.25,7365.25,7368.25
2026-06-25 23:03:00,7368.0,7370.0,7366.75,7368.25
2026-06-25 23:06:00,7368.0,7369.0,7365.5,7368.25
2026-06-25 23:09:00,7368.25,7370.25,7365.75,7370.25
2026-06-25 23:12:00,7370.0,7371.75,7368.0,7369.5
2026-06-25 23:15:00,7369.0,7371.75,7368.25,7369.75
2026-06-25 23:18:00,7369.75,7370.75,7367.5,7369.25
2026-06-25 23:21:00,7369.0,7369.5,7365.25,7367.75
2026-06-25 23:24:00,7367.5,7368.75,7366.75,7368.75
2026-06-25 23:27:00,7368.5,7370.25,7367.0,7368.5
2026-06-25 23:30:00,7368.25,7368.5,7363.75,7364.75
2026-06-25 23:33:00,7365.0,7367.5,7361.75,7362.5
2026-06-25 23:36:00,7362.5,7364.75,7357.25,7361.25
2026-06-25 23:39:00,7361.75,7367.25,7361.5,7365.75
2026-06-25 23:42:00,7366.0,7369.5,7364.75,7369.5
2026-06-25 23:45:00,7369.5,7370.75,7366.75,7369.5
2026-06-25 23:48:00,7369.5,7370.0,7366.75,7368.25
2026-06-25 23:51:00,7368.25,7373.5,7368.25,7372.5
2026-06-25 23:54:00,7372.25,7378.75,7372.25,7378.25
2026-06-25 23:57:00,7378.25,7383.5,7377.0,7383.0
2026-06-26 00:00:00,7383.25,7385.25,7381.0,7382.25
2026-06-26 00:03:00,7382.25,7385.5,7381.25,7382.0
2026-06-26 00:06:00,7382.0,7384.5,7378.25,7384.0
2026-06-26 00:09:00,7383.75,7384.25,7381.0,7383.75
2026-06-26 00:12:00,7384.0,7384.0,7380.25,7381.0
2026-06-26 00:15:00,7381.25,7385.0,7380.75,7385.0
2026-06-26 00:18:00,7385.0,7385.0,7380.0,7380.25
2026-06-26 00:21:00,7380.25,7381.5,7377.5,7378.0
2026-06-26 00:24:00,7377.75,7378.0,7371.5,7372.25
2026-06-26 00:27:00,7372.0,7377.5,7371.5,7376.5
2026-06-26 00:30:00,7376.75,7380.0,7373.25,7373.75
2026-06-26 00:33:00,7373.5,7374.75,7369.75,7372.25
2026-06-26 00:36:00,7372.0,7372.75,7370.0,7371.25
2026-06-26 00:39:00,7371.5,7373.25,7369.0,7372.0
2026-06-26 00:42:00,7372.25,7373.5,7370.25,7373.0
2026-06-26 00:45:00,7373.25,7373.25,7369.25,7369.5
2026-06-26 00:48:00,7369.75,7370.25,7368.0,7368.75
2026-06-26 00:51:00,7368.5,7369.75,7365.75,7367.0
2026-06-26 00:54:00,7367.25,7368.75,7366.25,7366.75
2026-06-26 00:57:00,7366.5,7368.0,7366.25,7367.75
2026-06-26 01:00:00,7367.75,7371.75,7366.75,7368.75
2026-06-26 01:03:00,7369.25,7370.75,7364.5,7365.75
2026-06-26 01:06:00,7365.5,7370.5,7364.75,7369.5
2026-06-26 01:09:00,7369.5,7371.0,7367.75,7369.25
2026-06-26 01:12:00,7368.75,7376.75,7368.75,7376.75
2026-06-26 01:15:00,7376.5,7379.25,7374.5,7376.0
2026-06-26 01:18:00,7376.25,7378.5,7374.5,7375.25
2026-06-26 01:21:00,7375.5,7377.0,7373.5,7374.25
2026-06-26 01:24:00,7374.0,7378.25,7373.5,7378.25
2026-06-26 01:27:00,7378.5,7380.25,7377.0,7378.75
2026-06-26 01:30:00,7378.75,7382.25,7378.75,7381.75
2026-06-26 01:33:00,7381.75,7382.75,7379.75,7382.25
2026-06-26 01:36:00,7382.5,7382.75,7376.75,7377.0
2026-06-26 01:39:00,7377.0,7377.25,7371.25,7372.5
2026-06-26 01:42:00,7372.75,7372.75,7367.75,7367.75
2026-06-26 01:45:00,7368.0,7368.25,7365.25,7366.75
2026-06-26 01:48:00,7366.5,7372.5,7365.5,7371.5
2026-06-26 01:51:00,7371.5,7375.75,7371.25,7374.75
2026-06-26 01:54:00,7374.75,7375.0,7371.5,7375.0
2026-06-26 01:57:00,7375.0,7375.5,7372.0,7372.0
2026-06-26 02:00:00,7372.25,7375.5,7371.75,7374.5
2026-06-26 02:03:00,7374.75,7375.0,7372.25,7372.75
2026-06-26 02:06:00,7372.75,7373.75,7369.25,7369.5
2026-06-26 02:09:00,7369.75,7373.25,7369.0,7372.25
2026-06-26 02:12:00,7372.5,7376.5,7372.5,7375.75
2026-06-26 02:15:00,7376.0,7379.5,7375.75,7378.75
2026-06-26 02:18:00,7378.75,7379.75,7376.25,7378.5
2026-06-26 02:21:00,7378.5,7381.75,7378.5,7380.75
2026-06-26 02:24:00,7380.5,7383.75,7380.25,7382.0
2026-06-26 02:27:00,7382.0,7388.0,7379.75,7386.5
2026-06-26 02:30:00,7386.75,7390.75,7384.0,7390.25
2026-06-26 02:33:00,7390.25,7391.25,7388.0,7391.25
2026-06-26 02:36:00,7391.0,7393.0,7390.0,7391.0
2026-06-26 02:39:00,7390.75,7392.0,7389.25,7392.0
2026-06-26 02:42:00,7392.25,7395.75,7391.0,7395.25
2026-06-26 02:45:00,7395.25,7404.5,7394.25,7398.25
2026-06-26 02:48:00,7398.0,7399.5,7396.75,7398.0
2026-06-26 02:51:00,7398.0,7401.25,7396.75,7401.0
2026-06-26 02:54:00,7401.0,7409.5,7401.0,7404.0
2026-06-26 02:57:00,7403.75,7405.5,7402.5,7404.0
2026-06-26 03:00:00,7404.0,7406.25,7400.75,7401.25
2026-06-26 03:03:00,7401.5,7402.25,7396.75,7396.75
2026-06-26 03:06:00,7397.0,7398.25,7395.5,7397.0
2026-06-26 03:09:00,7397.25,7400.75,7394.75,7400.5
2026-06-26 03:12:00,7400.75,7403.0,7400.5,7402.25
2026-06-26 03:15:00,7402.5,7407.0,7401.25,7406.5
2026-06-26 03:18:00,7406.5,7406.75,7401.25,7401.75
2026-06-26 03:21:00,7401.75,7406.0,7401.5,7404.75
2026-06-26 03:24:00,7404.5,7408.25,7404.0,7406.25
2026-06-26 03:27:00,7406.0,7409.75,7405.5,7409.25
2026-06-26 03:30:00,7409.5,7413.75,7409.25,7411.75
2026-06-26 03:33:00,7412.0,7412.75,7408.5,7409.25
2026-06-26 03:36:00,7409.25,7411.5,7408.5,7410.5
2026-06-26 03:39:00,7410.25,7412.25,7406.5,7407.5
2026-06-26 03:42:00,7407.75,7408.25,7406.5,7406.75
2026-06-26 03:45:00,7406.75,7406.75,7404.5,7405.5
2026-06-26 03:48:00,7405.5,7407.75,7404.5,7407.75
2026-06-26 03:51:00,7407.75,7410.75,7406.5,7410.75
2026-06-26 03:54:00,7410.5,7412.0,7409.75,7411.25
2026-06-26 03:57:00,7411.0,7412.0,7409.75,7410.75
2026-06-26 04:00:00,7411.0,7416.0,7405.25,7406.75
2026-06-26 04:03:00,7406.75,7407.75,7403.0,7403.25
2026-06-26 04:06:00,7403.25,7410.0,7401.0,7408.5
2026-06-26 04:09:00,7408.25,7408.5,7405.25,7406.0
2026-06-26 04:12:00,7406.25,7408.25,7401.75,7402.75
2026-06-26 04:15:00,7402.75,7406.0,7401.75,7405.75
2026-06-26 04:18:00,7406.0,7406.75,7400.25,7401.75
2026-06-26 04:21:00,7402.0,7404.75,7400.75,7403.5
2026-06-26 04:24:00,7403.75,7406.75,7403.75,7405.75
2026-06-26 04:27:00,7405.75,7409.5,7405.25,7407.5
2026-06-26 04:30:00,7407.25,7407.75,7403.75,7404.5
2026-06-26 04:33:00,7404.25,7404.25,7398.5,7399.75
2026-06-26 04:36:00,7399.75,7402.0,7399.25,7401.5
2026-06-26 04:39:00,7401.25,7402.25,7399.75,7401.75
2026-06-26 04:42:00,7401.5,7403.0,7397.25,7397.75
2026-06-26 04:45:00,7397.5,7398.75,7393.75,7394.75
2026-06-26 04:48:00,7395.0,7396.0,7391.25,7393.0
2026-06-26 04:51:00,7393.0,7393.25,7385.0,7388.5
2026-06-26 04:54:00,7388.75,7389.25,7382.75,7386.5
2026-06-26 04:57:00,7386.75,7389.5,7385.0,7388.5
2026-06-26 05:00:00,7388.75,7389.5,7383.5,7385.75
2026-06-26 05:03:00,7385.75,7387.0,7383.75,7386.25
2026-06-26 05:06:00,7386.0,7388.25,7383.5,7387.5
2026-06-26 05:09:00,7387.5,7387.5,7382.25,7384.75
2026-06-26 05:12:00,7385.0,7390.0,7382.75,7388.5
2026-06-26 05:15:00,7388.25,7389.75,7385.25,7387.75
2026-06-26 05:18:00,7387.75,7389.5,7380.5,7383.0
2026-06-26 05:21:00,7383.25,7385.0,7380.25,7383.5
2026-06-26 05:24:00,7383.5,7383.75,7380.5,7382.25
2026-06-26 05:27:00,7382.25,7385.0,7381.25,7383.5
2026-06-26 05:30:00,7383.5,7383.5,7379.75,7382.75
2026-06-26 05:33:00,7382.5,7388.5,7381.5,7387.25
2026-06-26 05:36:00,7387.0,7389.5,7384.25,7388.0
2026-06-26 05:39:00,7387.75,7394.25,7386.75,7393.75
2026-06-26 05:42:00,7393.75,7395.5,7392.25,7392.25
2026-06-26 05:45:00,7392.25,7396.0,7390.5,7393.5
2026-06-26 05:48:00,7393.5,7396.75,7391.75,7393.5
2026-06-26 05:51:00,7393.75,7394.5,7391.5,7391.75
2026-06-26 05:54:00,7391.5,7391.5,7385.75,7386.0
2026-06-26 05:57:00,7385.75,7386.5,7384.25,7385.25
2026-06-26 06:00:00,7385.5,7386.25,7376.5,7377.5
2026-06-26 06:03:00,7377.75,7381.75,7377.75,7381.75
2026-06-26 06:06:00,7381.5,7385.75,7381.5,7383.25
2026-06-26 06:09:00,7383.5,7386.75,7383.0,7385.0
2026-06-26 06:12:00,7385.0,7388.75,7383.75,7387.0
2026-06-26 06:15:00,7387.0,7389.5,7386.75,7388.25
2026-06-26 06:18:00,7388.0,7388.5,7383.0,7383.25
2026-06-26 06:21:00,7383.0,7383.25,7381.0,7381.0
2026-06-26 06:24:00,7381.25,7384.5,7381.0,7384.5
2026-06-26 06:27:00,7384.25,7387.0,7384.0,7386.25
2026-06-26 06:30:00,7386.25,7388.75,7384.25,7387.75
2026-06-26 06:33:00,7387.75,7389.25,7386.0,7388.0
2026-06-26 06:36:00,7388.0,7388.25,7383.75,7386.0
2026-06-26 06:39:00,7385.75,7387.0,7383.75,7385.5
2026-06-26 06:42:00,7385.75,7387.25,7383.5,7385.25
2026-06-26 06:45:00,7385.0,7388.75,7384.75,7386.75
2026-06-26 06:48:00,7386.5,7387.75,7385.0,7386.75
2026-06-26 06:51:00,7386.75,7387.25,7383.0,7387.0
2026-06-26 06:54:00,7387.0,7387.75,7385.5,7386.25
2026-06-26 06:57:00,7386.25,7386.75,7384.25,7386.5
2026-06-26 07:00:00,7386.5,7388.5,7383.25,7387.5
2026-06-26 07:03:00,7387.5,7393.25,7387.5,7389.5
2026-06-26 07:06:00,7389.25,7391.0,7387.5,7390.5
2026-06-26 07:09:00,7390.25,7392.75,7389.25,7392.5
2026-06-26 07:12:00,7392.75,7394.75,7390.0,7390.5
2026-06-26 07:15:00,7390.75,7390.75,7386.75,7388.25
2026-06-26 07:18:00,7388.25,7389.5,7385.5,7386.25
2026-06-26 07:21:00,7386.75,7389.75,7384.0,7387.0
2026-06-26 07:24:00,7387.0,7388.5,7386.0,7387.5
2026-06-26 07:27:00,7387.5,7388.25,7385.0,7386.5
2026-06-26 07:30:00,7386.5,7388.25,7386.0,7386.25
2026-06-26 07:33:00,7386.25,7389.0,7386.0,7388.25
2026-06-26 07:36:00,7388.25,7390.5,7386.5,7387.25
2026-06-26 07:39:00,7387.25,7389.5,7386.25,7388.25
2026-06-26 07:42:00,7388.25,7390.75,7384.75,7385.75
2026-06-26 07:45:00,7385.75,7388.25,7384.5,7386.75
2026-06-26 07:48:00,7386.5,7389.0,7386.25,7387.0
2026-06-26 07:51:00,7387.0,7387.25,7378.75,7379.25
2026-06-26 07:54:00,7379.25,7383.25,7377.75,7382.5
2026-06-26 07:57:00,7382.5,7385.5,7381.75,7384.5
2026-06-26 08:00:00,7384.75,7390.0,7383.0,7388.5
2026-06-26 08:03:00,7388.25,7396.25,7387.75,7395.25
2026-06-26 08:06:00,7395.0,7395.25,7392.25,7394.75
2026-06-26 08:09:00,7394.5,7396.5,7393.25,7395.0
2026-06-26 08:12:00,7395.0,7401.25,7394.75,7398.25
2026-06-26 08:15:00,7398.5,7403.75,7398.25,7402.75
2026-06-26 08:18:00,7402.75,7403.5,7396.5,7396.75
2026-06-26 08:21:00,7396.5,7396.5,7391.25,7392.25
2026-06-26 08:24:00,7392.5,7393.0,7390.0,7391.5
2026-06-26 08:27:00,7391.25,7395.5,7390.0,7394.75
2026-06-26 08:30:00,7394.5,7397.25,7393.0,7395.5
2026-06-26 08:33:00,7395.75,7395.75,7389.75,7390.75
2026-06-26 08:36:00,7390.5,7391.75,7388.25,7388.5
2026-06-26 08:39:00,7388.5,7388.75,7385.25,7385.5
2026-06-26 08:42:00,7385.5,7386.5,7383.5,7384.0
2026-06-26 08:45:00,7384.25,7385.75,7381.0,7384.0
2026-06-26 08:48:00,7384.0,7386.75,7381.25,7381.5
2026-06-26 08:51:00,7381.5,7385.75,7380.25,7385.75
2026-06-26 08:54:00,7385.75,7386.5,7383.75,7384.5
2026-06-26 08:57:00,7384.5,7385.75,7383.25,7384.0
2026-06-26 09:00:00,7384.0,7385.0,7378.75,7382.25
2026-06-26 09:03:00,7382.0,7383.25,7379.0,7380.5
2026-06-26 09:06:00,7380.5,7381.0,7377.0,7378.0
2026-06-26 09:09:00,7378.25,7378.25,7373.5,7375.25
2026-06-26 09:12:00,7375.5,7378.25,7375.5,7377.0
2026-06-26 09:15:00,7376.75,7378.0,7374.75,7378.0
2026-06-26 09:18:00,7377.75,7379.75,7364.75,7376.75
2026-06-26 09:21:00,7376.75,7382.5,7375.75,7379.5
2026-06-26 09:24:00,7379.25,7381.5,7377.75,7378.5
2026-06-26 09:27:00,7378.75,7383.0,7377.0,7381.0
2026-06-26 09:30:00,7380.75,7388.25,7371.5,7376.0
2026-06-26 09:33:00,7376.25,7380.0,7360.0,7379.5
2026-06-26 09:36:00,7379.5,7383.0,7370.25,7375.75
2026-06-26 09:39:00,7376.0,7377.75,7368.75,7372.75
2026-06-26 09:42:00,7372.75,7386.25,7372.0,7384.25
2026-06-26 09:45:00,7384.5,7389.75,7371.25,7384.75
2026-06-26 09:48:00,7384.75,7390.25,7376.25,7382.5
2026-06-26 09:51:00,7382.75,7388.75,7377.25,7379.75
2026-06-26 09:54:00,7380.0,7400.0,7379.0,7399.5
2026-06-26 09:57:00,7399.5,7405.75,7395.75,7401.5
2026-06-26 10:00:00,7401.25,7413.0,7398.75,7410.25
2026-06-26 10:03:00,7410.0,7419.5,7407.25,7416.0
2026-06-26 10:06:00,7416.0,7424.5,7415.0,7421.0
2026-06-26 10:09:00,7421.0,7425.75,7417.25,7419.75
2026-06-26 10:12:00,7419.5,7428.0,7418.0,7425.5
2026-06-26 10:15:00,7425.75,7429.5,7418.0,7418.75
2026-06-26 10:18:00,7418.5,7436.25,7418.25,7431.75
2026-06-26 10:21:00,7431.75,7435.25,7427.75,7428.0
2026-06-26 10:24:00,7428.25,7433.0,7426.5,7427.75
2026-06-26 10:27:00,7428.0,7433.0,7426.0,7428.5
2026-06-26 10:30:00,7428.75,7433.0,7424.0,7425.0
2026-06-26 10:33:00,7425.25,7431.5,7422.5,7423.0
2026-06-26 10:36:00,7423.0,7423.75,7416.75,7416.75
2026-06-26 10:39:00,7417.0,7419.5,7409.25,7417.0
2026-06-26 10:42:00,7417.25,7424.5,7413.75,7415.25
2026-06-26 10:45:00,7415.25,7423.75,7413.75,7421.25
2026-06-26 10:48:00,7421.25,7427.5,7419.75,7424.5
2026-06-26 10:51:00,7424.25,7426.0,7416.25,7416.5
2026-06-26 10:54:00,7416.5,7420.5,7411.75,7418.75
2026-06-26 10:57:00,7419.0,7423.5,7415.5,7418.0
2026-06-26 11:00:00,7418.0,7427.5,7418.0,7424.5
2026-06-26 11:03:00,7424.25,7428.0,7417.25,7418.25
2026-06-26 11:06:00,7418.25,7422.75,7416.0,7418.25
2026-06-26 11:09:00,7418.25,7426.0,7417.0,7418.25
2026-06-26 11:12:00,7418.5,7419.0,7412.75,7414.25
2026-06-26 11:15:00,7414.5,7424.75,7409.5,7421.75
2026-06-26 11:18:00,7421.75,7427.5,7419.25,7422.5
2026-06-26 11:21:00,7422.5,7432.5,7422.25,7430.75
2026-06-26 11:24:00,7430.75,7437.5,7428.5,7436.0
2026-06-26 11:27:00,7435.75,7440.75,7431.25,7440.75
2026-06-26 11:30:00,7440.5,7450.0,7440.25,7443.75
2026-06-26 11:33:00,7443.5,7445.0,7437.5,7442.25
2026-06-26 11:36:00,7442.0,7453.25,7441.5,7451.75
2026-06-26 11:39:00,7451.75,7453.75,7449.25,7449.25
2026-06-26 11:42:00,7449.5,7459.5,7449.25,7456.5
2026-06-26 11:45:00,7456.5,7458.5,7449.0,7450.5
2026-06-26 11:48:00,7450.5,7453.5,7449.0,7453.25
2026-06-26 11:51:00,7453.0,7454.25,7437.25,7441.5
2026-06-26 11:54:00,7441.5,7448.75,7435.0,7448.5
2026-06-26 11:57:00,7448.25,7452.5,7444.5,7447.5
2026-06-26 12:00:00,7447.75,7449.0,7444.75,7444.75
2026-06-26 12:03:00,7445.0,7448.25,7443.5,7445.0
2026-06-26 12:06:00,7444.75,7446.5,7438.5,7438.75
2026-06-26 12:09:00,7438.75,7439.5,7434.25,7436.5
2026-06-26 12:12:00,7436.5,7436.75,7431.25,7434.75
2026-06-26 12:15:00,7434.75,7440.25,7432.25,7436.0
2026-06-26 12:18:00,7436.0,7437.0,7425.25,7428.5
2026-06-26 12:21:00,7428.5,7429.25,7420.75,7426.0
2026-06-26 12:24:00,7425.75,7429.25,7424.25,7428.5
2026-06-26 12:27:00,7428.5,7429.75,7426.0,7427.25
2026-06-26 12:30:00,7427.25,7436.0,7427.25,7436.0
2026-06-26 12:33:00,7435.75,7441.25,7434.5,7439.25
2026-06-26 12:36:00,7439.25,7441.5,7435.5,7438.0
2026-06-26 12:39:00,7438.0,7439.75,7434.25,7436.75
2026-06-26 12:42:00,7437.0,7439.75,7433.25,7433.75
2026-06-26 12:45:00,7433.75,7437.25,7432.0,7435.25
2026-06-26 12:48:00,7435.25,7441.75,7434.5,7438.5
2026-06-26 12:51:00,7438.25,7441.75,7437.5,7441.5
2026-06-26 12:54:00,7441.75,7442.75,7436.0,7437.25
2026-06-26 12:57:00,7437.25,7439.25,7436.0,7438.25
2026-06-26 13:00:00,7438.25,7445.75,7435.0,7444.0
2026-06-26 13:03:00,7444.0,7445.0,7441.5,7444.25
2026-06-26 13:06:00,7444.25,7449.5,7442.75,7449.25
2026-06-26 13:09:00,7449.0,7452.25,7445.75,7446.5
2026-06-26 13:12:00,7446.5,7447.25,7442.75,7444.5
2026-06-26 13:15:00,7444.5,7445.25,7436.5,7437.25
2026-06-26 13:18:00,7437.25,7440.0,7436.0,7436.5
2026-06-26 13:21:00,7436.5,7439.75,7432.75,7434.0
2026-06-26 13:24:00,7434.0,7435.25,7431.25,7432.75
2026-06-26 13:27:00,7432.75,7443.25,7432.5,7440.75
2026-06-26 13:30:00,7440.75,7447.75,7437.5,7440.5
2026-06-26 13:33:00,7440.5,7443.25,7434.5,7436.25
2026-06-26 13:36:00,7436.5,7438.25,7434.0,7434.5
2026-06-26 13:39:00,7434.5,7436.0,7429.25,7431.25
2026-06-26 13:42:00,7431.25,7439.0,7430.75,7436.0
2026-06-26 13:45:00,7436.0,7437.5,7434.25,7435.5
2026-06-26 13:48:00,7435.5,7437.75,7431.25,7433.25
2026-06-26 13:51:00,7433.25,7435.5,7432.25,7433.0
2026-06-26 13:54:00,7433.0,7436.75,7427.75,7429.5
2026-06-26 13:57:00,7429.5,7433.5,7427.75,7430.0
2026-06-26 14:00:00,7430.25,7434.5,7429.5,7432.0
2026-06-26 14:03:00,7432.0,7438.5,7431.0,7437.0
2026-06-26 14:06:00,7437.0,7439.5,7433.75,7435.25
2026-06-26 14:09:00,7435.25,7437.5,7432.25,7436.5
2026-06-26 14:12:00,7436.5,7438.0,7432.0,7434.0
2026-06-26 14:15:00,7434.0,7435.75,7428.5,7429.75
2026-06-26 14:18:00,7430.0,7431.25,7425.5,7427.5
2026-06-26 14:21:00,7427.5,7430.25,7426.75,7428.5
2026-06-26 14:24:00,7428.25,7430.0,7426.25,7426.75
2026-06-26 14:27:00,7426.5,7426.75,7420.25,7421.25
2026-06-26 14:30:00,7421.5,7426.0,7420.75,7425.5
2026-06-26 14:33:00,7425.75,7429.75,7424.5,7424.75
2026-06-26 14:36:00,7424.75,7425.25,7420.75,7422.0
2026-06-26 14:39:00,7421.75,7424.0,7420.5,7422.0
2026-06-26 14:42:00,7421.75,7424.5,7420.5,7420.75
2026-06-26 14:45:00,7420.75,7420.75,7413.5,7414.5
2026-06-26 14:48:00,7414.5,7415.0,7408.75,7410.0
2026-06-26 14:51:00,7409.75,7413.25,7408.75,7411.75
2026-06-26 14:54:00,7411.75,7414.0,7409.75,7410.75
2026-06-26 14:57:00,7411.0,7412.25,7405.25,7409.0
2026-06-26 15:00:00,7408.75,7413.5,7408.0,7412.0
2026-06-26 15:03:00,7412.0,7412.0,7406.5,7408.0
2026-06-26 15:06:00,7407.75,7417.0,7407.0,7415.25
2026-06-26 15:09:00,7415.25,7417.5,7412.75,7415.5
2026-06-26 15:12:00,7415.25,7421.0,7413.75,7420.5
2026-06-26 15:15:00,7420.5,7421.25,7417.0,7419.25
2026-06-26 15:18:00,7419.25,7422.75,7418.0,7419.0
2026-06-26 15:21:00,7419.25,7422.0,7411.0,7413.75
2026-06-26 15:24:00,7413.5,7418.0,7413.5,7416.0
2026-06-26 15:27:00,7415.75,7417.5,7414.25,7415.0
2026-06-26 15:30:00,7415.25,7415.75,7410.5,7414.0
2026-06-26 15:33:00,7414.25,7421.25,7414.0,7417.75
2026-06-26 15:36:00,7418.0,7420.75,7415.5,7417.75
2026-06-26 15:39:00,7417.75,7419.75,7415.75,7417.5
2026-06-26 15:42:00,7417.5,7426.75,7417.25,7426.0
2026-06-26 15:45:00,7426.0,7431.75,7423.75,7425.25
2026-06-26 15:48:00,7425.25,7429.5,7418.5,7421.75
2026-06-26 15:51:00,7422.0,7428.0,7419.75,7424.75
2026-06-26 15:54:00,7424.75,7426.75,7421.25,7425.0
2026-06-26 15:57:00,7425.0,7429.25,7368.75,7380.25
2026-06-26 16:00:00,7380.0,7408.75,7368.5,7401.0
2026-06-26 16:03:00,7400.75,7404.5,7396.75,7397.25
2026-06-26 16:06:00,7397.5,7403.25,7392.75,7400.75
2026-06-26 16:09:00,7400.75,7404.5,7397.75,7403.5
2026-06-26 16:12:00,7403.75,7413.5,7403.75,7412.25
2026-06-26 16:15:00,7412.5,7417.25,7410.25,7411.75
2026-06-26 16:18:00,7411.75,7415.25,7410.75,7414.0
2026-06-26 16:21:00,7413.75,7415.5,7410.75,7415.5
2026-06-26 16:24:00,7415.5,7421.0,7415.5,7417.0
2026-06-26 16:27:00,7417.0,7420.25,7415.5,7415.75
2026-06-26 16:30:00,7415.5,7416.75,7400.25,7402.0
2026-06-26 16:33:00,7402.0,7410.0,7401.25,7409.0
2026-06-26 16:36:00,7409.0,7411.75,7397.25,7404.0
2026-06-26 16:39:00,7404.0,7406.75,7398.5,7399.0
2026-06-26 16:42:00,7399.0,7402.75,7397.5,7399.75
2026-06-26 16:45:00,7400.0,7401.25,7396.0,7400.75
2026-06-26 16:48:00,7400.75,7402.25,7397.75,7401.0
2026-06-26 16:51:00,7401.25,7404.25,7399.75,7400.25
2026-06-26 16:54:00,7400.25,7404.75,7400.25,7403.5
2026-06-26 16:57:00,7403.5,7404.0,7395.25,7397.25
2026-06-28 18:00:00,7398.0,7428.75,7398.0,7426.25
2026-06-28 18:03:00,7426.25,7434.75,7426.0,7431.75
2026-06-28 18:06:00,7431.75,7435.75,7429.0,7430.5
2026-06-28 18:09:00,7431.25,7432.0,7428.5,7430.0
2026-06-28 18:12:00,7430.25,7437.75,7429.5,7435.25
2026-06-28 18:15:00,7435.25,7435.5,7432.25,7434.75
2026-06-28 18:18:00,7434.75,7435.25,7427.0,7428.0
2026-06-28 18:21:00,7428.0,7437.0,7428.0,7433.25
2026-06-28 18:24:00,7433.5,7436.75,7432.0,7436.25
2026-06-28 18:27:00,7436.25,7437.5,7434.25,7434.75
2026-06-28 18:30:00,7435.0,7438.5,7435.0,7436.75
2026-06-28 18:33:00,7436.75,7438.0,7434.25,7435.0
2026-06-28 18:36:00,7435.0,7437.5,7434.5,7435.25
2026-06-28 18:39:00,7435.0,7437.25,7434.25,7436.5
2026-06-28 18:42:00,7436.25,7438.25,7436.0,7437.75
2026-06-28 18:45:00,7437.75,7438.5,7436.0,7436.25
2026-06-28 18:48:00,7436.5,7438.0,7436.25,7436.75
2026-06-28 18:51:00,7436.75,7436.75,7435.0,7435.0
2026-06-28 18:54:00,7435.5,7436.25,7434.0,7435.75
2026-06-28 18:57:00,7435.75,7436.0,7434.0,7434.5
2026-06-28 19:00:00,7434.5,7438.0,7432.5,7437.0
2026-06-28 19:03:00,7437.25,7440.75,7436.5,7438.5
2026-06-28 19:06:00,7438.5,7446.5,7438.0,7445.5
2026-06-28 19:09:00,7445.0,7448.5,7444.5,7446.0
2026-06-28 19:12:00,7446.0,7448.5,7445.75,7446.25
2026-06-28 19:15:00,7446.5,7446.5,7444.25,7445.5
2026-06-28 19:18:00,7446.0,7449.75,7445.75,7449.0
2026-06-28 19:21:00,7448.75,7451.5,7448.0,7449.75
2026-06-28 19:24:00,7449.5,7450.25,7448.5,7449.75
2026-06-28 19:27:00,7449.75,7450.25,7448.75,7449.5
2026-06-28 19:30:00,7449.5,7452.75,7449.25,7450.75
2026-06-28 19:33:00,7451.0,7451.75,7450.0,7451.25
2026-06-28 19:36:00,7451.0,7453.0,7450.25,7453.0
2026-06-28 19:39:00,7453.25,7453.5,7451.5,7452.5
2026-06-28 19:42:00,7452.75,7453.0,7451.0,7452.0
2026-06-28 19:45:00,7452.0,7455.75,7450.0,7450.75
2026-06-28 19:48:00,7450.5,7453.0,7449.5,7451.0
2026-06-28 19:51:00,7450.75,7452.0,7450.0,7450.75
2026-06-28 19:54:00,7450.75,7451.25,7448.5,7449.75
2026-06-28 19:57:00,7450.0,7450.75,7447.0,7447.25
2026-06-28 20:00:00,7447.5,7447.5,7432.75,7434.0
2026-06-28 20:03:00,7434.0,7440.0,7432.5,7434.5
2026-06-28 20:06:00,7434.5,7439.0,7434.0,7435.75
2026-06-28 20:09:00,7436.25,7442.5,7434.75,7442.0
2026-06-28 20:12:00,7441.75,7442.5,7435.75,7436.25
2026-06-28 20:15:00,7436.25,7438.5,7427.75,7433.5
2026-06-28 20:18:00,7433.25,7437.0,7429.5,7430.25
2026-06-28 20:21:00,7429.75,7429.75,7423.25,7424.25
2026-06-28 20:24:00,7424.25,7428.25,7423.75,7425.75
2026-06-28 20:27:00,7425.75,7426.75,7422.75,7423.0
2026-06-28 20:30:00,7423.25,7426.25,7422.5,7425.0
2026-06-28 20:33:00,7425.25,7428.5,7423.75,7426.0
2026-06-28 20:36:00,7426.0,7428.5,7424.0,7427.75
2026-06-28 20:39:00,7428.0,7433.0,7426.25,7432.75
2026-06-28 20:42:00,7432.5,7436.25,7432.5,7435.5
2026-06-28 20:45:00,7434.75,7434.75,7423.0,7423.5
2026-06-28 20:48:00,7424.0,7430.75,7423.0,7427.5
2026-06-28 20:51:00,7427.0,7432.25,7426.75,7431.75
2026-06-28 20:54:00,7431.75,7437.5,7430.25,7436.75
2026-06-28 20:57:00,7436.75,7440.25,7435.5,7438.5
2026-06-28 21:00:00,7438.5,7440.75,7430.5,7432.25
2026-06-28 21:03:00,7432.5,7436.0,7431.0,7435.0
2026-06-28 21:06:00,7435.25,7439.5,7434.75,7434.75
2026-06-28 21:09:00,7434.75,7437.25,7434.0,7436.75
2026-06-28 21:12:00,7437.25,7437.25,7434.0,7436.75
2026-06-28 21:15:00,7437.0,7437.25,7428.75,7428.75
2026-06-28 21:18:00,7428.5,7432.75,7427.0,7432.5
2026-06-28 21:21:00,7432.25,7436.25,7431.25,7434.25
2026-06-28 21:24:00,7434.25,7436.5,7432.75,7435.5
2026-06-28 21:27:00,7435.5,7436.25,7428.5,7429.25
2026-06-28 21:30:00,7429.5,7432.0,7426.75,7431.25
2026-06-28 21:33:00,7431.5,7434.75,7428.0,7433.75
2026-06-28 21:36:00,7433.75,7438.5,7432.5,7438.0
2026-06-28 21:39:00,7437.75,7442.25,7436.5,7442.0
2026-06-28 21:42:00,7442.0,7443.0,7438.75,7440.5
2026-06-28 21:45:00,7440.25,7441.25,7434.75,7435.75
2026-06-28 21:48:00,7436.0,7438.75,7434.75,7438.0
2026-06-28 21:51:00,7437.5,7439.5,7435.75,7436.75
2026-06-28 21:54:00,7436.75,7440.25,7436.5,7438.75
2026-06-28 21:57:00,7438.75,7441.75,7437.0,7438.5
2026-06-28 22:00:00,7438.75,7439.75,7436.0,7438.75
2026-06-28 22:03:00,7438.75,7439.5,7433.5,7435.25
2026-06-28 22:06:00,7435.25,7435.25,7429.75,7429.75
2026-06-28 22:09:00,7429.75,7431.25,7428.75,7429.0
2026-06-28 22:12:00,7429.25,7430.0,7421.75,7422.75
2026-06-28 22:15:00,7422.5,7426.0,7420.75,7425.5
2026-06-28 22:18:00,7425.5,7430.5,7425.0,7430.25
2026-06-28 22:21:00,7430.0,7435.75,7429.5,7433.75
2026-06-28 22:24:00,7433.75,7435.5,7433.25,7435.25
2026-06-28 22:27:00,7435.0,7441.0,7435.0,7439.75
2026-06-28 22:30:00,7440.0,7441.0,7438.0,7440.75
2026-06-28 22:33:00,7440.75,7441.0,7438.5,7439.5
2026-06-28 22:36:00,7439.25,7441.5,7439.0,7441.5
2026-06-28 22:39:00,7441.5,7443.75,7441.25,7441.75
2026-06-28 22:42:00,7441.75,7442.75,7440.5,7441.5
2026-06-28 22:45:00,7441.75,7443.0,7440.5,7441.25
2026-06-28 22:48:00,7440.75,7442.75,7440.5,7441.75
2026-06-28 22:51:00,7441.75,7443.0,7440.25,7440.75
2026-06-28 22:54:00,7440.75,7442.25,7440.0,7441.0
2026-06-28 22:57:00,7441.0,7442.5,7440.5,7440.5
2026-06-28 23:00:00,7440.75,7446.25,7440.75,7445.5
2026-06-28 23:03:00,7445.5,7448.0,7445.0,7446.5
2026-06-28 23:06:00,7446.75,7448.25,7446.25,7447.75
2026-06-28 23:09:00,7447.75,7450.0,7445.5,7446.0
2026-06-28 23:12:00,7445.75,7447.25,7444.25,7444.5
2026-06-28 23:15:00,7444.5,7445.0,7443.5,7444.25
2026-06-28 23:18:00,7444.25,7444.75,7443.0,7444.75
2026-06-28 23:21:00,7445.0,7446.25,7443.5,7443.75
2026-06-28 23:24:00,7443.5,7444.5,7443.0,7444.0
2026-06-28 23:27:00,7444.0,7446.5,7443.75,7444.75
2026-06-28 23:30:00,7444.5,7446.0,7441.0,7441.5
2026-06-28 23:33:00,7441.5,7441.5,7437.0,7437.0
2026-06-28 23:36:00,7437.0,7437.5,7434.0,7434.75
2026-06-28 23:39:00,7434.75,7437.75,7434.5,7436.25
2026-06-28 23:42:00,7437.0,7438.5,7435.75,7436.75
2026-06-28 23:45:00,7436.75,7442.5,7436.0,7442.0
2026-06-28 23:48:00,7442.0,7447.25,7441.75,7446.25
2026-06-28 23:51:00,7446.0,7452.75,7446.0,7450.0
2026-06-28 23:54:00,7450.0,7450.25,7447.75,7447.75
2026-06-28 23:57:00,7448.0,7451.5,7447.0,7450.25
2026-06-29 00:00:00,7450.25,7450.5,7447.25,7448.25
2026-06-29 00:03:00,7448.5,7449.25,7445.5,7445.5
2026-06-29 00:06:00,7445.5,7448.5,7444.75,7446.5
2026-06-29 00:09:00,7446.75,7448.0,7445.0,7445.25
2026-06-29 00:12:00,7445.5,7445.5,7444.75,7445.25
2026-06-29 00:15:00,7445.25,7445.5,7442.75,7443.75
2026-06-29 00:18:00,7443.5,7445.25,7442.5,7443.5
2026-06-29 00:21:00,7443.25,7443.25,7441.5,7443.25
2026-06-29 00:24:00,7443.25,7448.0,7443.0,7444.5
2026-06-29 00:27:00,7444.5,7445.5,7443.5,7444.25
2026-06-29 00:30:00,7444.5,7446.0,7443.0,7444.75
2026-06-29 00:33:00,7445.0,7445.25,7441.75,7442.75
2026-06-29 00:36:00,7443.0,7445.25,7441.25,7444.0
2026-06-29 00:39:00,7444.25,7444.25,7439.75,7440.25
2026-06-29 00:42:00,7440.25,7442.0,7439.75,7441.5
2026-06-29 00:45:00,7441.75,7442.25,7440.0,7440.25
2026-06-29 00:48:00,7440.5,7443.25,7440.5,7441.75
2026-06-29 00:51:00,7441.75,7445.25,7441.5,7444.75
2026-06-29 00:54:00,7445.0,7445.25,7440.75,7441.75
2026-06-29 00:57:00,7441.75,7442.25,7440.75,7442.0
2026-06-29 01:00:00,7442.25,7444.25,7439.5,7440.0
2026-06-29 01:03:00,7439.75,7442.0,7439.0,7440.75
2026-06-29 01:06:00,7440.75,7443.0,7439.75,7443.0
2026-06-29 01:09:00,7442.75,7443.5,7440.75,7441.25
2026-06-29 01:12:00,7441.0,7445.0,7439.0,7444.5
2026-06-29 01:15:00,7444.75,7447.25,7443.75,7444.0
2026-06-29 01:18:00,7443.75,7444.25,7440.5,7442.5
2026-06-29 01:21:00,7443.25,7443.5,7441.25,7442.75
2026-06-29 01:24:00,7442.5,7445.0,7442.25,7443.0
2026-06-29 01:27:00,7442.75,7444.0,7441.5,7442.75
2026-06-29 01:30:00,7442.5,7445.0,7442.0,7443.75
2026-06-29 01:33:00,7444.0,7450.0,7443.75,7447.5
2026-06-29 01:36:00,7447.25,7447.5,7445.25,7447.25
2026-06-29 01:39:00,7447.25,7449.5,7447.0,7449.0
2026-06-29 01:42:00,7449.25,7453.75,7449.0,7453.0
2026-06-29 01:45:00,7453.25,7453.25,7451.0,7452.5
2026-06-29 01:48:00,7452.25,7452.75,7450.0,7451.25
2026-06-29 01:51:00,7451.5,7455.5,7451.0,7455.0
2026-06-29 01:54:00,7454.75,7458.5,7454.75,7456.5
2026-06-29 01:57:00,7456.5,7457.25,7454.75,7457.25
2026-06-29 02:00:00,7457.0,7457.75,7451.75,7451.75
2026-06-29 02:03:00,7452.0,7452.0,7446.75,7447.25
2026-06-29 02:06:00,7447.25,7449.0,7446.25,7446.5
2026-06-29 02:09:00,7446.25,7448.5,7445.5,7446.0
2026-06-29 02:12:00,7446.0,7448.5,7445.75,7447.75
2026-06-29 02:15:00,7447.75,7449.0,7447.0,7448.25
2026-06-29 02:18:00,7448.5,7448.5,7446.75,7448.25
2026-06-29 02:21:00,7448.25,7450.75,7447.5,7450.75
2026-06-29 02:24:00,7450.5,7452.0,7449.25,7449.25
2026-06-29 02:27:00,7449.5,7452.25,7449.0,7450.75
2026-06-29 02:30:00,7451.0,7453.25,7449.5,7453.0
2026-06-29 02:33:00,7452.75,7454.75,7451.25,7452.25
2026-06-29 02:36:00,7452.25,7453.5,7450.0,7450.0
2026-06-29 02:39:00,7450.0,7453.75,7450.0,7452.5
2026-06-29 02:42:00,7452.25,7453.25,7451.25,7451.75
2026-06-29 02:45:00,7451.75,7452.0,7449.25,7450.25
2026-06-29 02:48:00,7450.5,7451.25,7448.0,7448.5
2026-06-29 02:51:00,7448.75,7450.0,7447.75,7449.0
2026-06-29 02:54:00,7449.0,7449.25,7444.25,7445.0
2026-06-29 02:57:00,7445.25,7446.75,7444.75,7446.25
2026-06-29 03:00:00,7446.5,7446.75,7437.25,7438.75
2026-06-29 03:03:00,7438.5,7441.0,7436.5,7439.5
2026-06-29 03:06:00,7439.5,7441.75,7437.5,7441.25
2026-06-29 03:09:00,7441.0,7442.75,7437.25,7438.0
2026-06-29 03:12:00,7438.25,7443.0,7437.75,7442.75
2026-06-29 03:15:00,7442.75,7447.5,7442.75,7445.5
2026-06-29 03:18:00,7445.75,7446.75,7444.75,7446.75
2026-06-29 03:21:00,7446.5,7448.5,7444.25,7445.0
2026-06-29 03:24:00,7445.25,7450.0,7444.75,7449.0
2026-06-29 03:27:00,7449.0,7451.75,7448.5,7450.25
2026-06-29 03:30:00,7450.25,7450.5,7446.75,7447.25
2026-06-29 03:33:00,7447.25,7449.0,7446.75,7447.25
2026-06-29 03:36:00,7447.0,7451.0,7446.75,7451.0
2026-06-29 03:39:00,7450.75,7453.25,7450.75,7452.0
2026-06-29 03:42:00,7451.5,7452.25,7450.25,7450.75
2026-06-29 03:45:00,7450.5,7452.75,7448.25,7451.5
2026-06-29 03:48:00,7451.25,7451.5,7448.75,7451.0
2026-06-29 03:51:00,7450.5,7451.75,7449.75,7451.0
2026-06-29 03:54:00,7450.75,7451.0,7449.0,7450.5
2026-06-29 03:57:00,7450.25,7451.5,7449.5,7451.5
2026-06-29 04:00:00,7451.25,7458.75,7450.25,7457.5
2026-06-29 04:03:00,7457.0,7459.75,7453.0,7458.0
2026-06-29 04:06:00,7458.0,7459.75,7455.0,7455.5
2026-06-29 04:09:00,7455.5,7458.5,7455.5,7457.5
2026-06-29 04:12:00,7457.5,7459.0,7456.5,7458.0
2026-06-29 04:15:00,7457.75,7459.5,7455.25,7458.75
2026-06-29 04:18:00,7459.0,7463.75,7458.5,7458.75
2026-06-29 04:21:00,7458.75,7461.0,7458.25,7458.5
2026-06-29 04:24:00,7459.0,7461.75,7457.25,7458.0
2026-06-29 04:27:00,7457.75,7459.5,7455.75,7456.25
2026-06-29 04:30:00,7456.25,7460.75,7455.5,7459.75
2026-06-29 04:33:00,7459.75,7460.75,7459.0,7460.5
2026-06-29 04:36:00,7460.75,7461.75,7457.0,7457.0
2026-06-29 04:39:00,7457.25,7457.75,7455.0,7455.75
2026-06-29 04:42:00,7455.5,7456.0,7454.0,7455.0
2026-06-29 04:45:00,7454.75,7456.5,7453.75,7456.25
2026-06-29 04:48:00,7456.25,7457.5,7454.5,7455.75
2026-06-29 04:51:00,7455.75,7456.5,7454.0,7454.75
2026-06-29 04:54:00,7454.5,7454.5,7450.75,7451.0
2026-06-29 04:57:00,7451.0,7452.25,7450.75,7451.5
2026-06-29 05:00:00,7451.25,7452.75,7450.5,7452.5
2026-06-29 05:03:00,7452.5,7453.75,7452.0,7452.25
2026-06-29 05:06:00,7452.5,7453.75,7451.0,7452.75
2026-06-29 05:09:00,7453.0,7454.75,7451.5,7451.75
2026-06-29 05:12:00,7452.0,7454.25,7451.0,7453.75
2026-06-29 05:15:00,7453.5,7455.0,7452.25,7455.0
2026-06-29 05:18:00,7455.0,7456.25,7455.0,7456.0
2026-06-29 05:21:00,7455.75,7456.5,7454.5,7456.25
2026-06-29 05:24:00,7456.0,7457.25,7454.75,7456.5
2026-06-29 05:27:00,7456.5,7458.75,7455.75,7457.75
2026-06-29 05:30:00,7458.0,7459.25,7456.5,7457.5
2026-06-29 05:33:00,7457.25,7457.5,7455.25,7455.25
2026-06-29 05:36:00,7455.5,7456.0,7454.25,7456.0
2026-06-29 05:39:00,7456.0,7457.0,7454.5,7455.0
2026-06-29 05:42:00,7454.75,7456.0,7453.75,7455.5
2026-06-29 05:45:00,7455.25,7456.25,7455.25,7456.25
2026-06-29 05:48:00,7456.0,7456.0,7453.75,7454.25
2026-06-29 05:51:00,7454.5,7455.25,7447.5,7449.75
2026-06-29 05:54:00,7449.5,7453.5,7449.0,7453.25
2026-06-29 05:57:00,7453.0,7455.25,7453.0,7454.5
2026-06-29 06:00:00,7454.75,7459.5,7454.75,7458.25
2026-06-29 06:03:00,7458.25,7458.75,7456.0,7456.0
2026-06-29 06:06:00,7456.0,7458.25,7456.0,7457.75
2026-06-29 06:09:00,7457.75,7461.0,7457.25,7458.25
2026-06-29 06:12:00,7458.25,7460.0,7456.0,7456.75
2026-06-29 06:15:00,7456.75,7456.75,7452.5,7453.0
2026-06-29 06:18:00,7453.0,7456.0,7453.0,7455.5
2026-06-29 06:21:00,7455.5,7456.5,7455.25,7456.25
2026-06-29 06:24:00,7456.0,7457.0,7454.0,7456.75
2026-06-29 06:27:00,7457.0,7460.25,7456.5,7460.0
2026-06-29 06:30:00,7460.25,7461.0,7459.25,7459.5
2026-06-29 06:33:00,7459.25,7462.5,7459.25,7460.0
2026-06-29 06:36:00,7460.25,7465.0,7460.0,7463.75
2026-06-29 06:39:00,7463.5,7464.75,7462.0,7462.75
2026-06-29 06:42:00,7462.5,7463.75,7461.5,7461.75
2026-06-29 06:45:00,7461.75,7462.25,7455.75,7461.0
2026-06-29 06:48:00,7460.75,7461.75,7460.5,7461.25
2026-06-29 06:51:00,7461.5,7462.75,7461.0,7462.5
2026-06-29 06:54:00,7462.25,7463.0,7461.75,7461.75
2026-06-29 06:57:00,7462.0,7466.75,7462.0,7466.0
2026-06-29 07:00:00,7466.0,7469.5,7465.25,7468.25
2026-06-29 07:03:00,7468.0,7470.25,7467.75,7468.75
2026-06-29 07:06:00,7469.0,7470.5,7468.0,7468.5
2026-06-29 07:09:00,7468.25,7469.0,7464.25,7464.75
2026-06-29 07:12:00,7464.75,7465.25,7462.75,7463.25
2026-06-29 07:15:00,7463.25,7464.25,7462.0,7462.0
2026-06-29 07:18:00,7461.75,7462.25,7459.25,7459.5
2026-06-29 07:21:00,7459.75,7461.5,7458.0,7461.0
2026-06-29 07:24:00,7461.25,7461.75,7459.75,7461.5
2026-06-29 07:27:00,7461.25,7463.5,7461.0,7462.0
2026-06-29 07:30:00,7462.0,7473.75,7460.25,7464.75
2026-06-29 07:33:00,7464.5,7467.0,7462.5,7465.0
2026-06-29 07:36:00,7464.75,7466.5,7464.0,7464.5
2026-06-29 07:39:00,7464.5,7466.0,7463.0,7465.75
2026-06-29 07:42:00,7465.75,7466.5,7464.0,7464.5
2026-06-29 07:45:00,7464.5,7466.75,7464.5,7466.25
2026-06-29 07:48:00,7466.5,7468.75,7465.5,7468.75
2026-06-29 07:51:00,7468.5,7468.75,7464.25,7464.5
2026-06-29 07:54:00,7464.75,7465.75,7464.25,7464.75
2026-06-29 07:57:00,7464.5,7465.25,7462.5,7463.5
2026-06-29 08:00:00,7463.5,7464.0,7461.5,7464.0
2026-06-29 08:03:00,7464.0,7465.5,7462.5,7463.25
2026-06-29 08:06:00,7463.5,7465.25,7462.5,7464.75
2026-06-29 08:09:00,7465.0,7467.75,7464.5,7465.75
2026-06-29 08:12:00,7466.0,7466.75,7465.0,7466.0
2026-06-29 08:15:00,7466.0,7467.25,7465.0,7465.5
2026-06-29 08:18:00,7465.5,7469.25,7465.5,7466.75
2026-06-29 08:21:00,7466.5,7467.25,7464.0,7464.25
2026-06-29 08:24:00,7464.25,7466.5,7464.0,7466.25
2026-06-29 08:27:00,7466.5,7467.75,7465.25,7465.5
2026-06-29 08:30:00,7465.5,7465.75,7461.0,7464.0
2026-06-29 08:33:00,7464.25,7467.75,7463.75,7466.25
2026-06-29 08:36:00,7466.5,7467.0,7460.75,7461.25
2026-06-29 08:39:00,7461.5,7462.25,7456.25,7456.5
2026-06-29 08:42:00,7456.5,7459.75,7455.25,7459.25
2026-06-29 08:45:00,7459.25,7462.25,7457.5,7461.0
2026-06-29 08:48:00,7460.75,7461.25,7458.0,7460.75
2026-06-29 08:51:00,7460.5,7461.0,7457.75,7460.0
2026-06-29 08:54:00,7460.25,7463.0,7459.75,7462.5
2026-06-29 08:57:00,7462.5,7464.0,7462.0,7464.0
2026-06-29 09:00:00,7464.0,7466.75,7464.0,7464.25
2026-06-29 09:03:00,7464.25,7465.5,7463.75,7465.5
2026-06-29 09:06:00,7465.5,7466.25,7463.0,7465.25
2026-06-29 09:09:00,7465.25,7465.5,7463.5,7465.25
2026-06-29 09:12:00,7465.25,7468.25,7465.25,7467.5
2026-06-29 09:15:00,7467.5,7468.75,7466.75,7467.25
2026-06-29 09:18:00,7467.25,7468.75,7463.5,7463.75
2026-06-29 09:21:00,7463.5,7464.0,7460.25,7460.5
2026-06-29 09:24:00,7460.5,7460.75,7457.25,7458.0
2026-06-29 09:27:00,7457.75,7458.5,7455.0,7457.0
2026-06-29 09:30:00,7457.25,7471.75,7444.5,7469.5
2026-06-29 09:33:00,7469.5,7479.0,7468.5,7472.5
2026-06-29 09:36:00,7472.5,7473.0,7460.25,7465.5
2026-06-29 09:39:00,7465.5,7477.25,7464.25,7472.75
2026-06-29 09:42:00,7472.75,7483.5,7472.25,7483.5
2026-06-29 09:45:00,7483.5,7488.25,7480.5,7483.75
2026-06-29 09:48:00,7483.75,7485.75,7474.0,7481.75
2026-06-29 09:51:00,7481.75,7490.0,7480.75,7484.5
2026-06-29 09:54:00,7484.25,7486.0,7460.5,7466.0
2026-06-29 09:57:00,7465.75,7466.25,7453.75,7458.5
2026-06-29 10:00:00,7458.5,7460.75,7448.25,7454.75
2026-06-29 10:03:00,7455.0,7458.5,7443.75,7445.75
2026-06-29 10:06:00,7445.75,7450.5,7435.25,7440.75
2026-06-29 10:09:00,7440.75,7443.5,7430.0,7435.0
2026-06-29 10:12:00,7435.0,7436.75,7415.5,7415.5
2026-06-29 10:15:00,7415.5,7428.25,7409.0,7421.0
2026-06-29 10:18:00,7421.0,7427.5,7415.5,7426.75
2026-06-29 10:21:00,7426.75,7434.75,7424.0,7426.0
2026-06-29 10:24:00,7426.25,7442.0,7422.5,7441.25
2026-06-29 10:27:00,7441.5,7450.75,7439.25,7449.75
2026-06-29 10:30:00,7449.5,7458.0,7448.0,7453.75
2026-06-29 10:33:00,7453.75,7465.75,7452.5,7463.75
2026-06-29 10:36:00,7463.75,7466.5,7458.0,7460.0
2026-06-29 10:39:00,7460.0,7465.25,7457.25,7461.75
2026-06-29 10:42:00,7461.75,7467.75,7458.75,7459.75
2026-06-29 10:45:00,7459.75,7460.25,7449.25,7449.5
2026-06-29 10:48:00,7449.5,7464.0,7447.75,7462.75
2026-06-29 10:51:00,7462.5,7469.0,7460.5,7468.5
2026-06-29 10:54:00,7468.5,7472.5,7461.75,7465.25
2026-06-29 10:57:00,7465.0,7468.0,7460.5,7468.0
2026-06-29 11:00:00,7468.0,7469.5,7461.5,7462.75
2026-06-29 11:03:00,7462.75,7466.0,7459.25,7462.0
2026-06-29 11:06:00,7462.0,7464.75,7460.75,7461.75
2026-06-29 11:09:00,7461.75,7462.5,7457.75,7458.5
2026-06-29 11:12:00,7458.75,7464.0,7454.75,7464.0
2026-06-29 11:15:00,7464.25,7467.0,7460.0,7461.5
2026-06-29 11:18:00,7461.5,7462.25,7456.25,7458.5
2026-06-29 11:21:00,7458.5,7464.5,7455.75,7456.25
2026-06-29 11:24:00,7456.25,7462.0,7453.0,7461.0
2026-06-29 11:27:00,7461.25,7467.75,7461.0,7467.0
2026-06-29 11:30:00,7467.0,7469.5,7464.75,7466.0
2026-06-29 11:33:00,7466.0,7468.5,7461.5,7463.75
2026-06-29 11:36:00,7464.0,7471.0,7463.0,7469.0
2026-06-29 11:39:00,7469.0,7471.5,7466.75,7471.25
2026-06-29 11:42:00,7471.25,7474.75,7469.0,7474.25
2026-06-29 11:45:00,7474.5,7474.5,7468.75,7471.5
2026-06-29 11:48:00,7471.75,7472.25,7467.5,7471.25
2026-06-29 11:51:00,7471.5,7471.75,7468.25,7469.25
2026-06-29 11:54:00,7469.5,7472.75,7467.5,7470.0
2026-06-29 11:57:00,7470.25,7475.75,7468.5,7475.0
2026-06-29 12:00:00,7475.25,7479.0,7474.75,7477.0
2026-06-29 12:03:00,7477.0,7481.75,7476.25,7479.0
2026-06-29 12:06:00,7479.0,7480.75,7477.25,7478.0
2026-06-29 12:09:00,7478.0,7480.0,7476.25,7476.25
2026-06-29 12:12:00,7476.25,7477.25,7474.75,7475.5
2026-06-29 12:15:00,7475.25,7478.0,7474.75,7475.5
2026-06-29 12:18:00,7475.5,7477.25,7474.75,7476.5
2026-06-29 12:21:00,7476.5,7478.0,7474.0,7478.0
2026-06-29 12:24:00,7478.25,7479.0,7474.5,7475.0
2026-06-29 12:27:00,7475.0,7476.5,7473.0,7473.75
2026-06-29 12:30:00,7474.0,7475.75,7471.25,7472.0
2026-06-29 12:33:00,7472.0,7473.25,7470.0,7472.5
2026-06-29 12:36:00,7472.5,7474.5,7470.25,7473.5
2026-06-29 12:39:00,7473.5,7476.25,7472.75,7475.5
2026-06-29 12:42:00,7475.5,7476.25,7473.25,7475.5
2026-06-29 12:45:00,7475.5,7476.5,7472.0,7472.75
2026-06-29 12:48:00,7473.0,7476.5,7472.75,7475.5
2026-06-29 12:51:00,7475.5,7479.0,7474.25,7479.0
2026-06-29 12:54:00,7478.75,7480.0,7477.25,7477.25
2026-06-29 12:57:00,7477.25,7478.5,7476.5,7477.25
2026-06-29 13:00:00,7477.25,7481.25,7477.25,7480.75
2026-06-29 13:03:00,7481.0,7483.0,7479.75,7482.5
2026-06-29 13:06:00,7482.75,7483.0,7481.0,7482.25
2026-06-29 13:09:00,7482.0,7486.25,7481.75,7486.0
2026-06-29 13:12:00,7485.75,7492.75,7485.25,7490.5
2026-06-29 13:15:00,7490.5,7493.25,7489.25,7491.75
2026-06-29 13:18:00,7491.75,7494.75,7490.5,7493.75
2026-06-29 13:21:00,7493.75,7494.0,7486.0,7486.5
2026-06-29 13:24:00,7486.5,7489.75,7485.0,7488.25
2026-06-29 13:27:00,7488.25,7492.25,7487.25,7491.75
2026-06-29 13:30:00,7491.75,7496.75,7490.75,7493.75
2026-06-29 13:33:00,7493.5,7494.75,7490.0,7493.25
2026-06-29 13:36:00,7493.25,7494.25,7490.0,7492.0
2026-06-29 13:39:00,7492.0,7494.75,7491.75,7493.0
2026-06-29 13:42:00,7493.25,7494.75,7493.0,7493.0
2026-06-29 13:45:00,7493.25,7495.75,7491.25,7495.25
2026-06-29 13:48:00,7495.25,7496.25,7494.0,7494.5
2026-06-29 13:51:00,7494.5,7498.25,7494.5,7497.75
2026-06-29 13:54:00,7497.75,7498.75,7495.5,7495.75
2026-06-29 13:57:00,7495.75,7496.5,7491.75,7494.0
2026-06-29 14:00:00,7494.0,7496.25,7492.25,7494.25
2026-06-29 14:03:00,7494.5,7498.0,7494.25,7497.25
2026-06-29 14:06:00,7497.25,7497.25,7495.0,7496.0
2026-06-29 14:09:00,7496.25,7497.25,7494.25,7494.75
2026-06-29 14:12:00,7495.0,7496.75,7494.25,7495.75
2026-06-29 14:15:00,7495.75,7496.25,7493.5,7494.75
2026-06-29 14:18:00,7494.75,7496.25,7491.75,7493.75
2026-06-29 14:21:00,7493.75,7495.75,7492.25,7495.0
2026-06-29 14:24:00,7495.0,7495.0,7492.25,7492.75
2026-06-29 14:27:00,7493.0,7493.75,7491.25,7492.0
2026-06-29 14:30:00,7492.25,7495.0,7491.5,7495.0
2026-06-29 14:33:00,7495.0,7499.5,7494.75,7497.75
2026-06-29 14:36:00,7498.0,7499.0,7495.25,7497.5
2026-06-29 14:39:00,7497.5,7498.5,7496.75,7497.5
2026-06-29 14:42:00,7497.5,7500.75,7497.25,7499.75
2026-06-29 14:45:00,7500.0,7502.0,7499.0,7499.25
2026-06-29 14:48:00,7499.5,7500.25,7497.75,7498.25
2026-06-29 14:51:00,7498.25,7499.75,7496.75,7499.25
2026-06-29 14:54:00,7499.5,7499.5,7497.25,7498.0
2026-06-29 14:57:00,7498.25,7498.25,7495.5,7497.0
2026-06-29 15:00:00,7496.75,7499.25,7494.75,7496.0
2026-06-29 15:03:00,7496.0,7497.5,7495.0,7496.25
2026-06-29 15:06:00,7496.25,7499.25,7496.0,7498.0
2026-06-29 15:09:00,7498.0,7499.0,7496.25,7496.75
2026-06-29 15:12:00,7496.5,7497.0,7494.75,7495.5
2026-06-29 15:15:00,7495.25,7495.75,7493.0,7495.0
2026-06-29 15:18:00,7495.0,7498.0,7494.75,7497.75
2026-06-29 15:21:00,7498.0,7500.5,7497.0,7500.25
2026-06-29 15:24:00,7500.5,7500.5,7498.0,7498.5
2026-06-29 15:27:00,7498.5,7499.75,7497.75,7498.0
2026-06-29 15:30:00,7498.0,7498.5,7495.25,7495.75
2026-06-29 15:33:00,7495.75,7496.5,7493.5,7495.25
2026-06-29 15:36:00,7495.5,7496.25,7494.75,7495.0
2026-06-29 15:39:00,7495.0,7498.75,7494.75,7496.5
2026-06-29 15:42:00,7496.25,7496.75,7493.5,7495.5
2026-06-29 15:45:00,7495.25,7496.75,7495.0,7495.25
2026-06-29 15:48:00,7495.5,7499.5,7494.0,7494.0
2026-06-29 15:51:00,7494.0,7495.0,7491.5,7493.0
2026-06-29 15:54:00,7492.75,7495.25,7491.75,7492.75
2026-06-29 15:57:00,7492.5,7505.0,7492.25,7497.0
2026-06-29 16:00:00,7497.0,7499.0,7491.75,7495.5
2026-06-29 16:03:00,7495.5,7497.25,7494.0,7496.0
2026-06-29 16:06:00,7495.75,7496.75,7494.75,7495.5
2026-06-29 16:09:00,7495.75,7497.0,7494.75,7496.25
2026-06-29 16:12:00,7496.25,7498.5,7496.25,7497.5
2026-06-29 16:15:00,7497.5,7498.25,7496.75,7497.75
2026-06-29 16:18:00,7497.5,7498.25,7496.5,7497.75
2026-06-29 16:21:00,7498.0,7498.25,7497.25,7498.0
2026-06-29 16:24:00,7498.25,7500.0,7498.0,7499.25
2026-06-29 16:27:00,7499.25,7499.25,7497.0,7497.25
2026-06-29 16:30:00,7497.25,7497.5,7495.5,7496.0
2026-06-29 16:33:00,7496.0,7496.5,7495.0,7495.0
2026-06-29 16:36:00,7495.25,7495.25,7492.5,7493.25
2026-06-29 16:39:00,7493.0,7493.5,7492.5,7492.75
2026-06-29 16:42:00,7493.0,7494.0,7493.0,7493.75
2026-06-29 16:45:00,7493.75,7493.75,7492.5,7492.5
2026-06-29 16:48:00,7492.5,7494.5,7491.25,7494.0
2026-06-29 16:51:00,7494.25,7494.5,7493.0,7493.25
2026-06-29 16:54:00,7493.25,7495.5,7493.25,7494.25
2026-06-29 16:57:00,7494.5,7495.75,7493.0,7493.5
2026-06-29 17:00:00,7500.25,7500.25,7500.25,7500.25
2026-06-29 18:00:00,7495.5,7496.0,7490.5,7492.25
2026-06-29 18:03:00,7492.5,7496.75,7492.5,7495.5
2026-06-29 18:06:00,7495.5,7495.5,7491.5,7493.25
2026-06-29 18:09:00,7493.5,7497.5,7493.5,7495.75
2026-06-29 18:12:00,7495.5,7495.5,7493.5,7494.0
2026-06-29 18:15:00,7494.25,7495.0,7494.0,7494.5
2026-06-29 18:18:00,7494.25,7496.75,7493.0,7496.25
2026-06-29 18:21:00,7496.0,7496.75,7495.5,7496.0
2026-06-29 18:24:00,7495.75,7495.75,7493.5,7494.75
2026-06-29 18:27:00,7494.75,7494.75,7493.5,7494.25
2026-06-29 18:30:00,7494.25,7494.25,7492.0,7492.5
2026-06-29 18:33:00,7492.25,7492.75,7491.5,7492.75
2026-06-29 18:36:00,7492.5,7493.25,7492.0,7493.0
2026-06-29 18:39:00,7493.0,7495.0,7492.25,7494.25
2026-06-29 18:42:00,7494.25,7497.0,7494.25,7495.75
2026-06-29 18:45:00,7495.75,7496.0,7495.25,7495.5
2026-06-29 18:48:00,7495.0,7495.25,7494.25,7494.5
2026-06-29 18:51:00,7494.25,7494.5,7493.5,7493.5
2026-06-29 18:54:00,7493.75,7495.0,7493.25,7493.75
2026-06-29 18:57:00,7493.75,7494.75,7493.75,7494.5
2026-06-29 19:00:00,7494.5,7495.25,7493.75,7495.25
2026-06-29 19:03:00,7495.0,7495.75,7494.5,7495.25
2026-06-29 19:06:00,7495.25,7497.25,7495.25,7497.25
2026-06-29 19:09:00,7497.25,7498.75,7496.75,7497.75
2026-06-29 19:12:00,7497.25,7497.25,7495.5,7496.25
2026-06-29 19:15:00,7496.5,7497.0,7495.5,7497.0
2026-06-29 19:18:00,7496.75,7497.25,7496.0,7496.5
2026-06-29 19:21:00,7496.75,7497.0,7495.25,7495.25
2026-06-29 19:24:00,7495.5,7496.0,7495.25,7495.75
2026-06-29 19:27:00,7495.75,7497.25,7495.75,7496.25
2026-06-29 19:30:00,7496.0,7497.0,7495.0,7496.75
2026-06-29 19:33:00,7496.5,7498.5,7496.5,7497.75
2026-06-29 19:36:00,7497.75,7498.0,7497.0,7497.25
2026-06-29 19:39:00,7497.5,7497.75,7496.5,7497.25
2026-06-29 19:42:00,7497.25,7497.25,7495.75,7496.25
2026-06-29 19:45:00,7496.0,7496.5,7494.5,7495.0
2026-06-29 19:48:00,7494.75,7495.0,7492.25,7492.75
2026-06-29 19:51:00,7493.0,7493.0,7491.75,7492.25
2026-06-29 19:54:00,7492.0,7494.75,7492.0,7494.0
2026-06-29 19:57:00,7494.5,7497.0,7494.5,7495.5
2026-06-29 20:00:00,7495.5,7495.5,7491.25,7492.0
2026-06-29 20:03:00,7491.75,7497.5,7491.5,7497.0
2026-06-29 20:06:00,7497.0,7500.5,7496.5,7497.0
2026-06-29 20:09:00,7497.5,7499.0,7495.0,7498.75
2026-06-29 20:12:00,7498.75,7501.0,7498.0,7499.5
2026-06-29 20:15:00,7499.25,7501.0,7497.5,7500.25
2026-06-29 20:18:00,7500.5,7500.5,7496.25,7496.25
2026-06-29 20:21:00,7496.25,7498.0,7494.5,7495.0
2026-06-29 20:24:00,7495.0,7496.5,7494.25,7495.25
2026-06-29 20:27:00,7495.25,7495.25,7489.25,7490.75
2026-06-29 20:30:00,7490.75,7491.5,7481.75,7485.75
2026-06-29 20:33:00,7485.75,7487.75,7484.75,7487.75
2026-06-29 20:36:00,7487.25,7487.75,7484.0,7486.0
2026-06-29 20:39:00,7486.0,7488.75,7485.75,7486.25
2026-06-29 20:42:00,7486.0,7486.5,7484.0,7484.75
2026-06-29 20:45:00,7484.75,7489.25,7483.75,7488.25
2026-06-29 20:48:00,7488.0,7491.0,7488.0,7488.75
2026-06-29 20:51:00,7488.75,7492.75,7488.75,7492.0
2026-06-29 20:54:00,7492.25,7493.0,7491.5,7491.5
2026-06-29 20:57:00,7491.25,7492.75,7491.0,7492.5
2026-06-29 21:00:00,7492.75,7494.0,7488.0,7488.25
2026-06-29 21:03:00,7488.0,7489.25,7487.0,7488.0
2026-06-29 21:06:00,7488.0,7488.75,7486.0,7488.0
2026-06-29 21:09:00,7488.0,7488.25,7484.75,7485.25
2026-06-29 21:12:00,7485.5,7487.25,7484.0,7486.25
2026-06-29 21:15:00,7486.25,7487.75,7484.75,7486.0
2026-06-29 21:18:00,7486.0,7489.5,7485.5,7488.75
2026-06-29 21:21:00,7488.5,7490.75,7487.5,7489.75
2026-06-29 21:24:00,7489.75,7492.75,7489.25,7492.5
2026-06-29 21:27:00,7492.75,7499.0,7492.5,7499.0
2026-06-29 21:30:00,7499.0,7501.5,7497.0,7501.25
2026-06-29 21:33:00,7500.75,7501.0,7496.0,7496.25
2026-06-29 21:36:00,7496.25,7497.0,7492.0,7494.25
2026-06-29 21:39:00,7494.5,7497.5,7494.0,7497.5
2026-06-29 21:42:00,7497.5,7498.5,7496.75,7497.5
2026-06-29 21:45:00,7497.25,7498.25,7493.5,7494.5
2026-06-29 21:48:00,7494.5,7497.25,7494.25,7495.75
2026-06-29 21:51:00,7495.5,7498.0,7495.5,7497.75
2026-06-29 21:54:00,7497.75,7498.75,7497.0,7498.25
2026-06-29 21:57:00,7498.25,7498.75,7497.25,7498.25
2026-06-29 22:00:00,7498.25,7498.5,7494.75,7495.25
2026-06-29 22:03:00,7495.0,7495.5,7493.5,7493.5
2026-06-29 22:06:00,7493.25,7495.5,7493.0,7494.0
2026-06-29 22:09:00,7494.25,7495.0,7491.5,7492.5
2026-06-29 22:12:00,7492.5,7493.75,7491.5,7492.0
2026-06-29 22:15:00,7492.25,7493.0,7488.25,7489.75
2026-06-29 22:18:00,7489.5,7491.25,7489.25,7490.25
2026-06-29 22:21:00,7490.5,7494.75,7489.75,7494.5
2026-06-29 22:24:00,7494.25,7495.5,7493.5,7494.75
2026-06-29 22:27:00,7494.5,7495.5,7493.25,7494.0
2026-06-29 22:30:00,7494.0,7496.25,7493.5,7494.75
2026-06-29 22:33:00,7494.5,7494.75,7493.25,7493.75
2026-06-29 22:36:00,7494.0,7494.75,7493.25,7494.0
2026-06-29 22:39:00,7494.25,7494.75,7493.5,7493.75
2026-06-29 22:42:00,7493.75,7494.25,7492.0,7492.5
2026-06-29 22:45:00,7492.5,7493.5,7492.0,7492.75
2026-06-29 22:48:00,7493.0,7494.75,7493.0,7494.25
2026-06-29 22:51:00,7494.25,7494.75,7493.25,7494.0
2026-06-29 22:54:00,7494.0,7494.75,7493.0,7493.25
2026-06-29 22:57:00,7493.0,7493.5,7490.75,7491.5
2026-06-29 23:00:00,7491.25,7491.5,7490.25,7491.0
2026-06-29 23:03:00,7490.75,7493.0,7490.75,7493.0
2026-06-29 23:06:00,7493.0,7494.25,7493.0,7493.5
2026-06-29 23:09:00,7493.75,7494.75,7493.0,7493.75
2026-06-29 23:12:00,7493.75,7494.75,7493.25,7493.25
2026-06-29 23:15:00,7493.25,7496.0,7493.25,7496.0
2026-06-29 23:18:00,7495.75,7496.5,7495.5,7496.0
2026-06-29 23:21:00,7495.75,7496.25,7494.5,7495.5
2026-06-29 23:24:00,7495.25,7495.25,7493.75,7494.25
2026-06-29 23:27:00,7494.25,7497.25,7494.0,7496.5
2026-06-29 23:30:00,7496.5,7498.25,7495.5,7497.25
2026-06-29 23:33:00,7497.5,7499.25,7496.75,7498.25
2026-06-29 23:36:00,7497.75,7502.75,7497.75,7502.5
2026-06-29 23:39:00,7502.5,7503.75,7501.75,7503.75
2026-06-29 23:42:00,7503.75,7504.5,7502.75,7503.75
2026-06-29 23:45:00,7503.75,7504.25,7502.5,7503.75
2026-06-29 23:48:00,7504.0,7507.0,7503.25,7506.0
2026-06-29 23:51:00,7506.0,7506.75,7504.25,7504.5
2026-06-29 23:54:00,7504.25,7504.5,7501.5,7502.0
2026-06-29 23:57:00,7502.0,7502.75,7501.5,7501.5
2026-06-30 00:00:00,7501.5,7506.5,7501.25,7505.5
2026-06-30 00:03:00,7505.5,7507.0,7505.25,7506.5
2026-06-30 00:06:00,7506.75,7508.0,7505.75,7506.5
2026-06-30 00:09:00,7506.5,7506.75,7505.5,7506.0
2026-06-30 00:12:00,7506.0,7507.0,7505.75,7506.75
2026-06-30 00:15:00,7506.75,7507.0,7505.75,7506.5
2026-06-30 00:18:00,7506.5,7506.75,7506.0,7506.75
2026-06-30 00:21:00,7507.0,7508.0,7507.0,7508.0
2026-06-30 00:24:00,7508.0,7508.75,7506.75,7508.5
2026-06-30 00:27:00,7508.5,7509.0,7508.0,7508.75
2026-06-30 00:30:00,7509.0,7509.25,7507.75,7509.25
2026-06-30 00:33:00,7509.25,7512.0,7508.5,7512.0
2026-06-30 00:36:00,7511.75,7513.0,7511.0,7513.0
2026-06-30 00:39:00,7513.0,7513.0,7511.75,7512.0
2026-06-30 00:42:00,7512.0,7513.25,7511.75,7513.0
2026-06-30 00:45:00,7513.0,7513.5,7510.25,7510.25
2026-06-30 00:48:00,7510.25,7511.75,7510.0,7511.25
2026-06-30 00:51:00,7511.25,7512.5,7510.75,7511.75
2026-06-30 00:54:00,7511.75,7512.25,7510.5,7511.5
2026-06-30 00:57:00,7511.5,7511.75,7510.5,7510.75
2026-06-30 01:00:00,7510.75,7515.0,7510.75,7513.5
2026-06-30 01:03:00,7513.5,7514.0,7511.75,7512.0
2026-06-30 01:06:00,7512.0,7513.0,7511.75,7512.5
2026-06-30 01:09:00,7512.5,7512.75,7511.0,7512.5
2026-06-30 01:12:00,7512.5,7512.75,7511.25,7512.75
2026-06-30 01:15:00,7512.5,7513.0,7510.25,7510.5
2026-06-30 01:18:00,7510.75,7511.75,7510.5,7511.5
2026-06-30 01:21:00,7511.5,7513.25,7511.5,7512.75
2026-06-30 01:24:00,7512.75,7513.25,7509.5,7509.75
2026-06-30 01:27:00,7509.75,7510.0,7508.0,7508.5
2026-06-30 01:30:00,7508.75,7508.75,7506.0,7506.25
2026-06-30 01:33:00,7506.5,7506.5,7504.0,7504.5
2026-06-30 01:36:00,7504.25,7506.5,7503.75,7505.25
2026-06-30 01:39:00,7505.0,7509.0,7504.25,7508.25
2026-06-30 01:42:00,7508.25,7509.0,7506.0,7506.5
2026-06-30 01:45:00,7506.75,7508.0,7506.25,7507.5
2026-06-30 01:48:00,7507.5,7508.75,7507.25,7507.75
2026-06-30 01:51:00,7508.0,7510.5,7507.75,7510.25
2026-06-30 01:54:00,7510.0,7511.0,7509.0,7510.25
2026-06-30 01:57:00,7510.25,7510.75,7509.75,7510.25
2026-06-30 02:00:00,7510.25,7511.5,7509.0,7510.25
2026-06-30 02:03:00,7510.25,7510.5,7508.25,7509.0
2026-06-30 02:06:00,7509.0,7510.25,7508.0,7508.25
2026-06-30 02:09:00,7508.25,7509.0,7507.5,7507.75
2026-06-30 02:12:00,7507.5,7510.25,7507.25,7508.5
2026-06-30 02:15:00,7508.5,7508.5,7506.5,7507.5
2026-06-30 02:18:00,7507.5,7507.5,7505.0,7505.25
2026-06-30 02:21:00,7505.5,7506.75,7504.75,7506.0
2026-06-30 02:24:00,7506.25,7506.25,7502.75,7504.0
2026-06-30 02:27:00,7504.0,7508.75,7503.5,7508.0
2026-06-30 02:30:00,7508.0,7508.5,7504.0,7504.25
2026-06-30 02:33:00,7504.25,7504.5,7501.5,7502.75
2026-06-30 02:36:00,7503.0,7505.5,7502.75,7504.5
2026-06-30 02:39:00,7504.75,7505.5,7503.5,7505.25
2026-06-30 02:42:00,7505.25,7505.25,7502.75,7503.0
2026-06-30 02:45:00,7502.75,7505.5,7502.25,7504.5
2026-06-30 02:48:00,7504.75,7507.25,7504.75,7506.25
2026-06-30 02:51:00,7506.25,7507.25,7506.25,7506.25
2026-06-30 02:54:00,7506.5,7507.25,7505.75,7507.25
2026-06-30 02:57:00,7507.5,7508.75,7507.5,7508.75
2026-06-30 03:00:00,7508.75,7511.5,7507.25,7510.5
2026-06-30 03:03:00,7510.75,7511.5,7509.5,7510.75
2026-06-30 03:06:00,7510.75,7512.75,7510.25,7510.25
2026-06-30 03:09:00,7510.0,7510.0,7505.75,7506.25
2026-06-30 03:12:00,7506.25,7507.5,7505.25,7506.0
2026-06-30 03:15:00,7505.75,7507.75,7505.75,7507.0
2026-06-30 03:18:00,7507.25,7507.25,7504.5,7506.0
2026-06-30 03:21:00,7506.25,7507.0,7505.0,7506.75
2026-06-30 03:24:00,7506.5,7509.5,7506.5,7508.0
2026-06-30 03:27:00,7508.0,7509.0,7507.25,7507.75
2026-06-30 03:30:00,7507.75,7509.5,7507.0,7508.25
2026-06-30 03:33:00,7508.25,7509.0,7507.0,7508.5
2026-06-30 03:36:00,7508.5,7510.0,7508.5,7508.75
2026-06-30 03:39:00,7508.75,7509.25,7507.25,7508.25
2026-06-30 03:42:00,7508.0,7508.25,7506.75,7507.0
2026-06-30 03:45:00,7507.25,7507.25,7504.0,7505.75
2026-06-30 03:48:00,7505.75,7506.5,7501.0,7501.25
2026-06-30 03:51:00,7501.25,7504.25,7501.0,7503.75
2026-06-30 03:54:00,7503.75,7504.25,7502.0,7503.0
2026-06-30 03:57:00,7503.25,7504.25,7501.5,7502.0
2026-06-30 04:00:00,7501.75,7508.75,7501.25,7507.75
2026-06-30 04:03:00,7508.0,7508.5,7504.25,7506.5
2026-06-30 04:06:00,7506.5,7508.25,7505.0,7506.5
2026-06-30 04:09:00,7506.5,7508.0,7504.5,7507.5
2026-06-30 04:12:00,7507.75,7508.0,7502.75,7502.75
2026-06-30 04:15:00,7502.75,7502.75,7499.5,7500.75
2026-06-30 04:18:00,7500.75,7504.75,7500.75,7504.5
2026-06-30 04:21:00,7504.5,7507.75,7504.5,7507.5
2026-06-30 04:24:00,7507.75,7508.5,7507.25,7507.75
2026-06-30 04:27:00,7507.75,7509.0,7506.5,7508.75
2026-06-30 04:30:00,7508.5,7510.25,7504.0,7504.0
2026-06-30 04:33:00,7504.0,7504.0,7501.0,7501.25
2026-06-30 04:36:00,7501.5,7502.0,7500.0,7500.5
2026-06-30 04:39:00,7500.75,7501.0,7495.0,7498.25
2026-06-30 04:42:00,7498.25,7499.25,7497.5,7498.5
2026-06-30 04:45:00,7498.75,7499.0,7496.75,7497.5
2026-06-30 04:48:00,7497.5,7497.5,7494.75,7495.75
2026-06-30 04:51:00,7495.5,7498.75,7494.0,7498.25
2026-06-30 04:54:00,7498.25,7501.75,7498.25,7501.5
2026-06-30 04:57:00,7501.5,7503.0,7500.25,7501.75
2026-06-30 05:00:00,7502.0,7503.75,7500.5,7502.25
2026-06-30 05:03:00,7502.0,7504.5,7502.0,7503.0
2026-06-30 05:06:00,7503.0,7503.5,7502.0,7502.0
2026-06-30 05:09:00,7502.25,7504.25,7501.0,7503.75
2026-06-30 05:12:00,7503.75,7504.5,7503.0,7503.75
2026-06-30 05:15:00,7503.75,7505.75,7503.5,7505.5
2026-06-30 05:18:00,7505.5,7505.75,7504.0,7504.0
2026-06-30 05:21:00,7504.0,7505.0,7503.25,7503.25
2026-06-30 05:24:00,7503.25,7504.75,7503.0,7504.5
2026-06-30 05:27:00,7504.5,7504.75,7502.5,7502.75
2026-06-30 05:30:00,7502.75,7503.25,7498.75,7500.5
2026-06-30 05:33:00,7500.5,7501.25,7498.75,7501.25
2026-06-30 05:36:00,7501.0,7503.75,7500.0,7503.0
2026-06-30 05:39:00,7503.25,7505.5,7503.0,7505.25
2026-06-30 05:42:00,7505.25,7505.5,7504.25,7504.75
2026-06-30 05:45:00,7504.5,7507.0,7504.5,7506.0
2026-06-30 05:48:00,7506.25,7508.25,7505.75,7507.0
2026-06-30 05:51:00,7507.0,7508.25,7507.0,7507.75
2026-06-30 05:54:00,7507.75,7508.25,7506.75,7507.25
2026-06-30 05:57:00,7507.25,7507.5,7505.75,7506.0
2026-06-30 06:00:00,7506.25,7506.75,7505.0,7505.75
2026-06-30 06:03:00,7505.5,7507.0,7504.0,7506.75
2026-06-30 06:06:00,7507.0,7508.75,7506.75,7507.75
2026-06-30 06:09:00,7507.75,7507.75,7505.0,7505.5
2026-06-30 06:12:00,7505.75,7507.25,7505.25,7507.25
2026-06-30 06:15:00,7506.75,7508.5,7506.75,7507.5
2026-06-30 06:18:00,7507.25,7508.75,7507.0,7507.25
2026-06-30 06:21:00,7507.5,7508.25,7506.0,7506.75
2026-06-30 06:24:00,7506.75,7508.0,7506.25,7508.0
2026-06-30 06:27:00,7507.75,7508.5,7507.0,7508.25
2026-06-30 06:30:00,7508.25,7509.25,7506.75,7508.0
2026-06-30 06:33:00,7508.0,7508.0,7505.25,7505.5
2026-06-30 06:36:00,7505.5,7506.0,7504.25,7506.0
2026-06-30 06:39:00,7506.0,7506.75,7505.5,7506.5
2026-06-30 06:42:00,7506.5,7508.0,7506.5,7507.0
2026-06-30 06:45:00,7507.0,7509.5,7505.5,7508.75
2026-06-30 06:48:00,7508.75,7510.75,7508.75,7509.0
2026-06-30 06:51:00,7509.0,7511.25,7508.75,7511.0
2026-06-30 06:54:00,7511.0,7512.5,7510.0,7512.25
2026-06-30 06:57:00,7512.5,7515.0,7512.0,7513.25
2026-06-30 07:00:00,7513.0,7513.75,7511.25,7512.5
2026-06-30 07:03:00,7512.25,7515.5,7512.0,7515.25
2026-06-30 07:06:00,7515.25,7517.0,7515.0,7515.25
2026-06-30 07:09:00,7515.25,7517.0,7514.75,7515.0
2026-06-30 07:12:00,7515.0,7516.5,7514.75,7516.5
2026-06-30 07:15:00,7516.75,7517.5,7515.75,7516.25
2026-06-30 07:18:00,7516.5,7516.5,7514.5,7514.5
2026-06-30 07:21:00,7514.25,7515.0,7513.0,7513.25
2026-06-30 07:24:00,7513.25,7513.25,7509.0,7509.5
2026-06-30 07:27:00,7509.5,7512.25,7509.5,7511.5
2026-06-30 07:30:00,7511.75,7512.75,7511.0,7511.5
2026-06-30 07:33:00,7511.5,7512.25,7509.75,7511.5
2026-06-30 07:36:00,7511.75,7512.0,7510.0,7510.25
2026-06-30 07:39:00,7510.5,7514.25,7510.0,7514.0
2026-06-30 07:42:00,7513.75,7515.25,7513.0,7514.25
2026-06-30 07:45:00,7514.25,7517.5,7514.0,7515.75
2026-06-30 07:48:00,7515.75,7517.0,7515.25,7515.75
2026-06-30 07:51:00,7515.5,7517.5,7514.0,7514.75
2026-06-30 07:54:00,7514.5,7514.5,7512.5,7512.75
2026-06-30 07:57:00,7513.0,7513.0,7510.0,7510.5
2026-06-30 08:00:00,7510.75,7511.0,7505.5,7505.75
2026-06-30 08:03:00,7505.75,7505.75,7503.0,7504.75
2026-06-30 08:06:00,7505.0,7506.25,7504.0,7505.25
2026-06-30 08:09:00,7505.25,7507.75,7503.75,7506.5
2026-06-30 08:12:00,7506.5,7506.75,7501.5,7502.75
2026-06-30 08:15:00,7502.5,7503.25,7500.25,7501.5
2026-06-30 08:18:00,7501.5,7503.25,7500.25,7501.25
2026-06-30 08:21:00,7501.0,7501.5,7498.5,7498.5
2026-06-30 08:24:00,7498.25,7499.25,7496.25,7496.25
2026-06-30 08:27:00,7496.5,7499.75,7495.75,7496.0
2026-06-30 08:30:00,7496.0,7497.5,7491.5,7492.75
2026-06-30 08:33:00,7492.5,7495.25,7492.5,7494.75
2026-06-30 08:36:00,7494.75,7496.75,7494.0,7495.0
2026-06-30 08:39:00,7495.0,7499.0,7494.75,7498.0
2026-06-30 08:42:00,7498.25,7500.75,7498.0,7499.5
2026-06-30 08:45:00,7499.5,7501.0,7498.0,7500.0
2026-06-30 08:48:00,7499.75,7501.25,7498.25,7500.0
2026-06-30 08:51:00,7500.0,7502.0,7499.75,7501.75
2026-06-30 08:54:00,7501.5,7501.5,7497.0,7497.0
2026-06-30 08:57:00,7497.0,7499.25,7496.25,7497.0
2026-06-30 09:00:00,7497.0,7498.75,7495.75,7496.25
2026-06-30 09:03:00,7496.25,7496.75,7494.25,7495.75
2026-06-30 09:06:00,7495.75,7498.25,7494.5,7494.75
2026-06-30 09:09:00,7494.5,7499.5,7494.5,7498.75
2026-06-30 09:12:00,7498.75,7499.0,7495.75,7496.5
2026-06-30 09:15:00,7496.5,7497.75,7495.25,7496.25
2026-06-30 09:18:00,7496.25,7498.0,7495.5,7497.25
2026-06-30 09:21:00,7497.25,7497.5,7494.0,7495.0
2026-06-30 09:24:00,7494.75,7496.75,7492.25,7494.75
2026-06-30 09:27:00,7494.75,7500.5,7493.5,7500.0
2026-06-30 09:30:00,7500.0,7506.75,7495.75,7501.0
2026-06-30 09:33:00,7501.0,7508.0,7496.25,7507.5
2026-06-30 09:36:00,7507.5,7507.75,7501.0,7504.25
2026-06-30 09:39:00,7504.25,7508.0,7499.25,7508.0
2026-06-30 09:42:00,7507.75,7510.5,7503.25,7506.0
2026-06-30 09:45:00,7506.0,7510.25,7503.5,7505.0
2026-06-30 09:48:00,7505.0,7509.25,7504.25,7508.25
2026-06-30 09:51:00,7508.5,7522.0,7508.25,7519.0
2026-06-30 09:54:00,7519.25,7524.5,7517.75,7522.75
2026-06-30 09:57:00,7522.75,7528.0,7520.75,7526.75
2026-06-30 10:00:00,7526.75,7527.5,7515.5,7527.5
2026-06-30 10:03:00,7527.5,7532.75,7527.25,7528.25
2026-06-30 10:06:00,7528.25,7528.75,7522.5,7524.5
2026-06-30 10:09:00,7524.5,7526.25,7519.0,7524.5
2026-06-30 10:12:00,7524.5,7525.25,7519.5,7523.75
2026-06-30 10:15:00,7523.5,7525.75,7520.5,7524.0
2026-06-30 10:18:00,7523.75,7526.25,7521.5,7524.25
2026-06-30 10:21:00,7524.5,7532.25,7523.5,7532.0
2026-06-30 10:24:00,7531.75,7531.75,7527.5,7530.75
2026-06-30 10:27:00,7530.75,7533.5,7530.5,7532.5
2026-06-30 10:30:00,7532.5,7540.0,7532.0,7537.5
2026-06-30 10:33:00,7537.5,7541.75,7537.0,7538.5
2026-06-30 10:36:00,7538.5,7539.5,7532.75,7532.75
2026-06-30 10:39:00,7532.75,7537.25,7531.0,7531.5
2026-06-30 10:42:00,7531.5,7535.75,7529.0,7535.75
2026-06-30 10:45:00,7535.5,7535.75,7527.25,7527.25
2026-06-30 10:48:00,7527.25,7530.0,7523.75,7527.25
2026-06-30 10:51:00,7527.5,7529.75,7523.75,7524.5
2026-06-30 10:54:00,7524.5,7525.25,7519.0,7521.0
2026-06-30 10:57:00,7521.0,7522.5,7516.75,7520.5
2026-06-30 11:00:00,7520.5,7530.75,7520.0,7530.5
2026-06-30 11:03:00,7530.25,7530.5,7527.25,7528.75
2026-06-30 11:06:00,7528.75,7532.75,7525.5,7531.75
2026-06-30 11:09:00,7531.5,7533.5,7529.75,7531.0
2026-06-30 11:12:00,7531.0,7536.75,7530.75,7535.75
2026-06-30 11:15:00,7535.5,7536.25,7531.75,7532.0
2026-06-30 11:18:00,7531.75,7537.75,7531.0,7537.5
2026-06-30 11:21:00,7537.5,7540.0,7535.25,7538.75
2026-06-30 11:24:00,7538.75,7541.0,7537.5,7541.0
2026-06-30 11:27:00,7540.75,7541.5,7538.75,7540.5
2026-06-30 11:30:00,7540.5,7541.0,7538.25,7540.75
2026-06-30 11:33:00,7540.5,7542.75,7538.75,7539.5
2026-06-30 11:36:00,7539.75,7539.75,7536.25,7536.75
2026-06-30 11:39:00,7537.0,7540.25,7535.5,7539.5
2026-06-30 11:42:00,7539.5,7539.5,7536.75,7537.75
2026-06-30 11:45:00,7537.75,7544.5,7537.75,7542.75
2026-06-30 11:48:00,7543.0,7543.5,7540.75,7542.0
2026-06-30 11:51:00,7542.0,7544.25,7540.0,7544.0
2026-06-30 11:54:00,7544.0,7547.5,7543.25,7547.5
2026-06-30 11:57:00,7547.5,7547.75,7544.75,7545.75
2026-06-30 12:00:00,7545.5,7549.5,7545.25,7549.0
2026-06-30 12:03:00,7549.0,7549.75,7547.0,7549.25
2026-06-30 12:06:00,7549.5,7552.25,7548.75,7549.0
2026-06-30 12:09:00,7549.0,7550.0,7547.75,7549.5
2026-06-30 12:12:00,7549.5,7551.0,7548.0,7550.5
2026-06-30 12:15:00,7550.5,7555.25,7549.5,7552.5
2026-06-30 12:18:00,7552.5,7552.5,7550.75,7551.25
2026-06-30 12:21:00,7551.25,7553.0,7550.0,7551.5
2026-06-30 12:24:00,7551.25,7552.5,7550.25,7551.75
2026-06-30 12:27:00,7551.75,7552.0,7550.0,7550.5
2026-06-30 12:30:00,7550.75,7551.75,7549.0,7549.25
2026-06-30 12:33:00,7549.5,7550.75,7548.75,7549.0
2026-06-30 12:36:00,7549.25,7551.0,7549.0,7550.5
2026-06-30 12:39:00,7550.75,7552.75,7550.25,7552.25
2026-06-30 12:42:00,7552.25,7553.75,7552.25,7553.0
2026-06-30 12:45:00,7553.25,7554.0,7552.25,7553.0
2026-06-30 12:48:00,7553.25,7556.75,7552.5,7556.25
2026-06-30 12:51:00,7556.5,7557.75,7555.0,7557.25
2026-06-30 12:54:00,7557.5,7558.25,7555.75,7556.5
2026-06-30 12:57:00,7556.75,7556.75,7554.25,7555.75
2026-06-30 13:00:00,7555.75,7557.25,7555.5,7556.5
2026-06-30 13:03:00,7556.75,7559.25,7556.0,7557.5
2026-06-30 13:06:00,7557.5,7558.5,7556.75,7557.75
2026-06-30 13:09:00,7558.0,7558.0,7555.5,7556.25
2026-06-30 13:12:00,7556.5,7556.5,7553.25,7553.75
2026-06-30 13:15:00,7553.5,7555.0,7552.5,7553.5
2026-06-30 13:18:00,7553.5,7555.75,7552.75,7555.75
2026-06-30 13:21:00,7555.75,7556.25,7553.25,7554.25
2026-06-30 13:24:00,7554.25,7554.75,7552.5,7553.0
2026-06-30 13:27:00,7553.0,7553.0,7550.75,7552.25
2026-06-30 13:30:00,7552.5,7552.75,7550.25,7551.0
2026-06-30 13:33:00,7551.0,7554.0,7551.0,7552.75
2026-06-30 13:36:00,7553.0,7553.0,7549.0,7550.25
2026-06-30 13:39:00,7550.25,7551.0,7548.5,7551.0
2026-06-30 13:42:00,7551.0,7553.5,7550.75,7553.5
2026-06-30 13:45:00,7553.5,7554.0,7550.5,7550.75
2026-06-30 13:48:00,7550.75,7551.75,7550.25,7550.75
2026-06-30 13:51:00,7550.75,7553.5,7550.5,7552.5
2026-06-30 13:54:00,7552.5,7552.5,7551.25,7552.0
2026-06-30 13:57:00,7552.0,7553.0,7551.5,7552.0
2026-06-30 14:00:00,7552.25,7555.0,7551.0,7554.75
2026-06-30 14:03:00,7555.0,7556.0,7552.5,7553.0
2026-06-30 14:06:00,7553.0,7555.25,7550.5,7555.0
2026-06-30 14:09:00,7555.0,7555.5,7553.75,7554.75
2026-06-30 14:12:00,7554.5,7555.75,7553.25,7555.0
2026-06-30 14:15:00,7555.25,7556.0,7554.25,7555.0
2026-06-30 14:18:00,7555.0,7558.0,7554.25,7557.0
2026-06-30 14:21:00,7556.75,7558.25,7556.5,7557.25
2026-06-30 14:24:00,7557.5,7557.5,7555.0,7555.5
2026-06-30 14:27:00,7555.5,7556.0,7554.5,7555.25
2026-06-30 14:30:00,7555.5,7556.0,7553.5,7553.75
2026-06-30 14:33:00,7553.75,7555.5,7553.25,7555.25
2026-06-30 14:36:00,7555.25,7556.0,7554.0,7554.75
2026-06-30 14:39:00,7555.0,7557.0,7554.5,7557.0
2026-06-30 14:42:00,7557.0,7558.25,7555.75,7557.25
2026-06-30 14:45:00,7557.0,7557.5,7555.75,7557.25
2026-06-30 14:48:00,7557.25,7561.75,7557.25,7561.5
2026-06-30 14:51:00,7561.75,7561.75,7559.5,7560.75
2026-06-30 14:54:00,7560.5,7560.75,7557.25,7560.0
2026-06-30 14:57:00,7560.25,7560.75,7558.25,7558.75
2026-06-30 15:00:00,7558.75,7561.25,7558.25,7560.75
2026-06-30 15:03:00,7560.75,7560.75,7559.25,7559.25
2026-06-30 15:06:00,7559.25,7563.0,7558.5,7562.5
2026-06-30 15:09:00,7562.5,7564.5,7560.5,7563.0
2026-06-30 15:12:00,7563.0,7565.0,7563.0,7564.5
2026-06-30 15:15:00,7564.5,7567.0,7563.5,7566.25
2026-06-30 15:18:00,7566.25,7567.75,7563.25,7564.5
2026-06-30 15:21:00,7564.25,7565.25,7562.0,7564.75
2026-06-30 15:24:00,7564.5,7564.75,7562.0,7563.0
2026-06-30 15:27:00,7563.0,7563.5,7560.25,7561.5
2026-06-30 15:30:00,7561.5,7562.0,7559.25,7560.75
2026-06-30 15:33:00,7560.5,7561.25,7557.25,7557.25
2026-06-30 15:36:00,7557.0,7557.25,7554.5,7555.25
2026-06-30 15:39:00,7555.5,7557.75,7554.25,7556.0
2026-06-30 15:42:00,7555.75,7558.25,7554.75,7558.0
2026-06-30 15:45:00,7558.0,7560.25,7554.75,7555.5
2026-06-30 15:48:00,7555.5,7557.0,7553.25,7553.5
2026-06-30 15:51:00,7553.5,7559.75,7553.25,7559.5
2026-06-30 15:54:00,7559.25,7564.0,7558.5,7561.5
2026-06-30 15:57:00,7561.5,7564.0,7544.5,7544.75
2026-06-30 16:00:00,7545.0,7552.5,7540.75,7550.0
2026-06-30 16:03:00,7550.0,7553.25,7549.0,7549.5
2026-06-30 16:06:00,7549.25,7551.75,7548.0,7549.75
2026-06-30 16:09:00,7549.75,7550.5,7542.0,7543.0
2026-06-30 16:12:00,7543.25,7546.5,7543.0,7545.25
2026-06-30 16:15:00,7545.25,7546.5,7542.5,7544.25
2026-06-30 16:18:00,7544.25,7547.0,7543.0,7543.25
2026-06-30 16:21:00,7543.25,7543.5,7541.0,7542.5
2026-06-30 16:24:00,7542.5,7543.0,7542.25,7543.0
2026-06-30 16:27:00,7543.0,7543.5,7542.0,7542.5
2026-06-30 16:30:00,7542.75,7543.75,7541.5,7542.25
2026-06-30 16:33:00,7542.25,7543.0,7541.5,7541.5
2026-06-30 16:36:00,7541.5,7542.5,7541.0,7542.0
2026-06-30 16:39:00,7542.0,7542.0,7540.75,7541.0
2026-06-30 16:42:00,7540.75,7541.25,7540.5,7540.75
2026-06-30 16:45:00,7540.5,7541.0,7539.5,7539.5
2026-06-30 16:48:00,7539.5,7540.25,7538.5,7539.0
2026-06-30 16:51:00,7538.75,7541.0,7538.5,7541.0
2026-06-30 16:54:00,7541.0,7541.0,7540.0,7541.0
2026-06-30 16:57:00,7541.25,7543.0,7541.0,7542.0
2026-06-30 17:00:00,7548.25,7548.25,7548.25,7548.25
2026-06-30 18:00:00,7543.25,7546.75,7540.5,7545.5
2026-06-30 18:03:00,7545.25,7547.0,7544.0,7546.5
2026-06-30 18:06:00,7546.25,7547.25,7545.75,7546.75
2026-06-30 18:09:00,7547.0,7547.0,7543.25,7545.25
2026-06-30 18:12:00,7545.5,7546.5,7545.25,7546.5
2026-06-30 18:15:00,7546.5,7549.5,7546.25,7549.5
2026-06-30 18:18:00,7549.25,7550.75,7548.5,7550.0
2026-06-30 18:21:00,7550.0,7550.25,7549.0,7549.75
2026-06-30 18:24:00,7549.75,7550.25,7549.0,7549.25
2026-06-30 18:27:00,7549.25,7550.75,7549.25,7550.25
2026-06-30 18:30:00,7550.0,7550.0,7548.0,7548.5
2026-06-30 18:33:00,7548.75,7549.0,7546.5,7547.0
2026-06-30 18:36:00,7547.25,7547.5,7546.75,7547.25
2026-06-30 18:39:00,7547.5,7548.0,7547.0,7547.5
2026-06-30 18:42:00,7547.5,7548.0,7547.25,7547.5
2026-06-30 18:45:00,7547.25,7547.5,7545.25,7545.25
2026-06-30 18:48:00,7545.5,7545.75,7543.25,7543.5
2026-06-30 18:51:00,7543.75,7543.75,7541.75,7542.5
2026-06-30 18:54:00,7542.25,7543.75,7542.25,7543.75
2026-06-30 18:57:00,7543.75,7544.25,7542.25,7543.25
2026-06-30 19:00:00,7543.5,7544.5,7542.75,7544.0
2026-06-30 19:03:00,7544.0,7544.0,7542.25,7542.75
2026-06-30 19:06:00,7542.5,7545.75,7542.0,7544.75
2026-06-30 19:09:00,7544.75,7545.75,7544.0,7544.0
2026-06-30 19:12:00,7544.25,7544.5,7543.25,7543.75
2026-06-30 19:15:00,7543.5,7544.25,7542.5,7543.75
2026-06-30 19:18:00,7543.75,7545.0,7543.5,7544.5
2026-06-30 19:21:00,7544.5,7545.25,7544.5,7545.25
2026-06-30 19:24:00,7545.25,7545.5,7544.75,7545.25
2026-06-30 19:27:00,7545.5,7546.5,7543.5,7544.25
2026-06-30 19:30:00,7544.0,7545.5,7543.75,7545.0
2026-06-30 19:33:00,7545.0,7546.75,7544.75,7546.0
2026-06-30 19:36:00,7545.75,7546.5,7544.25,7545.0
2026-06-30 19:39:00,7545.0,7546.25,7544.75,7545.0
2026-06-30 19:42:00,7545.25,7546.25,7544.75,7544.75
2026-06-30 19:45:00,7545.0,7547.0,7544.25,7545.5
2026-06-30 19:48:00,7545.25,7545.5,7542.75,7545.5
2026-06-30 19:51:00,7545.25,7545.75,7542.5,7543.5
2026-06-30 19:54:00,7543.25,7543.75,7542.75,7543.5
2026-06-30 19:57:00,7543.5,7545.5,7542.0,7544.75
2026-06-30 20:00:00,7545.0,7547.5,7544.25,7544.25
2026-06-30 20:03:00,7544.0,7546.75,7543.75,7545.0
2026-06-30 20:06:00,7545.25,7546.75,7543.25,7545.0
2026-06-30 20:09:00,7545.0,7546.0,7543.75,7544.25
2026-06-30 20:12:00,7544.0,7545.5,7543.5,7544.25
2026-06-30 20:15:00,7544.5,7546.0,7543.0,7544.75
2026-06-30 20:18:00,7544.25,7545.25,7543.75,7544.75
2026-06-30 20:21:00,7545.0,7545.5,7541.75,7542.75
2026-06-30 20:24:00,7542.75,7544.5,7542.5,7542.75
2026-06-30 20:27:00,7542.75,7546.0,7542.75,7545.25
2026-06-30 20:30:00,7545.5,7548.25,7545.25,7548.0
2026-06-30 20:33:00,7548.0,7548.25,7545.75,7546.0
2026-06-30 20:36:00,7546.0,7548.0,7546.0,7547.5
2026-06-30 20:39:00,7547.75,7548.75,7547.25,7547.25
2026-06-30 20:42:00,7547.5,7547.75,7547.0,7547.5
2026-06-30 20:45:00,7547.5,7548.25,7547.0,7548.0
2026-06-30 20:48:00,7547.75,7549.25,7547.25,7548.75
2026-06-30 20:51:00,7548.5,7549.25,7547.5,7547.5
2026-06-30 20:54:00,7547.5,7547.5,7545.5,7546.75
2026-06-30 20:57:00,7546.75,7547.75,7544.75,7545.0
2026-06-30 21:00:00,7545.0,7545.75,7542.75,7543.25
2026-06-30 21:03:00,7543.5,7543.75,7539.75,7540.75
2026-06-30 21:06:00,7540.5,7541.5,7539.0,7539.25
2026-06-30 21:09:00,7539.25,7539.75,7537.0,7537.75
2026-06-30 21:12:00,7537.75,7539.75,7534.75,7539.5
2026-06-30 21:15:00,7539.5,7540.75,7534.5,7535.0
2026-06-30 21:18:00,7535.25,7538.0,7535.0,7537.5
2026-06-30 21:21:00,7537.5,7538.75,7536.75,7538.25
2026-06-30 21:24:00,7538.5,7539.0,7536.0,7537.0
2026-06-30 21:27:00,7537.0,7537.5,7535.75,7536.75
2026-06-30 21:30:00,7536.75,7538.75,7534.0,7535.75
2026-06-30 21:33:00,7536.0,7536.0,7534.25,7535.75
2026-06-30 21:36:00,7535.5,7537.5,7534.75,7536.75
2026-06-30 21:39:00,7536.5,7537.0,7534.5,7535.5
2026-06-30 21:42:00,7535.5,7535.75,7534.75,7535.25
2026-06-30 21:45:00,7535.25,7536.25,7534.75,7535.0
2026-06-30 21:48:00,7534.75,7534.75,7532.5,7532.75
2026-06-30 21:51:00,7532.5,7534.25,7531.75,7533.5
2026-06-30 21:54:00,7533.5,7535.5,7532.75,7535.0
2026-06-30 21:57:00,7535.0,7535.0,7532.5,7532.5
2026-06-30 22:00:00,7532.75,7533.25,7530.5,7531.5
2026-06-30 22:03:00,7531.25,7532.0,7528.75,7528.75
2026-06-30 22:06:00,7528.75,7528.75,7526.0,7526.75
2026-06-30 22:09:00,7526.75,7527.25,7525.25,7526.0
2026-06-30 22:12:00,7526.0,7527.25,7522.0,7524.0
2026-06-30 22:15:00,7523.75,7526.0,7517.5,7526.0
2026-06-30 22:18:00,7525.75,7526.5,7524.25,7526.0
2026-06-30 22:21:00,7526.0,7527.25,7525.75,7526.75
2026-06-30 22:24:00,7526.75,7528.0,7525.25,7527.75
2026-06-30 22:27:00,7527.5,7528.0,7526.0,7528.0
2026-06-30 22:30:00,7528.0,7529.25,7526.5,7527.25
2026-06-30 22:33:00,7527.25,7528.25,7526.0,7527.25
2026-06-30 22:36:00,7527.25,7528.25,7527.25,7528.0
2026-06-30 22:39:00,7528.25,7528.75,7527.5,7528.5
2026-06-30 22:42:00,7528.5,7531.0,7528.5,7530.25
2026-06-30 22:45:00,7530.5,7530.5,7528.75,7529.5
2026-06-30 22:48:00,7529.5,7530.25,7528.5,7528.75
2026-06-30 22:51:00,7529.0,7529.0,7527.0,7528.5
2026-06-30 22:54:00,7528.5,7529.75,7528.5,7528.5
2026-06-30 22:57:00,7528.5,7529.5,7528.25,7529.0
2026-06-30 23:00:00,7529.0,7530.5,7528.5,7530.0
2026-06-30 23:03:00,7530.0,7530.25,7529.0,7529.75
2026-06-30 23:06:00,7530.0,7531.5,7529.75,7531.0
2026-06-30 23:09:00,7531.0,7532.5,7530.5,7532.25
2026-06-30 23:12:00,7532.25,7533.25,7532.25,7532.75
2026-06-30 23:15:00,7532.5,7533.25,7530.0,7530.25
2026-06-30 23:18:00,7530.0,7531.0,7528.5,7530.5
2026-06-30 23:21:00,7530.5,7530.75,7528.25,7528.5
2026-06-30 23:24:00,7528.75,7528.75,7527.0,7527.5
2026-06-30 23:27:00,7527.25,7527.75,7526.75,7527.5
2026-06-30 23:30:00,7527.75,7528.5,7526.25,7527.25
2026-06-30 23:33:00,7527.25,7529.75,7527.25,7529.75
2026-06-30 23:36:00,7529.75,7531.75,7529.25,7531.0
2026-06-30 23:39:00,7530.75,7532.0,7530.0,7531.25
2026-06-30 23:42:00,7530.75,7530.75,7529.0,7529.5
2026-06-30 23:45:00,7529.25,7532.0,7529.25,7531.5
2026-06-30 23:48:00,7531.75,7533.75,7531.5,7533.5
2026-06-30 23:51:00,7533.5,7534.0,7533.0,7533.0
2026-06-30 23:54:00,7533.25,7533.25,7531.5,7533.0
2026-06-30 23:57:00,7532.75,7532.75,7532.25,7532.5
2026-07-01 00:00:00,7532.75,7532.75,7528.5,7528.5
2026-07-01 00:03:00,7528.5,7530.5,7528.5,7530.25
2026-07-01 00:06:00,7530.5,7531.0,7529.75,7530.75
2026-07-01 00:09:00,7530.5,7530.75,7529.25,7529.5
2026-07-01 00:12:00,7529.75,7529.75,7527.75,7528.0
2026-07-01 00:15:00,7528.0,7528.5,7527.25,7528.0
2026-07-01 00:18:00,7527.75,7528.5,7527.25,7528.25
2026-07-01 00:21:00,7528.25,7529.5,7527.75,7529.0
2026-07-01 00:24:00,7528.75,7529.5,7527.75,7529.5
2026-07-01 00:27:00,7529.75,7531.0,7529.75,7530.0
2026-07-01 00:30:00,7530.0,7530.5,7529.5,7530.5
2026-07-01 00:33:00,7530.25,7530.5,7529.0,7529.0
2026-07-01 00:36:00,7529.0,7529.0,7527.5,7528.75
2026-07-01 00:39:00,7528.75,7531.0,7527.75,7530.75
2026-07-01 00:42:00,7530.5,7531.75,7530.5,7531.0
2026-07-01 00:45:00,7530.75,7533.75,7530.75,7533.25
2026-07-01 00:48:00,7533.5,7534.0,7532.75,7534.0
2026-07-01 00:51:00,7534.0,7534.75,7533.25,7533.75
2026-07-01 00:54:00,7534.0,7534.75,7532.75,7533.25
2026-07-01 00:57:00,7533.0,7533.0,7529.5,7530.5
2026-07-01 01:00:00,7530.25,7531.5,7528.75,7528.75
2026-07-01 01:03:00,7529.0,7531.25,7529.0,7531.0
2026-07-01 01:06:00,7530.75,7532.75,7530.75,7532.5
2026-07-01 01:09:00,7532.25,7532.5,7530.0,7530.5
2026-07-01 01:12:00,7530.5,7531.0,7530.0,7530.25
2026-07-01 01:15:00,7530.25,7531.25,7530.0,7531.0
2026-07-01 01:18:00,7531.0,7531.0,7529.5,7529.5
2026-07-01 01:21:00,7529.5,7529.5,7527.5,7528.75
2026-07-01 01:24:00,7529.0,7530.0,7528.0,7528.25
2026-07-01 01:27:00,7528.0,7529.0,7527.75,7528.5
2026-07-01 01:30:00,7528.25,7529.5,7528.0,7529.25
2026-07-01 01:33:00,7529.0,7529.5,7527.5,7528.5
2026-07-01 01:36:00,7528.75,7528.75,7526.25,7527.75
2026-07-01 01:39:00,7527.5,7530.0,7527.5,7529.75
2026-07-01 01:42:00,7529.75,7530.25,7527.75,7528.5
2026-07-01 01:45:00,7528.25,7530.0,7527.25,7528.0
2026-07-01 01:48:00,7528.0,7528.5,7526.0,7527.0
2026-07-01 01:51:00,7527.25,7528.5,7527.0,7527.5
2026-07-01 01:54:00,7527.25,7528.5,7527.0,7528.25
2026-07-01 01:57:00,7528.0,7528.75,7527.25,7527.5
2026-07-01 02:00:00,7527.25,7530.0,7526.25,7526.75
2026-07-01 02:03:00,7526.75,7527.25,7524.75,7526.0
2026-07-01 02:06:00,7526.25,7526.5,7525.25,7526.25
2026-07-01 02:09:00,7526.25,7529.25,7526.0,7529.0
2026-07-01 02:12:00,7529.0,7529.25,7526.0,7526.75
2026-07-01 02:15:00,7526.5,7527.75,7525.75,7525.75
2026-07-01 02:18:00,7526.0,7526.75,7525.5,7526.5
2026-07-01 02:21:00,7526.5,7527.0,7525.75,7526.25
2026-07-01 02:24:00,7526.25,7526.25,7521.75,7524.25
2026-07-01 02:27:00,7524.25,7526.25,7523.75,7525.75
2026-07-01 02:30:00,7525.75,7527.25,7525.0,7525.25
2026-07-01 02:33:00,7525.25,7526.0,7524.5,7524.75
2026-07-01 02:36:00,7524.75,7526.0,7524.75,7525.75
2026-07-01 02:39:00,7525.75,7526.5,7524.75,7525.0
2026-07-01 02:42:00,7525.0,7527.0,7524.75,7526.75
2026-07-01 02:45:00,7526.75,7528.5,7526.0,7528.5
2026-07-01 02:48:00,7528.5,7529.0,7527.75,7528.0
2026-07-01 02:51:00,7527.75,7527.75,7526.0,7526.0
2026-07-01 02:54:00,7526.0,7526.25,7522.75,7523.75
2026-07-01 02:57:00,7523.5,7524.5,7523.5,7524.25
2026-07-01 03:00:00,7524.5,7525.25,7521.5,7521.75
2026-07-01 03:03:00,7521.75,7523.25,7520.25,7522.0
2026-07-01 03:06:00,7522.0,7522.25,7519.0,7520.0
2026-07-01 03:09:00,7519.75,7520.75,7516.25,7516.75
2026-07-01 03:12:00,7516.75,7518.5,7514.0,7515.5
2026-07-01 03:15:00,7515.5,7517.0,7512.25,7513.0
2026-07-01 03:18:00,7512.75,7515.25,7510.5,7511.75
2026-07-01 03:21:00,7511.75,7519.75,7511.75,7519.5
2026-07-01 03:24:00,7519.5,7519.75,7517.5,7519.0
2026-07-01 03:27:00,7519.0,7520.25,7518.25,7518.5
2026-07-01 03:30:00,7518.75,7519.5,7517.5,7519.25
2026-07-01 03:33:00,7519.0,7521.75,7519.0,7520.0
2026-07-01 03:36:00,7519.75,7520.5,7519.75,7520.25
2026-07-01 03:39:00,7520.0,7522.0,7520.0,7521.0
2026-07-01 03:42:00,7521.25,7521.25,7519.25,7519.5
2026-07-01 03:45:00,7519.5,7520.75,7518.0,7520.0
2026-07-01 03:48:00,7519.75,7522.5,7518.5,7521.0
2026-07-01 03:51:00,7520.75,7522.0,7519.5,7521.75
2026-07-01 03:54:00,7521.75,7523.5,7521.75,7522.0
2026-07-01 03:57:00,7522.25,7524.25,7522.0,7523.0
2026-07-01 04:00:00,7522.75,7523.5,7520.25,7520.75
2026-07-01 04:03:00,7520.75,7522.0,7519.25,7521.0
2026-07-01 04:06:00,7521.0,7524.75,7520.0,7524.5
2026-07-01 04:09:00,7524.5,7525.0,7522.5,7523.0
2026-07-01 04:12:00,7523.0,7525.25,7522.75,7524.25
2026-07-01 04:15:00,7524.0,7525.75,7523.5,7525.5
2026-07-01 04:18:00,7525.25,7526.5,7524.25,7525.25
2026-07-01 04:21:00,7525.5,7526.0,7522.75,7524.25
2026-07-01 04:24:00,7524.0,7525.75,7524.0,7524.5
2026-07-01 04:27:00,7524.75,7525.0,7522.75,7523.75
2026-07-01 04:30:00,7523.75,7524.5,7522.0,7523.25
2026-07-01 04:33:00,7523.25,7526.25,7522.25,7525.5
2026-07-01 04:36:00,7525.5,7526.25,7524.0,7525.0
2026-07-01 04:39:00,7525.0,7526.0,7524.75,7525.75
2026-07-01 04:42:00,7525.75,7528.25,7525.75,7527.75
2026-07-01 04:45:00,7527.5,7527.5,7525.0,7526.25
2026-07-01 04:48:00,7526.25,7526.25,7525.0,7525.75
2026-07-01 04:51:00,7525.75,7528.25,7525.75,7528.25
2026-07-01 04:54:00,7528.0,7529.25,7527.5,7528.25
2026-07-01 04:57:00,7528.0,7529.0,7527.25,7529.0
2026-07-01 05:00:00,7528.75,7528.75,7526.25,7526.75
2026-07-01 05:03:00,7526.5,7526.5,7524.0,7525.0
2026-07-01 05:06:00,7524.75,7526.5,7524.75,7525.25
2026-07-01 05:09:00,7525.0,7525.25,7522.0,7523.75
2026-07-01 05:12:00,7523.5,7526.75,7523.5,7525.75
2026-07-01 05:15:00,7525.5,7526.0,7525.0,7525.5
2026-07-01 05:18:00,7525.5,7526.75,7525.0,7525.75
2026-07-01 05:21:00,7525.75,7526.5,7525.0,7526.25
2026-07-01 05:24:00,7526.5,7526.75,7523.25,7524.5
2026-07-01 05:27:00,7524.75,7525.75,7524.5,7525.75
2026-07-01 05:30:00,7525.75,7527.0,7524.75,7526.5
2026-07-01 05:33:00,7526.25,7527.5,7526.25,7526.75
2026-07-01 05:36:00,7526.75,7527.5,7526.5,7527.0
2026-07-01 05:39:00,7527.0,7527.75,7526.75,7527.25
2026-07-01 05:42:00,7527.5,7527.75,7526.5,7527.0
2026-07-01 05:45:00,7527.25,7528.75,7527.25,7528.25
2026-07-01 05:48:00,7528.25,7529.25,7528.0,7528.25
2026-07-01 05:51:00,7528.25,7529.5,7527.75,7529.0
2026-07-01 05:54:00,7529.0,7530.25,7528.75,7530.0
2026-07-01 05:57:00,7530.0,7531.25,7530.0,7531.0
2026-07-01 06:00:00,7531.0,7532.0,7530.25,7531.0
2026-07-01 06:03:00,7531.0,7531.25,7529.75,7530.25
2026-07-01 06:06:00,7530.25,7530.25,7528.25,7529.0
2026-07-01 06:09:00,7529.25,7529.5,7526.25,7528.0
2026-07-01 06:12:00,7528.0,7528.75,7527.25,7528.25
2026-07-01 06:15:00,7528.5,7531.75,7528.5,7531.75
2026-07-01 06:18:00,7532.0,7534.5,7531.25,7534.25
2026-07-01 06:21:00,7534.25,7534.75,7533.75,7534.0
2026-07-01 06:24:00,7534.0,7534.75,7533.75,7534.5
2026-07-01 06:27:00,7534.5,7535.25,7533.5,7534.75
2026-07-01 06:30:00,7534.75,7535.25,7534.0,7534.5
2026-07-01 06:33:00,7534.5,7536.0,7534.5,7535.25
2026-07-01 06:36:00,7535.5,7536.75,7535.25,7535.5
2026-07-01 06:39:00,7535.5,7536.5,7535.0,7535.0
2026-07-01 06:42:00,7535.25,7535.25,7531.25,7534.25
2026-07-01 06:45:00,7534.25,7534.5,7533.5,7534.25
2026-07-01 06:48:00,7534.25,7535.25,7534.0,7534.75
2026-07-01 06:51:00,7535.0,7536.75,7534.25,7535.5
2026-07-01 06:54:00,7535.5,7537.25,7534.75,7537.0
2026-07-01 06:57:00,7537.0,7537.5,7535.5,7536.25
2026-07-01 07:00:00,7536.0,7538.25,7535.75,7538.25
2026-07-01 07:03:00,7538.5,7539.75,7538.25,7539.0
2026-07-01 07:06:00,7539.25,7539.75,7538.5,7538.75
2026-07-01 07:09:00,7538.75,7539.75,7538.0,7539.0
2026-07-01 07:12:00,7539.0,7539.25,7536.75,7537.5
2026-07-01 07:15:00,7537.5,7539.0,7537.0,7538.25
2026-07-01 07:18:00,7538.25,7538.75,7536.75,7537.25
2026-07-01 07:21:00,7537.5,7538.0,7536.0,7536.0
2026-07-01 07:24:00,7536.25,7537.75,7536.25,7537.25
2026-07-01 07:27:00,7537.25,7537.75,7535.5,7536.0
2026-07-01 07:30:00,7536.0,7536.25,7534.75,7535.25
2026-07-01 07:33:00,7535.25,7536.0,7534.5,7535.25
2026-07-01 07:36:00,7535.5,7535.5,7533.25,7533.5
2026-07-01 07:39:00,7533.5,7535.0,7532.5,7533.0
2026-07-01 07:42:00,7533.0,7535.75,7531.75,7535.25
2026-07-01 07:45:00,7535.5,7535.75,7534.25,7535.75
2026-07-01 07:48:00,7535.75,7536.25,7532.0,7532.25
2026-07-01 07:51:00,7532.0,7533.25,7531.5,7532.5
2026-07-01 07:54:00,7532.75,7533.25,7530.0,7530.5
2026-07-01 07:57:00,7530.5,7531.75,7530.25,7530.75
2026-07-01 08:00:00,7531.0,7532.75,7527.75,7528.25
2026-07-01 08:03:00,7528.25,7529.0,7527.25,7529.0
2026-07-01 08:06:00,7529.25,7530.0,7527.25,7529.75
2026-07-01 08:09:00,7529.75,7532.5,7529.0,7531.5
2026-07-01 08:12:00,7531.25,7533.75,7530.0,7532.5
2026-07-01 08:15:00,7532.75,7536.25,7532.75,7535.0
2026-07-01 08:18:00,7534.75,7537.5,7533.75,7536.25
2026-07-01 08:21:00,7536.25,7537.5,7535.5,7537.25
2026-07-01 08:24:00,7537.5,7538.25,7536.0,7536.5
2026-07-01 08:27:00,7536.5,7537.5,7535.75,7535.75
2026-07-01 08:30:00,7535.75,7536.5,7532.75,7535.25
2026-07-01 08:33:00,7535.25,7538.75,7526.75,7529.75
2026-07-01 08:36:00,7529.75,7530.75,7526.25,7529.75
2026-07-01 08:39:00,7529.75,7530.5,7526.25,7530.5
2026-07-01 08:42:00,7530.25,7531.25,7524.75,7528.0
2026-07-01 08:45:00,7528.0,7529.0,7525.75,7526.75
2026-07-01 08:48:00,7526.75,7531.0,7526.25,7530.5
2026-07-01 08:51:00,7530.75,7531.5,7527.0,7528.0
2026-07-01 08:54:00,7527.75,7530.75,7525.75,7530.75
2026-07-01 08:57:00,7530.75,7532.0,7527.0,7528.5
2026-07-01 09:00:00,7528.5,7534.75,7528.5,7531.5
2026-07-01 09:03:00,7531.75,7533.0,7526.75,7528.0
2026-07-01 09:06:00,7527.75,7528.75,7525.0,7526.0
2026-07-01 09:09:00,7525.75,7527.25,7524.0,7526.5
2026-07-01 09:12:00,7526.5,7527.75,7524.0,7527.5
2026-07-01 09:15:00,7527.25,7537.75,7527.0,7537.25
2026-07-01 09:18:00,7537.5,7540.0,7534.5,7537.25
2026-07-01 09:21:00,7537.5,7538.75,7534.5,7536.5
2026-07-01 09:24:00,7536.5,7538.75,7532.0,7533.5
2026-07-01 09:27:00,7533.5,7536.25,7528.75,7532.0
2026-07-01 09:30:00,7532.0,7534.0,7517.0,7520.0
2026-07-01 09:33:00,7519.75,7521.0,7505.75,7508.5
2026-07-01 09:36:00,7508.5,7516.5,7507.25,7513.5
2026-07-01 09:39:00,7513.75,7520.0,7510.0,7516.0
2026-07-01 09:42:00,7516.25,7520.0,7513.0,7515.0
2026-07-01 09:45:00,7515.0,7523.25,7511.25,7520.0
2026-07-01 09:48:00,7520.0,7525.75,7518.0,7525.0
2026-07-01 09:51:00,7525.25,7532.5,7524.0,7530.75
2026-07-01 09:54:00,7530.75,7533.0,7528.0,7530.0
2026-07-01 09:57:00,7530.25,7536.75,7528.25,7536.25
2026-07-01 10:00:00,7536.75,7539.5,7533.0,7535.0
2026-07-01 10:03:00,7535.0,7542.5,7534.0,7541.5
2026-07-01 10:06:00,7541.25,7546.5,7541.25,7545.25
2026-07-01 10:09:00,7545.25,7550.75,7543.0,7550.25
2026-07-01 10:12:00,7550.25,7552.25,7548.0,7549.75
2026-07-01 10:15:00,7549.75,7551.5,7546.75,7549.5
2026-07-01 10:18:00,7549.75,7552.0,7547.5,7550.5
2026-07-01 10:21:00,7550.5,7553.5,7550.0,7552.0
2026-07-01 10:24:00,7552.0,7553.75,7550.25,7551.75
2026-07-01 10:27:00,7551.75,7553.75,7550.5,7551.75
2026-07-01 10:30:00,7551.75,7552.5,7544.5,7546.5
2026-07-01 10:33:00,7546.5,7547.75,7543.25,7544.75
2026-07-01 10:36:00,7544.75,7552.75,7543.25,7551.25
2026-07-01 10:39:00,7551.25,7553.25,7548.0,7548.5
2026-07-01 10:42:00,7548.5,7554.5,7548.0,7549.75
2026-07-01 10:45:00,7549.75,7550.25,7540.25,7545.75
2026-07-01 10:48:00,7545.75,7551.75,7543.5,7551.5
2026-07-01 10:51:00,7551.75,7554.0,7550.0,7552.5
2026-07-01 10:54:00,7552.5,7553.0,7550.0,7551.25
2026-07-01 10:57:00,7551.5,7553.5,7547.0,7553.5
2026-07-01 11:00:00,7553.5,7557.75,7552.5,7557.25
2026-07-01 11:03:00,7557.0,7564.25,7556.75,7563.25
2026-07-01 11:06:00,7563.25,7564.75,7558.75,7559.75
2026-07-01 11:09:00,7559.75,7562.25,7557.75,7560.5
2026-07-01 11:12:00,7560.5,7564.5,7559.75,7564.5
2026-07-01 11:15:00,7564.25,7568.0,7564.0,7567.75
2026-07-01 11:18:00,7567.75,7573.0,7566.75,7571.5
2026-07-01 11:21:00,7571.25,7574.75,7571.25,7574.25
2026-07-01 11:24:00,7574.25,7574.25,7572.0,7573.5
2026-07-01 11:27:00,7573.5,7578.0,7573.25,7577.5
2026-07-01 11:30:00,7577.5,7578.5,7573.75,7574.25
2026-07-01 11:33:00,7574.0,7574.75,7570.0,7570.5
2026-07-01 11:36:00,7570.25,7572.25,7567.5,7569.75
2026-07-01 11:39:00,7569.75,7572.5,7569.25,7572.5
2026-07-01 11:42:00,7572.5,7573.5,7570.75,7572.75
2026-07-01 11:45:00,7572.5,7573.75,7571.25,7571.75
2026-07-01 11:48:00,7571.5,7573.5,7568.25,7569.25
2026-07-01 11:51:00,7569.25,7573.0,7568.0,7572.25
2026-07-01 11:54:00,7572.0,7572.25,7568.25,7570.0
2026-07-01 11:57:00,7569.75,7573.25,7568.75,7572.5
2026-07-01 12:00:00,7572.5,7575.25,7571.5,7574.75
2026-07-01 12:03:00,7575.0,7576.0,7571.0,7573.0
2026-07-01 12:06:00,7573.25,7575.5,7573.0,7574.5
2026-07-01 12:09:00,7574.25,7575.0,7571.75,7575.0
2026-07-01 12:12:00,7574.75,7576.0,7574.25,7575.75
2026-07-01 12:15:00,7575.5,7576.5,7573.5,7574.75
2026-07-01 12:18:00,7574.75,7575.75,7573.0,7575.25
2026-07-01 12:21:00,7575.25,7578.75,7574.25,7578.75
2026-07-01 12:24:00,7578.75,7579.0,7576.25,7577.25
2026-07-01 12:27:00,7577.25,7577.5,7574.0,7574.5
2026-07-01 12:30:00,7574.5,7576.75,7574.25,7575.75
2026-07-01 12:33:00,7575.5,7576.25,7572.75,7573.0
2026-07-01 12:36:00,7573.0,7574.25,7572.0,7572.5
2026-07-01 12:39:00,7572.25,7573.0,7567.25,7568.25
2026-07-01 12:42:00,7568.25,7570.75,7567.5,7570.5
2026-07-01 12:45:00,7570.5,7572.75,7568.25,7570.25
2026-07-01 12:48:00,7570.5,7570.75,7567.25,7569.75
2026-07-01 12:51:00,7569.5,7569.75,7563.25,7564.0
2026-07-01 12:54:00,7564.0,7566.0,7562.5,7564.75
2026-07-01 12:57:00,7564.75,7565.25,7557.5,7559.75
2026-07-01 13:00:00,7559.75,7563.75,7559.25,7560.75
2026-07-01 13:03:00,7560.75,7561.5,7556.25,7557.0
2026-07-01 13:06:00,7557.0,7558.75,7554.75,7557.5
2026-07-01 13:09:00,7557.5,7560.0,7557.0,7558.75
2026-07-01 13:12:00,7558.75,7563.25,7558.25,7562.5
2026-07-01 13:15:00,7562.75,7564.5,7561.75,7562.0
2026-07-01 13:18:00,7562.0,7567.0,7562.0,7566.25
2026-07-01 13:21:00,7566.25,7566.5,7564.75,7566.0
2026-07-01 13:24:00,7565.75,7568.5,7565.5,7566.75
2026-07-01 13:27:00,7566.75,7567.0,7563.5,7564.0
2026-07-01 13:30:00,7564.0,7566.25,7561.25,7562.5
2026-07-01 13:33:00,7562.5,7563.75,7561.0,7562.5
2026-07-01 13:36:00,7562.5,7565.0,7562.0,7564.25
2026-07-01 13:39:00,7564.25,7565.25,7562.0,7562.75
2026-07-01 13:42:00,7563.0,7563.0,7559.25,7559.25
2026-07-01 13:45:00,7559.5,7561.25,7558.25,7558.5
2026-07-01 13:48:00,7558.75,7560.75,7557.5,7560.5
2026-07-01 13:51:00,7560.25,7562.0,7557.0,7561.75
2026-07-01 13:54:00,7561.5,7561.5,7557.75,7559.25
2026-07-01 13:57:00,7559.0,7559.25,7556.25,7556.75
2026-07-01 14:00:00,7556.75,7560.5,7556.0,7559.75
2026-07-01 14:03:00,7559.75,7561.5,7559.0,7560.25
2026-07-01 14:06:00,7560.25,7560.75,7557.25,7559.25
2026-07-01 14:09:00,7559.25,7559.75,7555.5,7555.75
2026-07-01 14:12:00,7556.0,7557.25,7555.5,7555.5
2026-07-01 14:15:00,7555.5,7555.75,7551.5,7553.5
2026-07-01 14:18:00,7553.5,7557.75,7552.75,7556.0
2026-07-01 14:21:00,7556.25,7558.5,7555.75,7556.5
2026-07-01 14:24:00,7556.5,7560.25,7556.25,7557.75
2026-07-01 14:27:00,7557.75,7558.5,7556.0,7556.0
2026-07-01 14:30:00,7556.0,7557.5,7554.75,7556.0
2026-07-01 14:33:00,7556.0,7558.5,7555.25,7557.75
2026-07-01 14:36:00,7557.75,7558.0,7555.5,7556.0
2026-07-01 14:39:00,7556.0,7558.0,7555.25,7555.75
2026-07-01 14:42:00,7555.75,7557.0,7555.5,7556.5
2026-07-01 14:45:00,7556.5,7557.0,7552.25,7552.75
2026-07-01 14:48:00,7552.75,7554.75,7551.25,7553.25
2026-07-01 14:51:00,7553.25,7554.75,7550.25,7551.25
2026-07-01 14:54:00,7551.5,7551.75,7549.25,7550.25
2026-07-01 14:57:00,7550.5,7554.0,7550.0,7553.5
2026-07-01 15:00:00,7553.5,7557.0,7552.75,7556.25
2026-07-01 15:03:00,7556.0,7560.5,7555.5,7560.0
2026-07-01 15:06:00,7560.0,7561.0,7558.5,7560.5
2026-07-01 15:09:00,7560.5,7561.75,7558.0,7558.0
2026-07-01 15:12:00,7558.25,7559.25,7557.25,7558.5
2026-07-01 15:15:00,7558.25,7560.75,7558.25,7559.25
2026-07-01 15:18:00,7559.25,7560.0,7557.75,7559.0
2026-07-01 15:21:00,7559.25,7559.75,7557.5,7558.5
2026-07-01 15:24:00,7558.5,7560.0,7554.0,7554.25
2026-07-01 15:27:00,7554.25,7555.75,7553.5,7553.75
2026-07-01 15:30:00,7553.75,7557.5,7553.75,7555.5
2026-07-01 15:33:00,7555.5,7556.5,7553.75,7554.0
2026-07-01 15:36:00,7554.0,7554.25,7551.5,7551.75
2026-07-01 15:39:00,7552.0,7553.0,7549.0,7549.75
2026-07-01 15:42:00,7549.5,7551.25,7548.5,7550.5
2026-07-01 15:45:00,7550.5,7550.75,7548.5,7549.5
2026-07-01 15:48:00,7549.5,7552.5,7547.0,7549.0
2026-07-01 15:51:00,7548.75,7548.75,7543.0,7546.75
2026-07-01 15:54:00,7546.75,7547.75,7544.0,7545.5
2026-07-01 15:57:00,7545.5,7547.5,7536.5,7542.0
2026-07-01 16:00:00,7542.0,7543.0,7531.0,7532.25
2026-07-01 16:03:00,7532.25,7533.5,7529.0,7530.5
2026-07-01 16:06:00,7530.5,7535.0,7530.0,7534.25
2026-07-01 16:09:00,7534.25,7536.0,7532.75,7534.0
2026-07-01 16:12:00,7534.25,7537.25,7532.75,7535.25
2026-07-01 16:15:00,7535.0,7535.5,7531.75,7531.75
2026-07-01 16:18:00,7531.5,7533.5,7531.25,7532.25
2026-07-01 16:21:00,7532.25,7534.0,7531.25,7533.75
2026-07-01 16:24:00,7533.75,7535.25,7533.5,7533.5
2026-07-01 16:27:00,7533.5,7534.5,7531.5,7532.25
2026-07-01 16:30:00,7532.25,7533.0,7530.5,7531.5
2026-07-01 16:33:00,7531.5,7531.75,7527.25,7527.25
2026-07-01 16:36:00,7527.5,7529.5,7525.75,7528.5
2026-07-01 16:39:00,7528.5,7530.5,7528.0,7529.5
2026-07-01 16:42:00,7529.75,7530.5,7529.25,7530.5
2026-07-01 16:45:00,7530.5,7531.5,7529.75,7530.5
2026-07-01 16:48:00,7530.75,7531.5,7530.0,7531.5
2026-07-01 16:51:00,7531.25,7531.75,7528.75,7529.25
2026-07-01 16:54:00,7529.25,7531.5,7528.75,7531.0
2026-07-01 16:57:00,7530.75,7534.0,7530.75,7532.75
2026-07-01 17:00:00,7543.5,7543.5,7543.5,7543.5
2026-07-01 18:00:00,7536.0,7538.75,7532.75,7534.75
2026-07-01 18:03:00,7535.0,7535.75,7531.75,7533.75
2026-07-01 18:06:00,7534.0,7538.25,7534.0,7537.25
2026-07-01 18:09:00,7537.25,7537.25,7534.0,7534.0
2026-07-01 18:12:00,7534.25,7534.25,7532.0,7532.0
2026-07-01 18:15:00,7532.0,7533.5,7532.0,7532.75
2026-07-01 18:18:00,7532.75,7536.5,7532.5,7536.5
2026-07-01 18:21:00,7536.75,7538.0,7536.75,7537.5
2026-07-01 18:24:00,7537.5,7538.25,7537.25,7538.0
2026-07-01 18:27:00,7538.0,7538.75,7537.75,7538.0
2026-07-01 18:30:00,7537.75,7539.0,7537.25,7539.0
2026-07-01 18:33:00,7538.75,7540.0,7538.75,7539.75
2026-07-01 18:36:00,7539.75,7540.0,7538.5,7538.5
2026-07-01 18:39:00,7538.5,7540.0,7538.5,7539.25
2026-07-01 18:42:00,7539.0,7539.5,7538.5,7538.75
2026-07-01 18:45:00,7539.0,7539.0,7536.5,7536.5
2026-07-01 18:48:00,7536.5,7537.25,7535.75,7536.5
2026-07-01 18:51:00,7536.5,7537.75,7536.5,7537.5
2026-07-01 18:54:00,7537.5,7540.25,7536.75,7540.25
2026-07-01 18:57:00,7540.5,7541.0,7539.5,7540.0
2026-07-01 19:00:00,7540.25,7540.5,7538.0,7539.75
2026-07-01 19:03:00,7539.75,7539.75,7537.25,7538.0
2026-07-01 19:06:00,7538.0,7538.75,7537.25,7537.5
2026-07-01 19:09:00,7537.75,7538.5,7536.5,7537.25
2026-07-01 19:12:00,7537.5,7538.0,7535.75,7536.25
2026-07-01 19:15:00,7536.5,7536.75,7535.5,7536.5
2026-07-01 19:18:00,7536.25,7536.5,7535.5,7536.5
2026-07-01 19:21:00,7536.25,7537.5,7536.0,7536.75
2026-07-01 19:24:00,7536.75,7537.5,7536.0,7537.0
2026-07-01 19:27:00,7537.0,7537.5,7536.75,7537.25
2026-07-01 19:30:00,7537.75,7537.75,7537.0,7537.0
2026-07-01 19:33:00,7537.0,7537.5,7534.25,7534.5
2026-07-01 19:36:00,7535.0,7538.0,7534.5,7537.75
2026-07-01 19:39:00,7537.75,7538.0,7537.0,7537.75
2026-07-01 19:42:00,7537.75,7537.75,7536.25,7537.5
2026-07-01 19:45:00,7537.5,7537.5,7531.5,7533.75
2026-07-01 19:48:00,7533.75,7535.0,7529.0,7530.0
2026-07-01 19:51:00,7530.25,7535.5,7530.25,7534.5
2026-07-01 19:54:00,7534.0,7535.25,7533.25,7534.25
2026-07-01 19:57:00,7534.0,7535.5,7533.0,7534.75
2026-07-01 20:00:00,7534.75,7534.75,7524.25,7528.25
2026-07-01 20:03:00,7528.5,7528.5,7522.75,7527.25
2026-07-01 20:06:00,7527.5,7528.75,7523.5,7527.5
2026-07-01 20:09:00,7527.25,7532.75,7526.75,7530.5
2026-07-01 20:12:00,7530.5,7531.0,7528.0,7529.0
2026-07-01 20:15:00,7529.25,7530.75,7528.5,7529.5
2026-07-01 20:18:00,7529.75,7530.75,7526.75,7529.25
2026-07-01 20:21:00,7529.0,7534.75,7528.0,7533.75
2026-07-01 20:24:00,7534.0,7535.75,7533.75,7535.0
2026-07-01 20:27:00,7535.0,7536.75,7532.5,7536.5
2026-07-01 20:30:00,7536.5,7537.0,7534.25,7534.25
2026-07-01 20:33:00,7534.25,7537.25,7533.75,7537.0
2026-07-01 20:36:00,7537.25,7538.75,7536.25,7536.5
2026-07-01 20:39:00,7536.75,7536.75,7533.0,7533.75
2026-07-01 20:42:00,7533.75,7534.25,7529.75,7530.5
2026-07-01 20:45:00,7530.25,7533.0,7529.5,7531.5
2026-07-01 20:48:00,7531.75,7536.5,7531.0,7535.25
2026-07-01 20:51:00,7535.25,7540.0,7535.0,7540.0
2026-07-01 20:54:00,7540.0,7541.75,7539.0,7541.25
2026-07-01 20:57:00,7541.25,7541.75,7539.5,7541.0
2026-07-01 21:00:00,7541.25,7543.5,7540.0,7542.75
2026-07-01 21:03:00,7542.75,7545.5,7542.25,7545.0
2026-07-01 21:06:00,7544.75,7548.25,7544.5,7548.0
2026-07-01 21:09:00,7548.0,7549.5,7547.5,7547.75
2026-07-01 21:12:00,7548.0,7549.5,7548.0,7549.5
2026-07-01 21:15:00,7549.25,7549.75,7546.25,7548.25
2026-07-01 21:18:00,7548.25,7550.0,7548.25,7549.25
2026-07-01 21:21:00,7549.0,7549.5,7548.5,7549.5
2026-07-01 21:24:00,7549.25,7550.75,7548.75,7550.0
2026-07-01 21:27:00,7550.0,7550.5,7547.5,7550.0
2026-07-01 21:30:00,7550.0,7553.25,7549.5,7550.5
2026-07-01 21:33:00,7550.5,7551.5,7549.5,7551.0
2026-07-01 21:36:00,7551.0,7553.5,7550.75,7552.5
2026-07-01 21:39:00,7552.25,7555.0,7551.5,7554.5
2026-07-01 21:42:00,7554.5,7555.0,7553.0,7554.0
2026-07-01 21:45:00,7553.75,7555.5,7552.25,7554.5
2026-07-01 21:48:00,7554.25,7556.25,7554.25,7554.75
2026-07-01 21:51:00,7554.75,7555.25,7552.75,7553.5
2026-07-01 21:54:00,7553.75,7554.25,7552.0,7553.5
2026-07-01 21:57:00,7553.25,7553.5,7552.0,7552.75
2026-07-01 22:00:00,7552.75,7553.5,7551.25,7552.0
2026-07-01 22:03:00,7552.25,7553.75,7551.75,7553.75
2026-07-01 22:06:00,7553.5,7555.0,7553.5,7554.0
2026-07-01 22:09:00,7554.25,7555.5,7553.75,7555.0
2026-07-01 22:12:00,7555.0,7557.0,7554.5,7556.75
2026-07-01 22:15:00,7557.0,7558.0,7556.5,7556.75
2026-07-01 22:18:00,7556.75,7556.75,7555.5,7555.75
2026-07-01 22:21:00,7555.75,7556.5,7554.25,7554.25
2026-07-01 22:24:00,7554.5,7555.5,7553.5,7555.5
2026-07-01 22:27:00,7555.5,7556.0,7554.5,7554.5
2026-07-01 22:30:00,7554.75,7556.0,7553.25,7556.0
2026-07-01 22:33:00,7556.0,7556.75,7555.75,7556.25
2026-07-01 22:36:00,7556.5,7556.75,7555.0,7555.75
2026-07-01 22:39:00,7555.75,7556.5,7555.0,7556.25
2026-07-01 22:42:00,7556.25,7556.75,7555.25,7556.0
2026-07-01 22:45:00,7556.0,7557.75,7555.75,7557.25
2026-07-01 22:48:00,7556.75,7557.5,7555.5,7556.0
2026-07-01 22:51:00,7556.25,7556.5,7555.25,7555.25
2026-07-01 22:54:00,7555.25,7557.25,7555.25,7556.5
2026-07-01 22:57:00,7556.5,7557.5,7556.5,7557.0
2026-07-01 23:00:00,7557.25,7558.0,7556.5,7556.5
2026-07-01 23:03:00,7556.25,7556.5,7554.5,7555.0
2026-07-01 23:06:00,7555.25,7555.75,7554.5,7554.5
2026-07-01 23:09:00,7554.5,7555.0,7552.25,7552.75
2026-07-01 23:12:00,7552.75,7554.75,7552.5,7554.25
2026-07-01 23:15:00,7554.0,7554.75,7553.5,7553.5
2026-07-01 23:18:00,7553.75,7554.0,7552.75,7552.75
2026-07-01 23:21:00,7552.75,7553.0,7550.25,7550.75
2026-07-01 23:24:00,7550.75,7551.5,7549.75,7550.0
2026-07-01 23:27:00,7550.0,7553.25,7549.75,7552.0
2026-07-01 23:30:00,7552.25,7555.5,7551.5,7554.75
2026-07-01 23:33:00,7555.0,7557.25,7555.0,7556.5
2026-07-01 23:36:00,7556.75,7557.25,7554.25,7555.0
2026-07-01 23:39:00,7555.0,7555.25,7551.25,7552.25
2026-07-01 23:42:00,7552.5,7553.75,7551.5,7553.0
2026-07-01 23:45:00,7552.75,7553.25,7551.0,7552.5
2026-07-01 23:48:00,7552.25,7554.75,7551.25,7552.75
2026-07-01 23:51:00,7552.75,7555.5,7552.25,7555.25
2026-07-01 23:54:00,7555.25,7556.25,7554.0,7555.75
2026-07-01 23:57:00,7555.75,7556.0,7554.0,7554.5
2026-07-02 00:00:00,7554.75,7556.0,7553.25,7555.75
2026-07-02 00:03:00,7555.5,7555.5,7552.25,7552.25
2026-07-02 00:06:00,7552.25,7553.25,7552.0,7552.25
2026-07-02 00:09:00,7552.25,7552.75,7549.5,7549.75
2026-07-02 00:12:00,7550.0,7551.0,7549.0,7549.25
2026-07-02 00:15:00,7549.25,7550.0,7548.5,7549.0
2026-07-02 00:18:00,7549.0,7549.25,7547.0,7547.25
2026-07-02 00:21:00,7547.25,7548.75,7547.0,7547.75
2026-07-02 00:24:00,7548.0,7550.75,7548.0,7549.25
2026-07-02 00:27:00,7549.0,7551.0,7548.5,7549.75
2026-07-02 00:30:00,7549.75,7549.75,7545.75,7546.25
2026-07-02 00:33:00,7546.25,7546.5,7544.75,7545.25
2026-07-02 00:36:00,7545.25,7545.75,7543.5,7544.0
2026-07-02 00:39:00,7544.0,7544.25,7542.25,7542.25
2026-07-02 00:42:00,7542.5,7543.75,7542.25,7542.5
2026-07-02 00:45:00,7542.5,7544.75,7542.25,7542.75
2026-07-02 00:48:00,7542.75,7544.25,7541.25,7543.75
2026-07-02 00:51:00,7543.75,7546.75,7543.5,7546.25
2026-07-02 00:54:00,7546.25,7548.5,7545.5,7548.0
2026-07-02 00:57:00,7547.75,7549.5,7547.75,7548.25
2026-07-02 01:00:00,7548.5,7549.25,7546.0,7547.5
2026-07-02 01:03:00,7547.25,7551.75,7546.75,7551.25
2026-07-02 01:06:00,7551.25,7553.0,7551.25,7552.25
2026-07-02 01:09:00,7552.5,7553.5,7552.25,7552.5
2026-07-02 01:12:00,7552.25,7553.25,7551.5,7552.5
2026-07-02 01:15:00,7552.25,7554.25,7552.0,7553.0
2026-07-02 01:18:00,7553.0,7554.5,7552.5,7554.0
2026-07-02 01:21:00,7554.0,7555.0,7553.25,7553.5
2026-07-02 01:24:00,7553.25,7554.0,7552.0,7552.75
2026-07-02 01:27:00,7552.5,7552.75,7549.5,7549.75
2026-07-02 01:30:00,7550.0,7550.0,7546.75,7548.0
2026-07-02 01:33:00,7548.0,7548.0,7545.25,7545.25
2026-07-02 01:36:00,7545.0,7545.75,7544.5,7544.5
2026-07-02 01:39:00,7544.25,7545.0,7542.5,7544.25
2026-07-02 01:42:00,7544.25,7545.0,7541.75,7542.75
2026-07-02 01:45:00,7543.0,7544.0,7541.75,7542.25
2026-07-02 01:48:00,7542.0,7544.0,7541.25,7543.5
2026-07-02 01:51:00,7543.75,7544.75,7543.25,7544.0
2026-07-02 01:54:00,7543.5,7544.75,7543.0,7544.0
2026-07-02 01:57:00,7544.0,7544.75,7542.25,7542.75
2026-07-02 02:00:00,7542.75,7544.5,7541.0,7542.25
2026-07-02 02:03:00,7542.25,7542.5,7538.75,7540.25
2026-07-02 02:06:00,7540.25,7541.0,7536.75,7538.0
2026-07-02 02:09:00,7537.75,7537.75,7534.5,7535.75
2026-07-02 02:12:00,7536.0,7536.0,7533.5,7533.75
2026-07-02 02:15:00,7533.5,7536.25,7533.25,7535.25
2026-07-02 02:18:00,7535.25,7538.0,7535.25,7537.25
2026-07-02 02:21:00,7537.25,7538.25,7536.5,7537.25
2026-07-02 02:24:00,7537.0,7538.25,7535.75,7536.25
2026-07-02 02:27:00,7536.5,7536.75,7533.5,7534.0
2026-07-02 02:30:00,7534.0,7540.0,7533.75,7538.25
2026-07-02 02:33:00,7538.25,7539.25,7538.0,7539.25
2026-07-02 02:36:00,7539.0,7539.75,7537.75,7538.25
2026-07-02 02:39:00,7538.0,7538.0,7536.0,7536.5
2026-07-02 02:42:00,7536.5,7536.5,7534.0,7535.5
2026-07-02 02:45:00,7535.75,7536.0,7530.5,7531.75
2026-07-02 02:48:00,7531.75,7532.0,7527.25,7527.75
2026-07-02 02:51:00,7528.0,7530.5,7526.25,7530.25
2026-07-02 02:54:00,7530.5,7532.25,7528.5,7531.75
2026-07-02 02:57:00,7531.75,7533.75,7530.25,7530.5
2026-07-02 03:00:00,7530.5,7532.25,7529.25,7531.0
2026-07-02 03:03:00,7531.0,7531.0,7525.25,7526.25
2026-07-02 03:06:00,7526.0,7526.75,7524.25,7525.5
2026-07-02 03:09:00,7525.75,7527.25,7523.0,7523.5
2026-07-02 03:12:00,7523.75,7524.75,7520.25,7521.0
2026-07-02 03:15:00,7521.25,7525.75,7520.25,7522.5
2026-07-02 03:18:00,7522.25,7525.5,7522.25,7525.25
2026-07-02 03:21:00,7525.0,7525.0,7522.25,7523.0
2026-07-02 03:24:00,7523.25,7524.0,7520.5,7520.75
2026-07-02 03:27:00,7521.0,7525.75,7520.75,7525.0
2026-07-02 03:30:00,7525.0,7527.25,7524.5,7525.0
2026-07-02 03:33:00,7525.25,7528.25,7524.5,7527.75
2026-07-02 03:36:00,7527.75,7527.75,7525.25,7527.5
2026-07-02 03:39:00,7527.75,7533.5,7527.5,7533.25
2026-07-02 03:42:00,7533.25,7536.75,7533.0,7536.0
2026-07-02 03:45:00,7535.75,7536.25,7534.0,7534.0
2026-07-02 03:48:00,7533.75,7536.25,7533.5,7534.25
2026-07-02 03:51:00,7534.0,7535.0,7533.25,7534.0
2026-07-02 03:54:00,7533.75,7534.0,7531.25,7532.25
2026-07-02 03:57:00,7532.0,7533.5,7530.5,7531.0
2026-07-02 04:00:00,7531.0,7532.0,7527.5,7531.5
2026-07-02 04:03:00,7531.25,7534.0,7530.25,7534.0
2026-07-02 04:06:00,7534.25,7534.25,7526.5,7527.0
2026-07-02 04:09:00,7527.25,7529.75,7525.5,7525.75
2026-07-02 04:12:00,7525.75,7526.0,7522.5,7524.5
2026-07-02 04:15:00,7524.75,7529.5,7524.0,7529.0
2026-07-02 04:18:00,7529.0,7530.75,7527.5,7530.75
2026-07-02 04:21:00,7530.75,7534.25,7529.5,7534.25
2026-07-02 04:24:00,7534.25,7537.5,7533.75,7537.0
2026-07-02 04:27:00,7537.0,7538.0,7535.5,7536.0
2026-07-02 04:30:00,7535.75,7540.25,7534.75,7539.0
2026-07-02 04:33:00,7539.0,7542.25,7538.25,7542.0
2026-07-02 04:36:00,7542.0,7543.0,7541.0,7541.5
2026-07-02 04:39:00,7541.5,7542.5,7540.0,7540.25
2026-07-02 04:42:00,7540.0,7540.25,7538.5,7539.5
2026-07-02 04:45:00,7539.5,7541.5,7538.75,7540.5
2026-07-02 04:48:00,7540.25,7543.0,7540.0,7542.25
2026-07-02 04:51:00,7542.25,7545.0,7541.75,7544.5
2026-07-02 04:54:00,7544.25,7544.25,7541.5,7541.75
2026-07-02 04:57:00,7541.75,7543.25,7540.5,7542.25
2026-07-02 05:00:00,7542.25,7542.5,7538.75,7539.25
2026-07-02 05:03:00,7539.0,7539.5,7536.5,7537.0
2026-07-02 05:06:00,7537.0,7537.0,7535.0,7535.0
2026-07-02 05:09:00,7535.0,7538.0,7534.5,7538.0
2026-07-02 05:12:00,7537.75,7538.0,7536.25,7537.25
2026-07-02 05:15:00,7537.25,7538.0,7535.5,7536.75
2026-07-02 05:18:00,7536.75,7538.25,7535.75,7538.0
2026-07-02 05:21:00,7537.75,7538.0,7536.25,7537.25
2026-07-02 05:24:00,7537.5,7537.5,7535.0,7535.5
2026-07-02 05:27:00,7535.25,7538.25,7535.25,7537.75
2026-07-02 05:30:00,7537.75,7540.5,7537.25,7539.75
2026-07-02 05:33:00,7539.75,7541.75,7538.75,7540.0
2026-07-02 05:36:00,7540.25,7542.0,7539.25,7541.75
2026-07-02 05:39:00,7541.75,7542.25,7540.25,7541.0
2026-07-02 05:42:00,7541.0,7542.25,7540.5,7540.75
2026-07-02 05:45:00,7540.5,7540.5,7536.5,7539.0
2026-07-02 05:48:00,7538.75,7539.5,7538.5,7539.5
2026-07-02 05:51:00,7539.5,7540.25,7538.0,7539.0
2026-07-02 05:54:00,7539.0,7539.0,7536.25,7536.25
2026-07-02 05:57:00,7536.25,7538.0,7536.0,7537.25
2026-07-02 06:00:00,7537.25,7537.25,7534.5,7534.75
2026-07-02 06:03:00,7535.0,7535.0,7531.75,7533.75
2026-07-02 06:06:00,7533.75,7536.0,7533.5,7534.75
2026-07-02 06:09:00,7534.75,7535.75,7534.0,7534.75
2026-07-02 06:12:00,7534.75,7535.0,7533.5,7534.0
2026-07-02 06:15:00,7534.0,7535.0,7533.25,7534.0
2026-07-02 06:18:00,7534.0,7536.75,7534.0,7535.5
2026-07-02 06:21:00,7535.0,7536.75,7534.75,7535.75
2026-07-02 06:24:00,7535.75,7538.5,7535.5,7538.25
2026-07-02 06:27:00,7538.0,7538.5,7536.0,7537.5
2026-07-02 06:30:00,7537.75,7539.25,7537.5,7538.25
2026-07-02 06:33:00,7538.0,7542.5,7538.0,7541.25
2026-07-02 06:36:00,7541.0,7543.75,7541.0,7543.25
2026-07-02 06:39:00,7543.25,7543.75,7542.5,7543.0
2026-07-02 06:42:00,7543.0,7543.5,7541.0,7541.5
2026-07-02 06:45:00,7541.75,7541.75,7540.25,7540.25
2026-07-02 06:48:00,7540.25,7541.0,7539.25,7540.75
2026-07-02 06:51:00,7540.5,7540.5,7539.25,7540.5
2026-07-02 06:54:00,7540.25,7542.0,7540.25,7541.75
2026-07-02 06:57:00,7541.75,7544.25,7541.0,7543.0
2026-07-02 07:00:00,7543.0,7544.25,7542.0,7543.75
2026-07-02 07:03:00,7543.5,7543.75,7539.25,7539.25
2026-07-02 07:06:00,7539.25,7540.0,7538.5,7539.5
2026-07-02 07:09:00,7539.75,7541.25,7539.5,7540.75
2026-07-02 07:12:00,7540.75,7543.25,7540.75,7543.0
2026-07-02 07:15:00,7543.0,7543.75,7540.5,7540.75
2026-07-02 07:18:00,7540.5,7541.75,7539.25,7540.25
2026-07-02 07:21:00,7540.25,7543.5,7539.25,7542.75
2026-07-02 07:24:00,7542.75,7544.25,7542.25,7544.0
2026-07-02 07:27:00,7543.75,7543.75,7542.75,7543.0
2026-07-02 07:30:00,7543.0,7544.0,7542.0,7542.75
2026-07-02 07:33:00,7542.5,7543.5,7541.75,7542.25
2026-07-02 07:36:00,7542.5,7546.5,7542.25,7546.25
2026-07-02 07:39:00,7546.0,7547.0,7543.25,7546.75
2026-07-02 07:42:00,7546.5,7547.75,7546.5,7547.25
2026-07-02 07:45:00,7547.25,7549.0,7547.0,7548.5
2026-07-02 07:48:00,7548.75,7549.5,7546.75,7548.25
2026-07-02 07:51:00,7548.25,7548.75,7546.25,7546.5
2026-07-02 07:54:00,7546.5,7546.5,7543.5,7546.0
2026-07-02 07:57:00,7546.0,7546.0,7543.5,7543.5
2026-07-02 08:00:00,7543.5,7544.0,7541.0,7543.75
2026-07-02 08:03:00,7544.0,7548.5,7544.0,7546.75
2026-07-02 08:06:00,7546.75,7549.5,7546.5,7549.0
2026-07-02 08:09:00,7549.25,7549.5,7547.5,7548.75
2026-07-02 08:12:00,7548.75,7552.0,7548.75,7550.5
2026-07-02 08:15:00,7550.75,7553.25,7550.25,7551.5
2026-07-02 08:18:00,7551.5,7554.0,7550.5,7553.25
2026-07-02 08:21:00,7553.0,7554.0,7551.0,7553.5
2026-07-02 08:24:00,7553.25,7556.0,7553.25,7553.25
2026-07-02 08:27:00,7553.5,7557.0,7549.5,7555.5
2026-07-02 08:30:00,7556.75,7575.25,7555.25,7565.25
2026-07-02 08:33:00,7565.5,7575.75,7562.5,7574.25
2026-07-02 08:36:00,7574.25,7576.75,7568.75,7571.25
2026-07-02 08:39:00,7571.5,7574.0,7568.0,7568.25
2026-07-02 08:42:00,7568.25,7573.5,7568.0,7570.0
2026-07-02 08:45:00,7569.75,7572.25,7569.5,7570.25
2026-07-02 08:48:00,7570.0,7573.75,7569.25,7572.5
2026-07-02 08:51:00,7572.5,7572.75,7566.75,7567.0
2026-07-02 08:54:00,7567.0,7568.0,7560.25,7562.0
2026-07-02 08:57:00,7562.0,7562.25,7557.5,7561.75
2026-07-02 09:00:00,7561.75,7565.5,7552.5,7558.5
2026-07-02 09:03:00,7558.75,7562.0,7555.75,7557.0
2026-07-02 09:06:00,7557.25,7558.75,7553.5,7554.75
2026-07-02 09:09:00,7554.75,7556.75,7553.75,7555.5
2026-07-02 09:12:00,7555.25,7557.75,7553.25,7554.5
2026-07-02 09:15:00,7554.5,7556.5,7552.5,7554.75
2026-07-02 09:18:00,7554.75,7559.75,7554.5,7558.75
2026-07-02 09:21:00,7558.75,7560.75,7557.75,7560.0
2026-07-02 09:24:00,7560.0,7561.25,7558.0,7561.0
2026-07-02 09:27:00,7561.0,7561.5,7553.5,7555.0
2026-07-02 09:30:00,7555.25,7567.75,7551.5,7562.75
2026-07-02 09:33:00,7563.0,7569.75,7561.5,7566.75
2026-07-02 09:36:00,7566.75,7573.0,7560.5,7564.25
2026-07-02 09:39:00,7564.0,7575.0,7564.0,7573.75
2026-07-02 09:42:00,7573.5,7583.5,7573.5,7578.5
2026-07-02 09:45:00,7578.5,7584.0,7576.0,7583.75
2026-07-02 09:48:00,7584.0,7588.5,7582.75,7587.25
2026-07-02 09:51:00,7587.5,7593.75,7587.0,7587.5
2026-07-02 09:54:00,7587.75,7588.5,7581.5,7583.25
2026-07-02 09:57:00,7583.25,7588.75,7582.75,7588.75
2026-07-02 10:00:00,7588.75,7591.5,7585.25,7591.0
2026-07-02 10:03:00,7590.75,7592.0,7585.75,7589.0
2026-07-02 10:06:00,7589.0,7591.0,7585.25,7585.5
2026-07-02 10:09:00,7585.5,7587.0,7577.5,7586.75
2026-07-02 10:12:00,7586.75,7593.5,7586.5,7591.0
2026-07-02 10:15:00,7591.0,7593.0,7584.75,7586.5
2026-07-02 10:18:00,7586.5,7589.5,7580.5,7581.5
2026-07-02 10:21:00,7581.5,7584.0,7575.75,7578.75
2026-07-02 10:24:00,7578.5,7582.5,7573.75,7574.75
2026-07-02 10:27:00,7574.75,7575.5,7556.5,7559.75
2026-07-02 10:30:00,7559.75,7574.25,7555.75,7568.75
2026-07-02 10:33:00,7568.75,7572.75,7558.5,7561.0
2026-07-02 10:36:00,7561.0,7571.75,7559.5,7569.5
2026-07-02 10:39:00,7569.5,7572.0,7554.0,7554.75
2026-07-02 10:42:00,7554.75,7555.5,7543.75,7549.25
2026-07-02 10:45:00,7549.25,7557.75,7547.25,7550.5
2026-07-02 10:48:00,7550.5,7554.75,7543.5,7551.75
2026-07-02 10:51:00,7551.75,7557.75,7540.25,7545.25
2026-07-02 10:54:00,7545.5,7554.0,7543.0,7550.75
2026-07-02 10:57:00,7550.75,7557.5,7545.75,7557.25
2026-07-02 11:00:00,7557.25,7559.0,7552.5,7553.75
2026-07-02 11:03:00,7554.0,7556.25,7538.0,7538.5
2026-07-02 11:06:00,7538.75,7539.0,7522.5,7530.75
2026-07-02 11:09:00,7530.75,7546.25,7529.0,7544.25
2026-07-02 11:12:00,7544.25,7546.25,7540.75,7541.25
2026-07-02 11:15:00,7541.25,7544.5,7527.0,7528.5
2026-07-02 11:18:00,7528.5,7535.25,7524.0,7530.25
2026-07-02 11:21:00,7530.25,7534.5,7527.75,7532.5
2026-07-02 11:24:00,7532.5,7540.75,7532.0,7537.25
2026-07-02 11:27:00,7537.25,7541.0,7529.0,7529.25
2026-07-02 11:30:00,7529.0,7542.0,7528.0,7540.75
2026-07-02 11:33:00,7540.75,7545.25,7538.75,7544.25
2026-07-02 11:36:00,7544.25,7547.5,7543.75,7545.25
2026-07-02 11:39:00,7545.25,7546.0,7540.5,7541.5
2026-07-02 11:42:00,7541.5,7541.5,7533.25,7533.25
2026-07-02 11:45:00,7533.25,7537.75,7531.25,7533.0
2026-07-02 11:48:00,7532.75,7535.5,7524.5,7525.75
2026-07-02 11:51:00,7525.75,7528.5,7520.75,7523.25
2026-07-02 11:54:00,7523.25,7527.75,7521.0,7523.25
2026-07-02 11:57:00,7523.0,7530.0,7521.75,7526.75
2026-07-02 12:00:00,7527.0,7529.5,7518.0,7519.25
2026-07-02 12:03:00,7519.0,7526.5,7517.0,7522.25
2026-07-02 12:06:00,7522.25,7523.25,7518.75,7521.75
2026-07-02 12:09:00,7521.75,7527.0,7518.25,7523.25
2026-07-02 12:12:00,7523.0,7527.0,7520.5,7525.0
2026-07-02 12:15:00,7525.25,7526.5,7520.25,7521.0
2026-07-02 12:18:00,7520.75,7524.5,7515.75,7517.75
2026-07-02 12:21:00,7518.0,7519.0,7515.0,7515.25
2026-07-02 12:24:00,7515.25,7520.5,7513.75,7516.25
2026-07-02 12:27:00,7516.5,7519.0,7515.0,7515.75
2026-07-02 12:30:00,7515.75,7516.0,7509.0,7510.75
2026-07-02 12:33:00,7510.5,7513.5,7506.75,7510.75
2026-07-02 12:36:00,7510.75,7511.75,7501.25,7504.5
2026-07-02 12:39:00,7504.5,7513.25,7503.25,7510.0
2026-07-02 12:42:00,7510.0,7513.75,7508.5,7512.25
2026-07-02 12:45:00,7512.25,7512.75,7507.5,7510.75
2026-07-02 12:48:00,7511.0,7512.75,7505.75,7507.5
2026-07-02 12:51:00,7507.5,7513.5,7507.0,7508.25
2026-07-02 12:54:00,7508.25,7511.25,7499.25,7500.25
2026-07-02 12:57:00,7500.0,7502.5,7498.0,7501.5
2026-07-02 13:00:00,7501.5,7503.0,7494.25,7495.25
2026-07-02 13:03:00,7495.0,7495.25,7483.25,7489.75
2026-07-02 13:06:00,7489.75,7499.5,7488.75,7496.5
2026-07-02 13:09:00,7496.5,7497.75,7492.25,7495.25
2026-07-02 13:12:00,7495.25,7499.25,7493.25,7497.5
2026-07-02 13:15:00,7497.25,7501.75,7495.25,7497.5
2026-07-02 13:18:00,7497.5,7500.25,7492.5,7493.75
2026-07-02 13:21:00,7493.75,7499.0,7493.75,7494.5
2026-07-02 13:24:00,7494.5,7495.75,7491.25,7491.75
2026-07-02 13:27:00,7491.75,7496.25,7491.75,7495.0
2026-07-02 13:30:00,7495.0,7498.75,7494.5,7498.25
2026-07-02 13:33:00,7498.25,7500.75,7491.5,7493.25
2026-07-02 13:36:00,7493.25,7493.75,7487.25,7488.5
2026-07-02 13:39:00,7488.25,7491.25,7483.5,7490.25
2026-07-02 13:42:00,7490.25,7491.75,7488.0,7490.75
2026-07-02 13:45:00,7490.75,7491.0,7482.75,7483.0
2026-07-02 13:48:00,7483.0,7487.0,7481.5,7485.0
2026-07-02 13:51:00,7485.25,7488.25,7483.5,7487.0
2026-07-02 13:54:00,7487.25,7490.5,7483.75,7485.5
2026-07-02 13:57:00,7485.5,7486.5,7479.5,7482.0
2026-07-02 14:00:00,7482.25,7486.75,7480.0,7485.25
2026-07-02 14:03:00,7485.0,7495.25,7483.75,7494.5
2026-07-02 14:06:00,7494.5,7502.25,7494.25,7501.5
2026-07-02 14:09:00,7501.5,7508.75,7500.75,7504.5
2026-07-02 14:12:00,7504.5,7506.0,7501.0,7501.75
2026-07-02 14:15:00,7501.75,7503.5,7495.0,7495.5
2026-07-02 14:18:00,7495.25,7500.5,7493.5,7499.75
2026-07-02 14:21:00,7499.75,7502.75,7499.0,7500.25
2026-07-02 14:24:00,7500.25,7504.5,7499.25,7503.25
2026-07-02 14:27:00,7503.25,7506.75,7502.0,7506.5
2026-07-02 14:30:00,7506.5,7512.25,7505.75,7511.5
2026-07-02 14:33:00,7511.5,7512.75,7507.5,7509.25
2026-07-02 14:36:00,7509.5,7512.5,7508.0,7510.0
2026-07-02 14:39:00,7510.25,7512.25,7508.75,7510.0
2026-07-02 14:42:00,7510.25,7513.0,7509.75,7510.5
2026-07-02 14:45:00,7510.25,7510.5,7505.0,7509.0
2026-07-02 14:48:00,7509.0,7512.5,7508.0,7511.25
2026-07-02 14:51:00,7511.5,7514.75,7510.0,7510.5
2026-07-02 14:54:00,7510.75,7510.75,7505.25,7506.0
2026-07-02 14:57:00,7506.25,7510.25,7505.5,7509.0
2026-07-02 15:00:00,7509.25,7510.75,7502.75,7505.0
2026-07-02 15:03:00,7505.25,7506.25,7492.75,7493.75
2026-07-02 15:06:00,7493.75,7500.25,7491.75,7498.0
2026-07-02 15:09:00,7498.0,7500.0,7494.25,7498.25
2026-07-02 15:12:00,7498.0,7501.75,7496.75,7499.5
2026-07-02 15:15:00,7499.75,7501.0,7495.25,7496.25
2026-07-02 15:18:00,7496.0,7499.5,7494.25,7495.75
2026-07-02 15:21:00,7495.75,7496.5,7494.25,7495.5
2026-07-02 15:24:00,7495.5,7496.75,7493.5,7496.25
2026-07-02 15:27:00,7496.5,7505.5,7496.0,7502.5
2026-07-02 15:30:00,7502.5,7506.5,7500.5,7504.75
2026-07-02 15:33:00,7504.75,7510.5,7504.75,7509.75
2026-07-02 15:36:00,7509.75,7510.75,7504.75,7509.5
2026-07-02 15:39:00,7509.25,7510.75,7507.75,7509.0
2026-07-02 15:42:00,7509.0,7513.0,7507.0,7511.75
2026-07-02 15:45:00,7511.75,7513.0,7509.5,7510.5
2026-07-02 15:48:00,7510.25,7520.0,7508.75,7518.0
2026-07-02 15:51:00,7518.0,7521.5,7516.25,7519.75
2026-07-02 15:54:00,7519.75,7527.0,7519.25,7526.0
2026-07-02 15:57:00,7526.0,7534.0,7525.25,7526.25
2026-07-02 16:00:00,7526.25,7527.25,7520.5,7521.75
2026-07-02 16:03:00,7521.75,7522.75,7517.75,7520.75
2026-07-02 16:06:00,7521.0,7522.25,7520.0,7520.5
2026-07-02 16:09:00,7520.5,7523.5,7520.0,7521.75
2026-07-02 16:12:00,7521.75,7525.5,7521.5,7524.25
2026-07-02 16:15:00,7524.25,7525.25,7522.75,7523.0
2026-07-02 16:18:00,7523.0,7524.25,7522.25,7522.5
2026-07-02 16:21:00,7522.25,7522.25,7520.5,7521.25
2026-07-02 16:24:00,7521.25,7523.25,7520.0,7521.5
2026-07-02 16:27:00,7521.25,7521.5,7520.25,7520.75
2026-07-02 16:30:00,7521.25,7522.75,7520.5,7521.0
2026-07-02 16:33:00,7521.25,7524.75,7520.0,7523.75
2026-07-02 16:36:00,7523.5,7524.0,7521.5,7521.75
2026-07-02 16:39:00,7521.75,7522.5,7521.25,7521.5
2026-07-02 16:42:00,7521.75,7522.0,7519.25,7519.5
2026-07-02 16:45:00,7519.75,7521.25,7519.25,7521.0
2026-07-02 16:48:00,7521.0,7522.25,7519.5,7522.0
2026-07-02 16:51:00,7522.0,7522.25,7521.0,7521.0
2026-07-02 16:54:00,7521.0,7521.75,7520.5,7521.25
2026-07-02 16:57:00,7521.25,7524.5,7520.75,7523.0
2026-07-02 17:00:00,7528.25,7528.25,7528.25,7528.25
2026-07-02 18:00:00,7523.75,7528.5,7523.75,7527.0
2026-07-02 18:03:00,7526.75,7528.5,7524.25,7527.0
2026-07-02 18:06:00,7527.0,7529.0,7526.75,7528.75
2026-07-02 18:09:00,7528.75,7529.25,7528.25,7528.5
2026-07-02 18:12:00,7528.5,7528.5,7527.5,7528.5
2026-07-02 18:15:00,7528.75,7530.75,7528.5,7530.25
2026-07-02 18:18:00,7530.5,7530.5,7529.5,7530.0
2026-07-02 18:21:00,7530.0,7531.0,7529.25,7530.75
2026-07-02 18:24:00,7531.0,7531.5,7529.5,7530.25
2026-07-02 18:27:00,7530.25,7531.25,7528.5,7529.0
2026-07-02 18:30:00,7529.0,7529.0,7527.25,7528.5
2026-07-02 18:33:00,7528.5,7531.5,7528.25,7531.25
2026-07-02 18:36:00,7531.25,7533.75,7531.25,7533.75
2026-07-02 18:39:00,7533.75,7534.75,7533.25,7534.75
2026-07-02 18:42:00,7534.5,7535.5,7533.75,7535.0
2026-07-02 18:45:00,7535.25,7535.5,7534.0,7534.25
2026-07-02 18:48:00,7534.25,7534.5,7533.25,7533.75
2026-07-02 18:51:00,7533.25,7533.5,7532.75,7533.0
2026-07-02 18:54:00,7533.0,7535.5,7533.0,7534.75
2026-07-02 18:57:00,7534.5,7536.0,7534.5,7535.5
2026-07-02 19:00:00,7535.25,7536.0,7534.5,7534.5
2026-07-02 19:03:00,7534.75,7534.75,7533.5,7534.0
2026-07-02 19:06:00,7534.0,7534.25,7531.75,7533.5
2026-07-02 19:09:00,7533.25,7533.5,7531.5,7531.5
2026-07-02 19:12:00,7531.5,7532.0,7529.25,7529.75
2026-07-02 19:15:00,7529.75,7532.5,7529.5,7531.25
2026-07-02 19:18:00,7531.5,7531.75,7529.75,7531.25
2026-07-02 19:21:00,7531.25,7535.0,7531.0,7534.0
2026-07-02 19:24:00,7534.0,7537.0,7534.0,7536.5
2026-07-02 19:27:00,7536.25,7536.75,7535.5,7536.0
2026-07-02 19:30:00,7536.25,7536.75,7534.5,7536.75
2026-07-02 19:33:00,7536.5,7537.75,7536.0,7537.0
2026-07-02 19:36:00,7537.0,7537.5,7536.25,7536.5
2026-07-02 19:39:00,7536.5,7536.5,7533.5,7534.0
2026-07-02 19:42:00,7534.0,7534.75,7533.25,7533.25
2026-07-02 19:45:00,7533.5,7537.25,7532.75,7536.0
2026-07-02 19:48:00,7535.75,7537.0,7534.75,7536.5
2026-07-02 19:51:00,7536.75,7537.25,7535.5,7535.75
2026-07-02 19:54:00,7535.75,7536.75,7533.75,7535.5
2026-07-02 19:57:00,7535.75,7536.5,7535.0,7536.25
2026-07-02 20:00:00,7536.0,7540.25,7530.75,7532.5
2026-07-02 20:03:00,7532.25,7535.25,7531.75,7534.75
2026-07-02 20:06:00,7534.25,7535.75,7530.25,7531.0
2026-07-02 20:09:00,7531.25,7531.25,7527.25,7530.0
2026-07-02 20:12:00,7530.5,7537.5,7529.75,7537.0
2026-07-02 20:15:00,7536.75,7537.75,7532.5,7533.25
2026-07-02 20:18:00,7533.5,7535.5,7531.75,7534.75
2026-07-02 20:21:00,7535.0,7536.75,7532.25,7532.75
2026-07-02 20:24:00,7533.25,7535.0,7530.75,7532.0
2026-07-02 20:27:00,7532.0,7533.25,7530.0,7531.25
2026-07-02 20:30:00,7531.0,7531.25,7527.5,7530.0
2026-07-02 20:33:00,7530.0,7531.5,7528.0,7531.25
2026-07-02 20:36:00,7531.5,7537.0,7530.75,7533.5
2026-07-02 20:39:00,7533.5,7534.5,7532.25,7533.5
2026-07-02 20:42:00,7533.25,7534.0,7529.75,7531.25
2026-07-02 20:45:00,7531.25,7532.75,7529.0,7532.0
2026-07-02 20:48:00,7532.25,7533.0,7530.75,7532.0
2026-07-02 20:51:00,7532.0,7533.25,7528.5,7529.0
2026-07-02 20:54:00,7529.5,7531.5,7529.0,7530.75
2026-07-02 20:57:00,7530.75,7531.0,7527.75,7529.75
2026-07-02 21:00:00,7530.25,7535.0,7529.5,7534.75
2026-07-02 21:03:00,7535.0,7546.75,7534.25,7546.5
2026-07-02 21:06:00,7546.75,7549.25,7544.75,7548.25
2026-07-02 21:09:00,7548.0,7550.25,7546.0,7547.5
2026-07-02 21:12:00,7547.25,7548.5,7545.0,7547.5
2026-07-02 21:15:00,7547.5,7548.75,7544.75,7545.75
2026-07-02 21:18:00,7546.0,7549.25,7545.25,7548.0
2026-07-02 21:21:00,7547.75,7549.5,7547.75,7548.25
2026-07-02 21:24:00,7548.25,7550.0,7547.75,7548.5
2026-07-02 21:27:00,7548.25,7549.75,7547.5,7547.75
2026-07-02 21:30:00,7547.75,7550.0,7546.0,7549.25
2026-07-02 21:33:00,7548.75,7550.75,7547.75,7548.5
2026-07-02 21:36:00,7548.75,7549.0,7547.0,7547.75
2026-07-02 21:39:00,7547.75,7550.75,7547.75,7549.75
2026-07-02 21:42:00,7549.75,7550.0,7548.5,7550.0
2026-07-02 21:45:00,7550.0,7550.0,7548.0,7549.0
2026-07-02 21:48:00,7549.25,7550.5,7549.0,7550.0
2026-07-02 21:51:00,7550.0,7550.25,7547.75,7549.75
2026-07-02 21:54:00,7550.0,7550.75,7549.25,7550.25
2026-07-02 21:57:00,7550.25,7550.75,7548.75,7549.25
2026-07-02 22:00:00,7549.5,7550.5,7548.75,7550.5
2026-07-02 22:03:00,7550.75,7552.25,7549.75,7550.75
2026-07-02 22:06:00,7550.75,7552.0,7550.75,7551.75
2026-07-02 22:09:00,7552.0,7553.0,7549.5,7550.0
2026-07-02 22:12:00,7549.75,7550.25,7549.0,7549.0
2026-07-02 22:15:00,7549.25,7551.5,7548.75,7551.5
2026-07-02 22:18:00,7551.25,7551.25,7549.0,7551.25
2026-07-02 22:21:00,7551.0,7551.5,7550.5,7551.25
2026-07-02 22:24:00,7551.25,7552.5,7550.75,7551.75
2026-07-02 22:27:00,7551.5,7552.75,7551.0,7552.5
2026-07-02 22:30:00,7552.25,7552.75,7550.75,7551.25
2026-07-02 22:33:00,7551.5,7552.25,7549.0,7549.0
2026-07-02 22:36:00,7549.0,7550.5,7549.0,7550.5
2026-07-02 22:39:00,7550.5,7551.25,7549.25,7550.25
2026-07-02 22:42:00,7550.0,7550.25,7548.25,7550.0
2026-07-02 22:45:00,7550.0,7552.0,7550.0,7552.0
2026-07-02 22:48:00,7552.0,7552.5,7551.0,7551.0
2026-07-02 22:51:00,7551.0,7552.5,7551.0,7552.25
2026-07-02 22:54:00,7552.25,7552.25,7551.0,7552.25
2026-07-02 22:57:00,7552.0,7553.25,7551.75,7552.75
2026-07-02 23:00:00,7552.5,7552.5,7551.0,7551.75
2026-07-02 23:03:00,7552.0,7552.25,7550.75,7552.0
2026-07-02 23:06:00,7552.0,7552.75,7550.25,7550.5
2026-07-02 23:09:00,7550.5,7551.0,7549.75,7550.0
2026-07-02 23:12:00,7550.0,7551.75,7549.75,7551.75
2026-07-02 23:15:00,7551.75,7552.5,7551.25,7552.25
2026-07-02 23:18:00,7552.25,7552.75,7551.5,7552.5
2026-07-02 23:21:00,7552.75,7553.0,7552.25,7552.5
2026-07-02 23:24:00,7552.25,7552.25,7551.25,7552.25
2026-07-02 23:27:00,7552.25,7554.0,7552.25,7554.0
2026-07-02 23:30:00,7554.25,7555.25,7552.75,7553.25
2026-07-02 23:33:00,7553.25,7553.75,7551.75,7551.75
2026-07-02 23:36:00,7551.75,7552.0,7550.0,7551.0
2026-07-02 23:39:00,7550.75,7550.75,7549.0,7549.25
2026-07-02 23:42:00,7549.5,7550.0,7548.25,7548.5
2026-07-02 23:45:00,7548.5,7551.25,7548.0,7551.25
2026-07-02 23:48:00,7551.5,7552.25,7550.75,7551.25
2026-07-02 23:51:00,7551.5,7552.5,7551.25,7551.75
2026-07-02 23:54:00,7552.0,7553.5,7551.5,7553.0
2026-07-02 23:57:00,7553.25,7554.25,7553.0,7554.0
2026-07-05 18:00:00,7562.25,7568.75,7557.25,7559.0
2026-07-05 18:03:00,7559.0,7560.25,7551.5,7556.5
2026-07-05 18:06:00,7556.75,7558.0,7552.0,7554.5
2026-07-05 18:09:00,7554.5,7556.25,7553.75,7555.25
2026-07-05 18:12:00,7555.5,7557.25,7554.0,7557.25
2026-07-05 18:15:00,7557.5,7559.5,7556.0,7559.0
2026-07-05 18:18:00,7558.75,7562.0,7557.0,7560.5
2026-07-05 18:21:00,7560.25,7561.0,7558.75,7560.25
2026-07-05 18:24:00,7560.25,7562.5,7559.25,7559.25
2026-07-05 18:27:00,7559.5,7562.25,7559.5,7561.5
2026-07-05 18:30:00,7561.5,7564.25,7561.5,7564.0
2026-07-05 18:33:00,7564.0,7565.0,7563.5,7564.0
2026-07-05 18:36:00,7564.25,7566.0,7563.75,7566.0
2026-07-05 18:39:00,7565.75,7566.0,7564.25,7565.0
2026-07-05 18:42:00,7565.0,7565.75,7563.75,7565.5
2026-07-05 18:45:00,7565.5,7567.25,7565.25,7566.5
2026-07-05 18:48:00,7566.75,7567.75,7566.25,7566.5
2026-07-05 18:51:00,7566.25,7566.5,7563.5,7564.0
2026-07-05 18:54:00,7564.0,7564.5,7562.5,7562.75
2026-07-05 18:57:00,7562.75,7563.0,7562.0,7563.0
2026-07-05 19:00:00,7562.75,7563.5,7560.75,7563.25
2026-07-05 19:03:00,7563.25,7564.25,7562.25,7564.25
2026-07-05 19:06:00,7563.75,7564.0,7563.25,7564.0
2026-07-05 19:09:00,7564.0,7565.0,7562.25,7563.25
2026-07-05 19:12:00,7563.5,7568.75,7563.5,7568.0
2026-07-05 19:15:00,7568.0,7569.0,7567.75,7567.75
2026-07-05 19:18:00,7567.75,7568.25,7567.0,7567.25
2026-07-05 19:21:00,7567.5,7567.75,7566.5,7566.5
2026-07-05 19:24:00,7566.25,7566.5,7564.75,7565.25
2026-07-05 19:27:00,7565.25,7566.25,7565.25,7565.25
2026-07-05 19:30:00,7565.25,7568.75,7564.75,7568.0
2026-07-05 19:33:00,7568.25,7568.25,7567.0,7567.0
2026-07-05 19:36:00,7567.0,7567.0,7565.25,7565.75
2026-07-05 19:39:00,7566.0,7566.5,7564.25,7566.25
2026-07-05 19:42:00,7566.25,7566.25,7565.25,7565.5
2026-07-05 19:45:00,7565.25,7567.5,7564.0,7565.5
2026-07-05 19:48:00,7565.75,7569.0,7565.75,7568.5
2026-07-05 19:51:00,7568.25,7569.75,7567.5,7568.5
2026-07-05 19:54:00,7568.25,7569.75,7566.75,7569.5
2026-07-05 19:57:00,7569.5,7570.75,7569.0,7569.75
2026-07-05 20:00:00,7570.0,7570.5,7559.75,7562.75
2026-07-05 20:03:00,7562.5,7567.5,7562.25,7565.0
2026-07-05 20:06:00,7565.25,7568.5,7564.25,7568.0
2026-07-05 20:09:00,7567.75,7570.0,7566.0,7568.0
2026-07-05 20:12:00,7568.0,7570.0,7566.5,7570.0
2026-07-05 20:15:00,7569.75,7574.25,7569.5,7571.0
2026-07-05 20:18:00,7571.0,7571.75,7568.25,7569.5
2026-07-05 20:21:00,7569.5,7569.5,7565.75,7566.75
2026-07-05 20:24:00,7566.75,7567.75,7563.25,7563.25
2026-07-05 20:27:00,7563.0,7564.0,7559.5,7560.0
2026-07-05 20:30:00,7559.75,7564.5,7557.25,7561.5
2026-07-05 20:33:00,7561.0,7563.5,7560.5,7561.0
2026-07-05 20:36:00,7561.25,7565.25,7560.75,7565.0
2026-07-05 20:39:00,7564.75,7567.0,7564.25,7566.75
2026-07-05 20:42:00,7566.75,7567.5,7565.75,7566.25
2026-07-05 20:45:00,7566.25,7570.5,7566.25,7569.0
2026-07-05 20:48:00,7569.25,7570.0,7565.75,7567.0
2026-07-05 20:51:00,7567.25,7569.5,7565.0,7567.5
2026-07-05 20:54:00,7567.5,7568.75,7566.25,7566.75
2026-07-05 20:57:00,7567.0,7567.25,7564.25,7566.0
2026-07-05 21:00:00,7565.5,7566.25,7563.25,7565.0
2026-07-05 21:03:00,7565.25,7565.75,7562.5,7563.0
2026-07-05 21:06:00,7563.0,7563.25,7560.75,7562.5
2026-07-05 21:09:00,7562.75,7563.25,7560.0,7560.5
2026-07-05 21:12:00,7560.5,7564.5,7560.25,7563.0
2026-07-05 21:15:00,7563.0,7563.25,7560.75,7562.25
2026-07-05 21:18:00,7562.25,7564.5,7561.75,7563.0
2026-07-05 21:21:00,7562.75,7563.0,7558.75,7559.25
2026-07-05 21:24:00,7559.5,7559.5,7554.5,7554.75
2026-07-05 21:27:00,7554.75,7556.5,7552.75,7556.25
2026-07-05 21:30:00,7556.5,7560.75,7556.25,7559.5
2026-07-05 21:33:00,7559.5,7560.25,7558.0,7558.25
2026-07-05 21:36:00,7558.25,7560.25,7557.75,7558.75
2026-07-05 21:39:00,7559.0,7561.5,7558.0,7561.0
2026-07-05 21:42:00,7560.75,7561.0,7557.25,7557.5
2026-07-05 21:45:00,7557.0,7557.0,7554.25,7555.5
2026-07-05 21:48:00,7555.5,7555.5,7550.5,7550.75
2026-07-05 21:51:00,7550.75,7553.25,7550.25,7550.75
2026-07-05 21:54:00,7550.75,7555.0,7549.75,7553.75
2026-07-05 21:57:00,7553.75,7554.0,7550.75,7553.5
2026-07-05 22:00:00,7553.5,7555.75,7552.25,7553.5
2026-07-05 22:03:00,7553.5,7555.75,7552.25,7554.0
2026-07-05 22:06:00,7554.0,7554.0,7551.5,7552.5
2026-07-05 22:09:00,7552.5,7552.5,7550.5,7551.0
2026-07-05 22:12:00,7551.0,7551.5,7548.25,7548.75
2026-07-05 22:15:00,7549.0,7550.25,7546.5,7548.75
2026-07-05 22:18:00,7548.75,7550.0,7547.0,7549.75
2026-07-05 22:21:00,7549.75,7550.75,7549.25,7550.0
2026-07-05 22:24:00,7550.0,7550.5,7548.25,7549.5
2026-07-05 22:27:00,7549.25,7550.0,7546.75,7547.0
2026-07-05 22:30:00,7547.25,7548.0,7544.75,7545.25
2026-07-05 22:33:00,7545.25,7546.0,7543.5,7544.25
2026-07-05 22:36:00,7544.0,7545.25,7543.25,7545.0
2026-07-05 22:39:00,7545.25,7546.0,7541.0,7542.75
2026-07-05 22:42:00,7542.75,7543.5,7541.0,7541.75
2026-07-05 22:45:00,7541.75,7544.25,7541.75,7542.5
2026-07-05 22:48:00,7542.5,7542.75,7541.25,7541.25
2026-07-05 22:51:00,7541.25,7543.25,7540.5,7542.25
2026-07-05 22:54:00,7542.5,7544.25,7541.75,7542.0
2026-07-05 22:57:00,7542.5,7545.25,7542.25,7544.25
2026-07-05 23:00:00,7544.25,7544.75,7542.25,7544.0
2026-07-05 23:03:00,7544.0,7545.5,7543.75,7544.75
2026-07-05 23:06:00,7544.75,7545.25,7544.0,7545.0
2026-07-05 23:09:00,7544.75,7547.0,7544.5,7546.25
2026-07-05 23:12:00,7546.25,7546.5,7541.5,7544.25
2026-07-05 23:15:00,7544.5,7546.0,7543.75,7545.0
2026-07-05 23:18:00,7545.0,7545.0,7543.0,7543.75
2026-07-05 23:21:00,7543.75,7544.25,7542.75,7543.5
2026-07-05 23:24:00,7543.5,7545.25,7543.25,7545.25
2026-07-05 23:27:00,7545.25,7546.0,7545.25,7546.0
2026-07-05 23:30:00,7546.0,7547.25,7543.75,7547.0
2026-07-05 23:33:00,7547.0,7548.0,7545.25,7547.5
2026-07-05 23:36:00,7547.5,7547.75,7545.75,7546.0
2026-07-05 23:39:00,7545.75,7546.25,7544.25,7544.25
2026-07-05 23:42:00,7544.0,7545.0,7541.75,7542.0
2026-07-05 23:45:00,7541.75,7543.0,7541.0,7542.0
2026-07-05 23:48:00,7542.0,7542.5,7539.25,7541.5
2026-07-05 23:51:00,7541.75,7541.75,7538.75,7540.75
2026-07-05 23:54:00,7540.75,7541.0,7538.25,7539.75
2026-07-05 23:57:00,7539.75,7543.0,7539.25,7542.25
2026-07-06 00:00:00,7542.0,7542.5,7539.75,7540.5
2026-07-06 00:03:00,7540.5,7544.0,7539.75,7542.75
2026-07-06 00:06:00,7543.0,7543.0,7541.5,7542.0
2026-07-06 00:09:00,7542.0,7545.0,7540.75,7544.75
2026-07-06 00:12:00,7544.75,7546.75,7544.5,7546.5
2026-07-06 00:15:00,7546.75,7547.5,7545.5,7545.75
2026-07-06 00:18:00,7545.75,7547.75,7545.75,7547.25
2026-07-06 00:21:00,7547.0,7547.75,7546.25,7547.0
2026-07-06 00:24:00,7547.0,7547.5,7546.5,7546.75
2026-07-06 00:27:00,7547.0,7548.5,7547.0,7547.75
2026-07-06 00:30:00,7547.75,7550.0,7547.5,7548.25
2026-07-06 00:33:00,7548.5,7549.25,7547.0,7548.25
2026-07-06 00:36:00,7548.0,7549.75,7547.5,7549.25
2026-07-06 00:39:00,7549.25,7549.75,7548.25,7549.25
2026-07-06 00:42:00,7549.25,7551.5,7549.25,7550.75
2026-07-06 00:45:00,7550.75,7551.25,7549.5,7549.75
2026-07-06 00:48:00,7549.75,7551.5,7549.5,7550.5
2026-07-06 00:51:00,7550.5,7551.0,7549.75,7550.25
2026-07-06 00:54:00,7550.25,7552.75,7549.75,7552.25
2026-07-06 00:57:00,7552.25,7552.5,7551.75,7552.25
2026-07-06 01:00:00,7552.5,7552.75,7550.25,7550.75
2026-07-06 01:03:00,7550.5,7551.5,7549.25,7551.0
2026-07-06 01:06:00,7551.0,7554.25,7550.75,7551.5
2026-07-06 01:09:00,7551.75,7554.0,7551.0,7553.75
2026-07-06 01:12:00,7553.5,7553.5,7552.0,7552.75
2026-07-06 01:15:00,7552.75,7554.25,7552.5,7553.5
2026-07-06 01:18:00,7553.75,7554.5,7552.5,7552.5
2026-07-06 01:21:00,7552.25,7552.5,7549.25,7550.5
2026-07-06 01:24:00,7550.5,7551.5,7549.25,7550.75
2026-07-06 01:27:00,7550.5,7551.25,7548.5,7548.75
2026-07-06 01:30:00,7549.0,7549.0,7545.75,7546.75
2026-07-06 01:33:00,7546.75,7547.0,7545.0,7546.75
2026-07-06 01:36:00,7546.75,7548.5,7546.5,7547.75
2026-07-06 01:39:00,7548.0,7550.5,7547.5,7550.0
2026-07-06 01:42:00,7550.0,7552.0,7549.75,7550.5
2026-07-06 01:45:00,7550.5,7550.75,7548.5,7548.5
2026-07-06 01:48:00,7548.75,7549.75,7548.25,7549.0
2026-07-06 01:51:00,7549.0,7551.25,7549.0,7551.0
2026-07-06 01:54:00,7551.0,7552.5,7550.75,7551.0
2026-07-06 01:57:00,7551.25,7551.25,7549.5,7550.0
2026-07-06 02:00:00,7550.0,7552.0,7550.0,7551.25
2026-07-06 02:03:00,7551.25,7551.75,7549.5,7550.25
2026-07-06 02:06:00,7550.5,7550.75,7549.25,7549.25
2026-07-06 02:09:00,7549.25,7549.75,7547.5,7547.5
2026-07-06 02:12:00,7547.25,7547.75,7546.25,7546.75
2026-07-06 02:15:00,7546.75,7548.75,7546.5,7548.25
2026-07-06 02:18:00,7548.25,7548.25,7546.75,7547.5
2026-07-06 02:21:00,7547.75,7548.75,7547.0,7548.5
2026-07-06 02:24:00,7547.75,7551.5,7547.75,7551.5
2026-07-06 02:27:00,7551.25,7552.0,7550.75,7551.0
2026-07-06 02:30:00,7550.75,7552.25,7550.25,7551.5
2026-07-06 02:33:00,7551.5,7554.0,7551.5,7554.0
2026-07-06 02:36:00,7554.0,7554.0,7553.0,7554.0
2026-07-06 02:39:00,7554.25,7555.75,7553.75,7555.0
2026-07-06 02:42:00,7554.75,7555.25,7554.25,7554.75
2026-07-06 02:45:00,7554.75,7554.75,7552.5,7553.25
2026-07-06 02:48:00,7553.5,7554.25,7553.25,7554.0
2026-07-06 02:51:00,7554.0,7555.0,7552.5,7552.75
2026-07-06 02:54:00,7552.75,7554.25,7552.75,7553.25
2026-07-06 02:57:00,7553.25,7554.75,7553.0,7554.5
2026-07-06 03:00:00,7554.25,7555.0,7552.5,7553.0
2026-07-06 03:03:00,7553.0,7557.75,7553.0,7556.75
2026-07-06 03:06:00,7557.0,7557.25,7555.25,7557.25
2026-07-06 03:09:00,7557.25,7557.5,7556.25,7557.25
2026-07-06 03:12:00,7557.5,7557.5,7555.25,7556.25
2026-07-06 03:15:00,7556.5,7557.75,7556.5,7557.5
2026-07-06 03:18:00,7557.5,7559.0,7556.75,7558.25
2026-07-06 03:21:00,7558.0,7558.0,7556.25,7556.5
2026-07-06 03:24:00,7556.75,7557.25,7555.75,7555.75
2026-07-06 03:27:00,7555.5,7556.5,7554.75,7555.25
2026-07-06 03:30:00,7555.5,7557.75,7554.75,7557.75
2026-07-06 03:33:00,7558.0,7558.75,7557.25,7558.25
2026-07-06 03:36:00,7558.25,7558.25,7556.5,7556.75
2026-07-06 03:39:00,7556.75,7559.25,7556.75,7559.0
2026-07-06 03:42:00,7559.0,7563.0,7559.0,7562.5
2026-07-06 03:45:00,7562.5,7562.5,7561.25,7561.75
2026-07-06 03:48:00,7561.75,7562.75,7561.5,7562.25
2026-07-06 03:51:00,7562.25,7562.5,7561.5,7562.0
2026-07-06 03:54:00,7562.0,7562.75,7561.5,7562.5
2026-07-06 03:57:00,7562.25,7563.5,7561.75,7563.0
2026-07-06 04:00:00,7563.0,7566.0,7562.0,7564.5
2026-07-06 04:03:00,7564.25,7565.0,7563.25,7564.75
2026-07-06 04:06:00,7564.75,7565.75,7564.25,7565.25
2026-07-06 04:09:00,7565.5,7566.75,7562.0,7562.0
2026-07-06 04:12:00,7561.75,7562.0,7558.75,7560.5
2026-07-06 04:15:00,7560.5,7560.75,7556.25,7558.5
2026-07-06 04:18:00,7558.5,7561.25,7558.25,7561.25
2026-07-06 04:21:00,7561.25,7561.75,7560.0,7560.5
2026-07-06 04:24:00,7560.5,7562.75,7560.5,7562.0
2026-07-06 04:27:00,7562.0,7562.25,7561.0,7562.25
2026-07-06 04:30:00,7562.0,7562.25,7560.25,7560.75
2026-07-06 04:33:00,7560.75,7561.75,7559.0,7559.75
2026-07-06 04:36:00,7559.5,7559.75,7558.0,7558.75
2026-07-06 04:39:00,7558.75,7562.25,7558.75,7561.5
2026-07-06 04:42:00,7561.5,7562.5,7561.25,7561.25
2026-07-06 04:45:00,7561.75,7561.75,7559.75,7560.25
2026-07-06 04:48:00,7560.25,7561.75,7560.25,7561.0
2026-07-06 04:51:00,7561.0,7562.0,7560.5,7561.5
2026-07-06 04:54:00,7561.5,7562.5,7560.75,7561.5
2026-07-06 04:57:00,7561.5,7563.5,7561.25,7562.75
2026-07-06 05:00:00,7562.75,7563.0,7561.0,7561.75
2026-07-06 05:03:00,7561.75,7562.0,7560.5,7561.0
2026-07-06 05:06:00,7561.5,7563.0,7560.75,7561.25
2026-07-06 05:09:00,7561.25,7561.5,7559.5,7560.0
2026-07-06 05:12:00,7560.0,7560.5,7558.75,7560.0
2026-07-06 05:15:00,7560.0,7561.25,7559.75,7561.0
2026-07-06 05:18:00,7561.0,7561.5,7559.0,7559.25
2026-07-06 05:21:00,7559.25,7561.75,7559.0,7561.5
2026-07-06 05:24:00,7561.5,7562.75,7560.75,7561.5
2026-07-06 05:27:00,7561.5,7562.25,7561.0,7562.25
2026-07-06 05:30:00,7562.25,7562.5,7559.5,7559.5
2026-07-06 05:33:00,7559.75,7561.75,7559.0,7561.25
2026-07-06 05:36:00,7561.5,7562.25,7561.5,7562.0
2026-07-06 05:39:00,7562.0,7562.25,7561.25,7561.5
2026-07-06 05:42:00,7561.5,7562.0,7560.25,7560.25
2026-07-06 05:45:00,7560.25,7560.25,7558.75,7559.0
2026-07-06 05:48:00,7559.0,7560.25,7557.25,7559.75
2026-07-06 05:51:00,7560.0,7564.5,7560.0,7564.25
2026-07-06 05:54:00,7564.5,7565.25,7564.25,7564.5
2026-07-06 05:57:00,7564.5,7565.5,7563.75,7565.0
2026-07-06 06:00:00,7565.0,7566.5,7562.5,7562.5
2026-07-06 06:03:00,7562.75,7563.5,7561.5,7562.0
2026-07-06 06:06:00,7562.0,7562.25,7560.5,7560.75
2026-07-06 06:09:00,7560.75,7563.0,7560.5,7562.5
2026-07-06 06:12:00,7562.5,7564.75,7562.5,7564.75
2026-07-06 06:15:00,7564.75,7565.0,7564.25,7564.5
2026-07-06 06:18:00,7564.75,7566.0,7564.75,7565.25
2026-07-06 06:21:00,7565.0,7565.5,7564.0,7564.0
2026-07-06 06:24:00,7564.0,7564.25,7563.0,7563.25
2026-07-06 06:27:00,7563.25,7563.25,7562.25,7562.75
2026-07-06 06:30:00,7562.75,7563.5,7562.5,7563.0
2026-07-06 06:33:00,7563.25,7565.25,7563.25,7564.0
2026-07-06 06:36:00,7564.25,7565.75,7564.0,7565.0
2026-07-06 06:39:00,7564.75,7565.0,7564.0,7564.0
2026-07-06 06:42:00,7564.0,7564.0,7560.75,7560.75
2026-07-06 06:45:00,7560.75,7561.5,7559.25,7561.25
2026-07-06 06:48:00,7561.25,7561.75,7560.5,7561.5
2026-07-06 06:51:00,7561.5,7562.0,7560.75,7561.0
2026-07-06 06:54:00,7561.0,7562.5,7561.0,7562.0
2026-07-06 06:57:00,7562.0,7563.0,7561.5,7563.0
2026-07-06 07:00:00,7563.0,7565.25,7560.5,7560.75
2026-07-06 07:03:00,7560.5,7561.25,7559.0,7559.25
2026-07-06 07:06:00,7559.25,7559.5,7558.25,7559.5
2026-07-06 07:09:00,7559.75,7560.75,7558.5,7559.25
2026-07-06 07:12:00,7559.25,7560.25,7558.75,7560.0
2026-07-06 07:15:00,7560.25,7560.75,7559.5,7560.75
2026-07-06 07:18:00,7560.75,7561.25,7559.25,7561.25
2026-07-06 07:21:00,7561.0,7562.5,7561.0,7562.25
2026-07-06 07:24:00,7562.5,7563.0,7560.0,7562.0
2026-07-06 07:27:00,7561.75,7561.75,7559.75,7560.0
2026-07-06 07:30:00,7560.0,7562.0,7559.5,7561.75
2026-07-06 07:33:00,7561.75,7562.5,7560.75,7562.0
2026-07-06 07:36:00,7561.75,7561.75,7560.25,7560.5
2026-07-06 07:39:00,7560.5,7561.0,7560.25,7560.5
2026-07-06 07:42:00,7560.5,7561.25,7559.5,7561.0
2026-07-06 07:45:00,7561.0,7563.0,7560.75,7562.75
2026-07-06 07:48:00,7562.75,7562.75,7560.25,7560.5
2026-07-06 07:51:00,7560.5,7560.75,7558.5,7558.75
2026-07-06 07:54:00,7558.5,7560.75,7557.5,7559.25
2026-07-06 07:57:00,7559.25,7559.25,7556.25,7556.5
2026-07-06 08:00:00,7556.5,7559.25,7555.5,7557.75
2026-07-06 08:03:00,7557.75,7563.25,7557.25,7560.5
2026-07-06 08:06:00,7560.5,7563.25,7560.5,7561.75
2026-07-06 08:09:00,7561.5,7563.25,7561.5,7562.5
2026-07-06 08:12:00,7562.5,7562.75,7561.5,7562.5
2026-07-06 08:15:00,7562.75,7563.75,7562.25,7563.0
2026-07-06 08:18:00,7563.25,7564.5,7561.75,7562.0
2026-07-06 08:21:00,7562.0,7562.5,7557.75,7558.25
2026-07-06 08:24:00,7558.25,7558.25,7556.0,7557.5
2026-07-06 08:27:00,7557.5,7558.5,7556.5,7558.25
2026-07-06 08:30:00,7558.5,7559.75,7557.75,7558.75
2026-07-06 08:33:00,7558.75,7559.0,7556.5,7558.25
2026-07-06 08:36:00,7558.25,7563.5,7558.0,7562.75
2026-07-06 08:39:00,7562.75,7562.75,7559.25,7559.75
2026-07-06 08:42:00,7559.75,7561.75,7558.25,7559.0
2026-07-06 08:45:00,7559.0,7560.5,7559.0,7559.75
2026-07-06 08:48:00,7560.0,7560.5,7559.25,7560.5
2026-07-06 08:51:00,7560.5,7562.25,7560.0,7561.75
2026-07-06 08:54:00,7561.5,7562.75,7561.25,7561.25
2026-07-06 08:57:00,7561.0,7562.75,7561.0,7562.75
2026-07-06 09:00:00,7562.75,7563.5,7557.0,7557.25
2026-07-06 09:03:00,7557.25,7558.25,7556.5,7557.5
2026-07-06 09:06:00,7557.5,7558.25,7556.5,7557.25
2026-07-06 09:09:00,7557.25,7557.75,7556.5,7557.0
2026-07-06 09:12:00,7557.0,7558.25,7555.0,7555.25
2026-07-06 09:15:00,7555.5,7556.25,7553.75,7554.0
2026-07-06 09:18:00,7554.0,7555.5,7552.5,7553.0
2026-07-06 09:21:00,7553.25,7555.5,7551.75,7554.5
2026-07-06 09:24:00,7554.5,7556.0,7553.0,7555.75
2026-07-06 09:27:00,7555.75,7564.75,7555.25,7564.75
2026-07-06 09:30:00,7564.75,7573.0,7559.25,7568.75
2026-07-06 09:33:00,7568.5,7571.25,7562.75,7564.5
2026-07-06 09:36:00,7564.5,7565.5,7552.5,7555.75
2026-07-06 09:39:00,7556.0,7563.5,7555.0,7560.25
2026-07-06 09:42:00,7560.0,7565.75,7555.5,7565.0
2026-07-06 09:45:00,7565.0,7569.75,7561.5,7565.25
2026-07-06 09:48:00,7565.75,7570.5,7564.75,7570.25
2026-07-06 09:51:00,7570.25,7574.0,7560.75,7567.75
2026-07-06 09:54:00,7567.5,7570.5,7563.75,7567.25
2026-07-06 09:57:00,7567.25,7568.25,7561.75,7564.0
2026-07-06 10:00:00,7564.25,7568.75,7558.5,7566.0
2026-07-06 10:03:00,7565.75,7568.25,7559.25,7559.75
2026-07-06 10:06:00,7559.75,7568.5,7559.0,7565.25
2026-07-06 10:09:00,7565.25,7569.25,7564.75,7567.0
2026-07-06 10:12:00,7567.25,7573.5,7565.25,7573.0
2026-07-06 10:15:00,7572.75,7573.5,7568.5,7573.25
2026-07-06 10:18:00,7573.0,7573.75,7568.5,7571.0
2026-07-06 10:21:00,7570.75,7577.0,7569.25,7576.75
2026-07-06 10:24:00,7576.75,7579.0,7574.25,7577.75
2026-07-06 10:27:00,7577.75,7579.0,7574.75,7578.75
2026-07-06 10:30:00,7578.5,7581.0,7576.5,7580.25
2026-07-06 10:33:00,7580.0,7581.0,7574.75,7577.25
2026-07-06 10:36:00,7577.25,7577.75,7573.75,7575.0
2026-07-06 10:39:00,7575.0,7576.5,7571.5,7573.25
2026-07-06 10:42:00,7573.25,7577.0,7570.0,7576.0
2026-07-06 10:45:00,7575.75,7577.75,7574.5,7576.0
2026-07-06 10:48:00,7575.75,7579.0,7574.0,7578.5
2026-07-06 10:51:00,7578.5,7580.0,7575.0,7579.5
2026-07-06 10:54:00,7579.5,7579.75,7576.25,7577.5
2026-07-06 10:57:00,7577.5,7582.25,7576.5,7582.0
2026-07-06 11:00:00,7582.25,7583.5,7579.0,7581.0
2026-07-06 11:03:00,7581.25,7582.5,7579.5,7582.0
2026-07-06 11:06:00,7582.0,7582.5,7579.25,7580.75
2026-07-06 11:09:00,7580.75,7583.5,7580.0,7581.5
2026-07-06 11:12:00,7581.5,7582.75,7577.5,7580.5
2026-07-06 11:15:00,7580.75,7580.75,7575.25,7577.75
2026-07-06 11:18:00,7577.5,7580.0,7575.5,7578.25
2026-07-06 11:21:00,7578.0,7581.25,7576.5,7580.25
2026-07-06 11:24:00,7580.5,7585.25,7580.0,7584.75
2026-07-06 11:27:00,7584.75,7587.25,7583.5,7587.0
2026-07-06 11:30:00,7587.0,7589.0,7585.25,7587.0
2026-07-06 11:33:00,7587.0,7587.0,7583.5,7584.0
2026-07-06 11:36:00,7584.0,7586.25,7582.75,7586.0
2026-07-06 11:39:00,7586.0,7586.75,7584.5,7586.5
2026-07-06 11:42:00,7586.5,7587.5,7586.0,7587.5
2026-07-06 11:45:00,7587.5,7588.75,7586.5,7586.75
2026-07-06 11:48:00,7586.75,7588.75,7585.75,7588.5
2026-07-06 11:51:00,7588.5,7589.0,7585.25,7586.0
2026-07-06 11:54:00,7586.25,7588.25,7585.5,7588.0
2026-07-06 11:57:00,7587.75,7588.75,7586.5,7587.5
2026-07-06 12:00:00,7587.5,7588.0,7585.5,7586.0
2026-07-06 12:03:00,7586.0,7588.25,7585.75,7588.25
2026-07-06 12:06:00,7588.25,7588.75,7587.0,7588.25
2026-07-06 12:09:00,7588.25,7590.25,7588.25,7589.5
2026-07-06 12:12:00,7589.5,7589.75,7587.5,7588.75
2026-07-06 12:15:00,7588.75,7589.75,7587.5,7588.25
2026-07-06 12:18:00,7588.0,7590.5,7587.75,7589.0
2026-07-06 12:21:00,7589.0,7589.25,7587.5,7588.25
2026-07-06 12:24:00,7588.25,7588.5,7586.5,7587.0
2026-07-06 12:27:00,7586.75,7587.0,7584.75,7585.5
2026-07-06 12:30:00,7585.75,7586.5,7583.75,7585.25
2026-07-06 12:33:00,7585.25,7586.75,7583.75,7584.5
2026-07-06 12:36:00,7584.25,7585.75,7583.0,7583.75
2026-07-06 12:39:00,7583.75,7586.75,7583.5,7585.75
2026-07-06 12:42:00,7585.75,7586.75,7585.25,7586.5
2026-07-06 12:45:00,7586.25,7589.75,7584.75,7589.25
2026-07-06 12:48:00,7589.0,7590.25,7588.25,7589.5
2026-07-06 12:51:00,7589.5,7589.75,7586.5,7587.0
2026-07-06 12:54:00,7587.0,7587.25,7584.0,7585.75
2026-07-06 12:57:00,7585.75,7586.5,7582.75,7583.75
2026-07-06 13:00:00,7583.75,7586.5,7583.25,7585.5
2026-07-06 13:03:00,7585.5,7592.0,7585.25,7591.75
2026-07-06 13:06:00,7591.75,7594.75,7591.75,7593.75
2026-07-06 13:09:00,7593.75,7594.25,7591.75,7593.0
2026-07-06 13:12:00,7593.25,7594.25,7591.25,7592.75
2026-07-06 13:15:00,7592.75,7593.75,7590.5,7590.75
2026-07-06 13:18:00,7590.5,7590.75,7588.75,7588.75
2026-07-06 13:21:00,7588.75,7590.0,7587.25,7589.0
2026-07-06 13:24:00,7589.0,7590.25,7587.75,7589.5
2026-07-06 13:27:00,7589.5,7589.75,7585.25,7586.0
2026-07-06 13:30:00,7586.0,7586.75,7583.75,7584.0
2026-07-06 13:33:00,7584.25,7584.75,7580.75,7583.5
2026-07-06 13:36:00,7583.5,7583.5,7580.75,7583.0
2026-07-06 13:39:00,7583.25,7583.25,7579.75,7580.5
2026-07-06 13:42:00,7580.25,7581.0,7575.25,7579.5
2026-07-06 13:45:00,7579.5,7583.0,7577.25,7582.5
2026-07-06 13:48:00,7582.25,7584.25,7580.5,7583.75
2026-07-06 13:51:00,7583.75,7584.25,7580.0,7581.0
2026-07-06 13:54:00,7580.75,7581.25,7579.0,7579.5
2026-07-06 13:57:00,7579.5,7580.25,7578.0,7580.0
2026-07-06 14:00:00,7580.0,7586.25,7580.0,7585.0
2026-07-06 14:03:00,7585.0,7586.75,7584.25,7585.75
2026-07-06 14:06:00,7585.75,7590.0,7585.5,7589.5
2026-07-06 14:09:00,7589.5,7589.5,7587.25,7587.75
2026-07-06 14:12:00,7587.75,7589.5,7587.0,7589.0
2026-07-06 14:15:00,7589.0,7594.25,7589.0,7591.25
2026-07-06 14:18:00,7591.25,7593.0,7590.0,7592.75
2026-07-06 14:21:00,7592.75,7593.75,7592.25,7593.0
2026-07-06 14:24:00,7593.0,7595.0,7592.25,7593.75
2026-07-06 14:27:00,7593.75,7594.0,7591.5,7592.0
2026-07-06 14:30:00,7592.0,7594.0,7591.75,7592.25
2026-07-06 14:33:00,7592.25,7593.0,7589.75,7590.5
2026-07-06 14:36:00,7590.75,7591.75,7589.25,7590.0
2026-07-06 14:39:00,7590.25,7592.5,7588.75,7592.25
2026-07-06 14:42:00,7592.0,7592.25,7589.75,7591.25
2026-07-06 14:45:00,7591.25,7595.5,7590.75,7594.75
2026-07-06 14:48:00,7594.75,7595.5,7593.5,7595.25
2026-07-06 14:51:00,7595.5,7597.0,7595.25,7596.5
2026-07-06 14:54:00,7596.5,7599.0,7595.5,7598.0
2026-07-06 14:57:00,7598.0,7598.75,7596.75,7598.25
2026-07-06 15:00:00,7598.25,7600.0,7595.25,7597.0
2026-07-06 15:03:00,7597.25,7598.25,7596.5,7598.25
2026-07-06 15:06:00,7598.25,7598.25,7595.25,7595.25
2026-07-06 15:09:00,7595.25,7596.5,7595.0,7596.5
2026-07-06 15:12:00,7596.5,7597.75,7595.75,7596.25
2026-07-06 15:15:00,7596.25,7598.5,7595.0,7598.5
2026-07-06 15:18:00,7598.5,7600.75,7598.0,7600.5
2026-07-06 15:21:00,7600.5,7602.5,7599.25,7601.25
2026-07-06 15:24:00,7601.25,7601.75,7600.0,7600.75
2026-07-06 15:27:00,7600.75,7601.5,7599.25,7600.75
2026-07-06 15:30:00,7600.75,7601.0,7599.25,7600.0
2026-07-06 15:33:00,7599.75,7600.5,7597.5,7598.0
2026-07-06 15:36:00,7597.75,7599.0,7595.5,7598.0
2026-07-06 15:39:00,7598.0,7598.5,7596.0,7598.25
2026-07-06 15:42:00,7598.25,7598.75,7597.0,7598.5
2026-07-06 15:45:00,7598.5,7600.5,7597.75,7599.5
2026-07-06 15:48:00,7599.25,7599.25,7593.25,7595.0
2026-07-06 15:51:00,7595.25,7595.75,7591.75,7593.25
2026-07-06 15:54:00,7593.25,7594.25,7587.75,7588.75
2026-07-06 15:57:00,7588.75,7593.75,7588.25,7593.5
2026-07-06 16:00:00,7593.75,7595.5,7591.25,7594.5
2026-07-06 16:03:00,7594.5,7595.5,7592.0,7594.0
2026-07-06 16:06:00,7593.75,7596.5,7593.25,7596.0
2026-07-06 16:09:00,7596.25,7596.75,7594.5,7595.25
2026-07-06 16:12:00,7595.5,7597.5,7595.0,7596.5
2026-07-06 16:15:00,7596.25,7598.0,7596.25,7597.75
2026-07-06 16:18:00,7597.75,7598.25,7596.75,7597.0
2026-07-06 16:21:00,7597.25,7597.25,7595.5,7596.25
2026-07-06 16:24:00,7596.0,7596.5,7594.75,7594.75
2026-07-06 16:27:00,7594.75,7595.75,7594.0,7595.5
2026-07-06 16:30:00,7595.75,7597.0,7595.5,7596.25
2026-07-06 16:33:00,7596.25,7596.75,7596.0,7596.0
2026-07-06 16:36:00,7596.0,7596.5,7595.0,7596.0
2026-07-06 16:39:00,7596.25,7596.5,7595.5,7596.5
2026-07-06 16:42:00,7596.25,7597.0,7596.0,7596.5
2026-07-06 16:45:00,7596.75,7597.5,7596.0,7596.25
2026-07-06 16:48:00,7596.0,7596.25,7594.5,7594.75
2026-07-06 16:51:00,7594.75,7595.75,7594.0,7595.75
2026-07-06 16:54:00,7595.5,7596.25,7595.0,7596.0
2026-07-06 16:57:00,7596.0,7598.75,7595.75,7596.75
2026-07-06 17:00:00,7591.5,7591.5,7591.5,7591.5
2026-07-06 18:00:00,7597.0,7599.5,7596.25,7597.75
2026-07-06 18:03:00,7597.5,7599.0,7596.25,7597.25
2026-07-06 18:06:00,7597.25,7598.25,7596.0,7597.0
2026-07-06 18:09:00,7597.0,7599.25,7597.0,7599.0
2026-07-06 18:12:00,7599.25,7599.75,7598.75,7599.25
2026-07-06 18:15:00,7599.5,7599.75,7598.75,7599.75
2026-07-06 18:18:00,7599.75,7600.75,7599.5,7599.75
2026-07-06 18:21:00,7600.0,7601.25,7600.0,7600.5
2026-07-06 18:24:00,7600.5,7601.0,7599.0,7599.0
2026-07-06 18:27:00,7599.0,7599.5,7598.5,7598.75
2026-07-06 18:30:00,7598.75,7600.0,7597.5,7600.0
2026-07-06 18:33:00,7600.0,7600.5,7599.0,7599.25
2026-07-06 18:36:00,7599.0,7599.5,7598.5,7599.0
2026-07-06 18:39:00,7599.0,7601.0,7599.0,7599.75
2026-07-06 18:42:00,7599.5,7599.75,7598.5,7599.0
2026-07-06 18:45:00,7598.75,7598.75,7595.0,7595.5
2026-07-06 18:48:00,7595.5,7596.75,7595.5,7596.5
2026-07-06 18:51:00,7596.25,7596.5,7594.5,7594.75
2026-07-06 18:54:00,7594.75,7595.25,7592.5,7593.25
2026-07-06 18:57:00,7593.25,7595.0,7592.75,7594.0
2026-07-06 19:00:00,7593.75,7597.5,7593.5,7597.0
2026-07-06 19:03:00,7597.25,7598.0,7596.5,7597.0
2026-07-06 19:06:00,7597.0,7597.25,7596.75,7597.0
2026-07-06 19:09:00,7596.75,7597.25,7595.0,7596.75
2026-07-06 19:12:00,7596.5,7597.0,7595.5,7596.0
2026-07-06 19:15:00,7595.5,7595.5,7593.75,7594.25
2026-07-06 19:18:00,7594.25,7594.25,7591.75,7591.75
2026-07-06 19:21:00,7591.75,7592.75,7591.75,7592.5
2026-07-06 19:24:00,7592.75,7593.75,7592.0,7593.25
2026-07-06 19:27:00,7593.25,7594.0,7592.75,7593.0
2026-07-06 19:30:00,7593.0,7593.75,7592.25,7592.25
2026-07-06 19:33:00,7592.0,7592.5,7591.25,7592.25
2026-07-06 19:36:00,7592.25,7592.5,7591.25,7591.75
2026-07-06 19:39:00,7591.5,7591.75,7590.25,7590.5
2026-07-06 19:42:00,7590.5,7591.0,7590.0,7590.25
2026-07-06 19:45:00,7590.25,7590.25,7586.75,7588.0
2026-07-06 19:48:00,7588.0,7588.5,7585.0,7586.5
2026-07-06 19:51:00,7586.5,7586.75,7585.0,7585.75
2026-07-06 19:54:00,7585.75,7586.5,7584.25,7585.25
2026-07-06 19:57:00,7585.25,7586.0,7584.25,7585.75
2026-07-06 20:00:00,7585.5,7588.0,7583.25,7586.5
2026-07-06 20:03:00,7586.5,7589.75,7586.5,7588.5
2026-07-06 20:06:00,7588.5,7590.5,7586.75,7588.5
2026-07-06 20:09:00,7588.5,7589.25,7585.5,7586.25
2026-07-06 20:12:00,7586.25,7586.5,7584.75,7586.0
2026-07-06 20:15:00,7586.25,7588.75,7585.25,7587.75
2026-07-06 20:18:00,7587.75,7591.5,7587.25,7591.0
2026-07-06 20:21:00,7590.75,7594.0,7590.75,7594.0
2026-07-06 20:24:00,7593.75,7595.0,7592.5,7593.75
2026-07-06 20:27:00,7593.75,7593.75,7588.75,7590.25
2026-07-06 20:30:00,7590.25,7591.0,7588.75,7590.0
2026-07-06 20:33:00,7590.25,7590.25,7586.25,7586.25
2026-07-06 20:36:00,7586.25,7587.0,7583.5,7584.75
2026-07-06 20:39:00,7584.75,7585.75,7584.0,7584.5
2026-07-06 20:42:00,7584.5,7588.0,7584.0,7587.0
2026-07-06 20:45:00,7587.0,7588.25,7585.0,7587.0
2026-07-06 20:48:00,7587.0,7589.0,7586.5,7587.25
2026-07-06 20:51:00,7587.25,7588.75,7586.25,7588.25
2026-07-06 20:54:00,7588.0,7589.5,7586.5,7586.5
2026-07-06 20:57:00,7586.75,7586.75,7584.75,7585.0
2026-07-06 21:00:00,7585.25,7586.75,7583.75,7584.5
2026-07-06 21:03:00,7584.5,7586.0,7584.25,7585.5
2026-07-06 21:06:00,7585.25,7587.25,7585.0,7586.5
2026-07-06 21:09:00,7586.5,7587.25,7585.75,7586.0
2026-07-06 21:12:00,7586.0,7586.5,7584.75,7585.0
2026-07-06 21:15:00,7585.0,7586.0,7584.25,7585.0
2026-07-06 21:18:00,7585.25,7585.75,7583.75,7583.75
2026-07-06 21:21:00,7583.75,7584.0,7582.5,7583.5
2026-07-06 21:24:00,7583.75,7583.75,7581.5,7582.0
2026-07-06 21:27:00,7582.0,7583.0,7580.75,7581.75
2026-07-06 21:30:00,7581.75,7582.5,7579.25,7581.5
2026-07-06 21:33:00,7581.25,7585.0,7580.75,7584.5
2026-07-06 21:36:00,7584.5,7585.25,7582.5,7584.75
2026-07-06 21:39:00,7584.75,7586.0,7584.0,7584.25
2026-07-06 21:42:00,7584.0,7586.0,7583.0,7586.0
2026-07-06 21:45:00,7586.0,7588.0,7586.0,7587.0
2026-07-06 21:48:00,7587.0,7588.0,7586.5,7587.0
2026-07-06 21:51:00,7586.75,7587.75,7586.25,7587.0
2026-07-06 21:54:00,7587.25,7589.0,7585.0,7586.0
2026-07-06 21:57:00,7586.25,7586.25,7582.75,7583.25
2026-07-06 22:00:00,7583.5,7585.0,7582.25,7583.5
2026-07-06 22:03:00,7583.5,7585.25,7583.0,7584.5
2026-07-06 22:06:00,7584.75,7587.25,7584.25,7587.0
2026-07-06 22:09:00,7587.0,7587.25,7585.25,7586.0
2026-07-06 22:12:00,7586.25,7586.75,7585.5,7586.0
2026-07-06 22:15:00,7586.0,7587.0,7585.0,7586.25
2026-07-06 22:18:00,7586.25,7586.25,7585.0,7585.25
2026-07-06 22:21:00,7585.25,7585.25,7583.0,7584.5
2026-07-06 22:24:00,7584.5,7584.5,7582.75,7583.25
2026-07-06 22:27:00,7583.0,7583.5,7582.25,7582.5
2026-07-06 22:30:00,7582.25,7582.25,7580.25,7580.75
2026-07-06 22:33:00,7581.0,7581.0,7579.75,7581.0
2026-07-06 22:36:00,7581.0,7582.75,7580.0,7581.5
2026-07-06 22:39:00,7581.5,7583.25,7581.5,7581.75
2026-07-06 22:42:00,7582.0,7582.5,7581.25,7582.5
2026-07-06 22:45:00,7582.25,7582.25,7580.5,7581.0
2026-07-06 22:48:00,7581.0,7581.25,7580.25,7580.25
2026-07-06 22:51:00,7580.5,7581.25,7579.75,7581.25
2026-07-06 22:54:00,7581.25,7581.5,7580.25,7580.75
2026-07-06 22:57:00,7580.75,7581.0,7578.75,7579.0
2026-07-06 23:00:00,7579.25,7581.5,7578.75,7581.25
2026-07-06 23:03:00,7581.5,7583.0,7580.75,7581.75
2026-07-06 23:06:00,7581.5,7583.25,7580.5,7582.75
2026-07-06 23:09:00,7583.0,7583.25,7581.25,7581.75
2026-07-06 23:12:00,7582.0,7582.0,7579.5,7580.0
2026-07-06 23:15:00,7579.75,7580.25,7578.0,7579.5
2026-07-06 23:18:00,7579.75,7579.75,7578.5,7578.75
2026-07-06 23:21:00,7578.5,7579.5,7577.5,7577.75
2026-07-06 23:24:00,7577.75,7578.5,7576.75,7577.5
2026-07-06 23:27:00,7577.5,7578.0,7574.75,7575.25
2026-07-06 23:30:00,7575.25,7576.5,7573.25,7575.5
2026-07-06 23:33:00,7575.75,7576.5,7574.25,7575.5
2026-07-06 23:36:00,7575.75,7577.0,7575.0,7576.5
2026-07-06 23:39:00,7576.75,7577.0,7575.0,7575.25
2026-07-06 23:42:00,7575.0,7576.0,7574.5,7574.5
2026-07-06 23:45:00,7574.5,7574.5,7571.5,7572.75
2026-07-06 23:48:00,7572.75,7573.0,7571.0,7572.5
2026-07-06 23:51:00,7572.5,7573.0,7571.25,7571.5
2026-07-06 23:54:00,7571.25,7572.75,7570.75,7572.75
2026-07-06 23:57:00,7572.75,7574.75,7572.25,7574.0
2026-07-07 00:00:00,7574.25,7574.75,7572.25,7573.25
2026-07-07 00:03:00,7573.25,7574.75,7572.75,7574.75
2026-07-07 00:06:00,7574.75,7575.0,7573.0,7574.0
2026-07-07 00:09:00,7574.0,7574.25,7573.25,7573.75
2026-07-07 00:12:00,7573.5,7573.5,7571.5,7571.75
2026-07-07 00:15:00,7571.75,7572.25,7570.25,7570.5
2026-07-07 00:18:00,7570.75,7571.0,7569.75,7570.5
2026-07-07 00:21:00,7570.5,7571.0,7569.25,7569.75
2026-07-07 00:24:00,7569.75,7571.0,7569.25,7571.0
2026-07-07 00:27:00,7570.75,7571.5,7570.0,7571.25
2026-07-07 00:30:00,7571.5,7573.0,7571.0,7571.25
2026-07-07 00:33:00,7571.0,7572.0,7570.25,7570.25
2026-07-07 00:36:00,7570.25,7570.5,7567.5,7568.75
2026-07-07 00:39:00,7568.75,7570.25,7568.75,7569.5
2026-07-07 00:42:00,7569.25,7569.75,7568.75,7568.75
2026-07-07 00:45:00,7568.75,7569.25,7568.0,7568.0
2026-07-07 00:48:00,7568.25,7568.75,7567.5,7568.0
2026-07-07 00:51:00,7568.0,7569.25,7567.75,7568.0
2026-07-07 00:54:00,7568.0,7568.0,7566.5,7567.25
2026-07-07 00:57:00,7567.25,7569.0,7566.75,7568.5
2026-07-07 01:00:00,7568.75,7568.75,7566.5,7566.75
2026-07-07 01:03:00,7566.75,7567.75,7566.5,7566.75
2026-07-07 01:06:00,7566.5,7567.75,7566.25,7567.0
2026-07-07 01:09:00,7566.75,7566.75,7564.75,7565.75
2026-07-07 01:12:00,7565.5,7566.5,7565.0,7565.25
2026-07-07 01:15:00,7565.25,7566.5,7564.5,7565.75
2026-07-07 01:18:00,7565.5,7565.75,7564.25,7564.5
2026-07-07 01:21:00,7564.5,7566.5,7564.25,7565.75
2026-07-07 01:24:00,7565.75,7566.25,7563.5,7565.0
2026-07-07 01:27:00,7564.75,7566.25,7563.0,7566.0
2026-07-07 01:30:00,7566.0,7570.75,7566.0,7570.5
2026-07-07 01:33:00,7570.25,7570.25,7568.0,7570.0
2026-07-07 01:36:00,7569.75,7571.0,7569.25,7570.25
2026-07-07 01:39:00,7570.0,7572.25,7569.25,7571.0
2026-07-07 01:42:00,7571.0,7572.25,7570.25,7570.75
2026-07-07 01:45:00,7571.0,7571.25,7569.5,7570.25
2026-07-07 01:48:00,7570.0,7570.5,7568.75,7570.25
2026-07-07 01:51:00,7570.25,7572.5,7570.25,7570.75
2026-07-07 01:54:00,7571.0,7574.75,7571.0,7574.75
2026-07-07 01:57:00,7575.0,7575.0,7573.0,7573.5
2026-07-07 02:00:00,7573.25,7574.5,7573.0,7573.75
2026-07-07 02:03:00,7573.75,7574.0,7570.75,7570.75
2026-07-07 02:06:00,7570.75,7571.75,7570.0,7570.25
2026-07-07 02:09:00,7570.25,7570.25,7567.75,7567.75
2026-07-07 02:12:00,7568.0,7568.5,7567.0,7567.75
2026-07-07 02:15:00,7567.75,7569.75,7567.5,7569.25
2026-07-07 02:18:00,7569.25,7570.5,7567.5,7569.75
2026-07-07 02:21:00,7569.75,7571.75,7569.5,7571.25
2026-07-07 02:24:00,7571.25,7572.0,7570.0,7570.25
2026-07-07 02:27:00,7570.25,7571.75,7570.25,7570.75
2026-07-07 02:30:00,7570.75,7571.0,7569.0,7570.5
2026-07-07 02:33:00,7570.25,7571.25,7569.75,7570.75
2026-07-07 02:36:00,7571.0,7572.75,7570.5,7572.5
2026-07-07 02:39:00,7572.5,7573.25,7571.5,7572.5
2026-07-07 02:42:00,7572.5,7573.5,7572.0,7573.5
2026-07-07 02:45:00,7573.25,7573.5,7570.5,7570.75
2026-07-07 02:48:00,7570.75,7571.25,7570.5,7571.0
2026-07-07 02:51:00,7571.25,7573.25,7571.25,7573.0
2026-07-07 02:54:00,7573.25,7574.5,7573.0,7574.25
2026-07-07 02:57:00,7574.0,7574.5,7573.0,7573.5
2026-07-07 03:00:00,7573.75,7576.0,7571.25,7575.5
2026-07-07 03:03:00,7575.5,7576.0,7574.25,7575.5
2026-07-07 03:06:00,7575.75,7576.75,7575.0,7575.25
2026-07-07 03:09:00,7575.25,7575.5,7573.5,7573.75
2026-07-07 03:12:00,7573.75,7577.75,7573.75,7576.5
2026-07-07 03:15:00,7576.5,7579.0,7576.5,7577.75
2026-07-07 03:18:00,7577.75,7577.75,7576.25,7577.75
2026-07-07 03:21:00,7577.5,7579.75,7577.5,7579.0
2026-07-07 03:24:00,7579.0,7579.0,7577.5,7577.75
2026-07-07 03:27:00,7577.5,7580.0,7577.5,7579.25
2026-07-07 03:30:00,7579.0,7579.5,7577.75,7578.75
2026-07-07 03:33:00,7578.75,7579.0,7576.75,7577.25
2026-07-07 03:36:00,7577.25,7578.0,7577.0,7577.75
2026-07-07 03:39:00,7577.75,7578.25,7576.75,7578.0
2026-07-07 03:42:00,7577.75,7578.25,7577.0,7577.0
2026-07-07 03:45:00,7577.0,7578.0,7576.0,7577.0
2026-07-07 03:48:00,7577.0,7577.0,7575.75,7576.75
2026-07-07 03:51:00,7576.75,7577.0,7573.75,7574.25
2026-07-07 03:54:00,7574.0,7574.25,7573.0,7573.25
2026-07-07 03:57:00,7573.5,7574.0,7571.75,7572.25
2026-07-07 04:00:00,7572.25,7573.75,7571.5,7572.25
2026-07-07 04:03:00,7572.5,7572.75,7571.25,7572.75
2026-07-07 04:06:00,7572.75,7573.0,7571.5,7572.25
2026-07-07 04:09:00,7572.25,7575.5,7572.0,7575.5
2026-07-07 04:12:00,7575.25,7578.5,7575.25,7578.0
2026-07-07 04:15:00,7577.75,7579.5,7577.25,7579.5
2026-07-07 04:18:00,7579.5,7580.5,7578.25,7579.0
2026-07-07 04:21:00,7579.25,7580.5,7579.0,7580.0
2026-07-07 04:24:00,7580.25,7581.75,7579.75,7580.25
2026-07-07 04:27:00,7580.25,7581.75,7579.75,7581.75
2026-07-07 04:30:00,7581.75,7582.5,7580.0,7582.0
2026-07-07 04:33:00,7582.25,7582.75,7580.25,7580.75
2026-07-07 04:36:00,7580.75,7582.0,7579.75,7581.5
2026-07-07 04:39:00,7581.25,7582.75,7580.75,7582.75
2026-07-07 04:42:00,7582.75,7582.75,7580.75,7581.0
2026-07-07 04:45:00,7581.0,7582.0,7580.75,7581.5
2026-07-07 04:48:00,7581.75,7582.25,7581.0,7582.25
2026-07-07 04:51:00,7582.0,7582.25,7578.5,7579.0
2026-07-07 04:54:00,7579.0,7580.0,7578.25,7579.75
2026-07-07 04:57:00,7579.5,7580.25,7578.5,7578.75
2026-07-07 05:00:00,7578.75,7579.0,7576.25,7577.0
2026-07-07 05:03:00,7576.75,7579.5,7576.75,7579.5
2026-07-07 05:06:00,7579.5,7581.5,7579.5,7581.0
2026-07-07 05:09:00,7580.75,7582.0,7579.75,7581.75
2026-07-07 05:12:00,7582.0,7582.75,7581.25,7582.25
2026-07-07 05:15:00,7582.5,7583.5,7581.75,7582.0
2026-07-07 05:18:00,7582.0,7582.75,7581.5,7582.0
2026-07-07 05:21:00,7582.0,7582.25,7581.0,7581.0
2026-07-07 05:24:00,7581.25,7582.5,7581.25,7581.75
2026-07-07 05:27:00,7581.75,7582.5,7580.0,7580.25
2026-07-07 05:30:00,7580.25,7581.0,7579.25,7579.75
2026-07-07 05:33:00,7579.75,7580.5,7578.0,7579.25
2026-07-07 05:36:00,7579.0,7580.0,7578.25,7579.75
2026-07-07 05:39:00,7579.75,7582.5,7579.75,7582.0
2026-07-07 05:42:00,7582.0,7582.25,7580.75,7581.5
2026-07-07 05:45:00,7581.75,7582.25,7579.75,7580.5
2026-07-07 05:48:00,7580.5,7581.5,7580.0,7580.75
2026-07-07 05:51:00,7581.0,7582.75,7581.0,7581.5
2026-07-07 05:54:00,7581.25,7582.75,7581.0,7582.0
2026-07-07 05:57:00,7581.75,7582.25,7581.5,7581.75
2026-07-07 06:00:00,7582.0,7584.0,7581.75,7582.75
2026-07-07 06:03:00,7582.75,7584.25,7582.25,7583.75
2026-07-07 06:06:00,7583.5,7584.5,7582.0,7582.25
2026-07-07 06:09:00,7582.0,7582.25,7581.0,7581.25
2026-07-07 06:12:00,7581.25,7581.5,7578.25,7579.25
2026-07-07 06:15:00,7579.25,7583.0,7579.0,7583.0
2026-07-07 06:18:00,7583.0,7583.25,7582.0,7582.5
2026-07-07 06:21:00,7582.75,7583.0,7581.25,7581.25
2026-07-07 06:24:00,7581.25,7583.0,7580.75,7582.5
2026-07-07 06:27:00,7582.5,7582.5,7581.25,7581.5
2026-07-07 06:30:00,7581.25,7581.25,7580.25,7580.5
2026-07-07 06:33:00,7580.5,7581.25,7579.0,7579.0
2026-07-07 06:36:00,7579.0,7579.5,7578.25,7578.75
2026-07-07 06:39:00,7578.75,7579.5,7578.25,7578.75
2026-07-07 06:42:00,7578.75,7579.5,7578.5,7578.75
2026-07-07 06:45:00,7579.0,7579.75,7578.0,7578.75
2026-07-07 06:48:00,7578.75,7578.75,7576.0,7576.5
2026-07-07 06:51:00,7576.75,7577.25,7573.25,7574.25
2026-07-07 06:54:00,7574.5,7577.0,7574.5,7576.5
2026-07-07 06:57:00,7576.75,7578.0,7576.5,7577.5
2026-07-07 07:00:00,7577.5,7578.0,7572.5,7572.5
2026-07-07 07:03:00,7572.5,7575.5,7572.0,7574.0
2026-07-07 07:06:00,7574.25,7575.5,7573.0,7574.75
2026-07-07 07:09:00,7574.5,7574.75,7572.5,7572.75
2026-07-07 07:12:00,7573.0,7575.0,7572.25,7574.0
2026-07-07 07:15:00,7573.75,7576.75,7573.75,7575.75
2026-07-07 07:18:00,7575.75,7577.75,7575.75,7577.0
2026-07-07 07:21:00,7576.75,7577.5,7576.75,7577.5
2026-07-07 07:24:00,7577.25,7578.25,7577.0,7577.75
2026-07-07 07:27:00,7577.75,7578.0,7575.75,7575.75
2026-07-07 07:30:00,7575.75,7575.75,7573.25,7573.5
2026-07-07 07:33:00,7573.5,7574.5,7572.5,7574.0
2026-07-07 07:36:00,7574.0,7575.0,7573.0,7573.75
2026-07-07 07:39:00,7574.0,7574.75,7573.75,7573.75
2026-07-07 07:42:00,7573.5,7575.5,7573.25,7575.25
2026-07-07 07:45:00,7575.25,7576.25,7575.0,7575.75
2026-07-07 07:48:00,7575.75,7578.25,7575.25,7577.75
2026-07-07 07:51:00,7577.5,7578.25,7573.5,7574.5
2026-07-07 07:54:00,7574.5,7576.75,7574.5,7576.0
2026-07-07 07:57:00,7576.0,7579.5,7576.0,7579.0
2026-07-07 08:00:00,7579.0,7580.0,7578.5,7579.75
2026-07-07 08:03:00,7579.5,7581.75,7578.0,7581.75
2026-07-07 08:06:00,7581.5,7583.75,7581.25,7582.0
2026-07-07 08:09:00,7582.0,7585.75,7581.0,7583.25
2026-07-07 08:12:00,7583.25,7583.5,7582.75,7583.5
2026-07-07 08:15:00,7583.5,7583.5,7579.75,7580.25
2026-07-07 08:18:00,7580.0,7581.0,7579.5,7579.75
2026-07-07 08:21:00,7580.0,7581.25,7578.75,7581.25
2026-07-07 08:24:00,7581.5,7583.25,7580.75,7583.25
2026-07-07 08:27:00,7583.0,7584.25,7582.75,7583.5
2026-07-07 08:30:00,7583.5,7584.0,7581.25,7581.75
2026-07-07 08:33:00,7581.75,7582.5,7580.75,7582.5
2026-07-07 08:36:00,7582.75,7584.0,7582.25,7583.75
2026-07-07 08:39:00,7583.5,7584.5,7583.25,7584.0
2026-07-07 08:42:00,7584.0,7587.0,7583.25,7585.5
2026-07-07 08:45:00,7585.5,7586.25,7584.25,7585.75
2026-07-07 08:48:00,7585.75,7585.75,7581.5,7582.75
2026-07-07 08:51:00,7582.5,7582.75,7579.75,7580.25
2026-07-07 08:54:00,7580.25,7580.5,7578.75,7580.0
2026-07-07 08:57:00,7580.25,7581.0,7579.5,7580.75
2026-07-07 09:00:00,7580.75,7580.75,7579.0,7579.5
2026-07-07 09:03:00,7579.5,7579.75,7575.75,7576.5
2026-07-07 09:06:00,7576.5,7581.5,7575.75,7579.75
2026-07-07 09:09:00,7579.75,7580.25,7577.5,7579.5
2026-07-07 09:12:00,7579.5,7581.25,7578.75,7580.75
2026-07-07 09:15:00,7580.75,7582.5,7580.0,7581.25
2026-07-07 09:18:00,7581.25,7583.25,7578.75,7582.5
2026-07-07 09:21:00,7582.5,7582.5,7578.25,7579.75
2026-07-07 09:24:00,7579.75,7581.25,7578.25,7580.0
2026-07-07 09:27:00,7580.0,7581.75,7579.0,7580.75
2026-07-07 09:30:00,7580.75,7587.5,7576.75,7583.5
2026-07-07 09:33:00,7583.5,7583.5,7570.75,7572.5
2026-07-07 09:36:00,7572.5,7577.5,7569.75,7571.0
2026-07-07 09:39:00,7571.0,7577.0,7569.0,7575.25
2026-07-07 09:42:00,7575.25,7580.5,7573.25,7580.0
2026-07-07 09:45:00,7580.0,7580.25,7573.5,7574.25
2026-07-07 09:48:00,7574.25,7580.75,7573.25,7575.75
2026-07-07 09:51:00,7575.5,7577.0,7567.5,7568.5
2026-07-07 09:54:00,7568.25,7570.0,7564.5,7566.25
2026-07-07 09:57:00,7566.0,7567.25,7560.5,7566.25
2026-07-07 10:00:00,7566.25,7570.0,7563.25,7566.5
2026-07-07 10:03:00,7566.5,7568.25,7560.0,7564.0
2026-07-07 10:06:00,7563.75,7567.75,7559.0,7560.5
2026-07-07 10:09:00,7560.75,7562.5,7555.0,7555.75
2026-07-07 10:12:00,7555.75,7556.5,7547.5,7548.0
2026-07-07 10:15:00,7548.0,7549.25,7542.5,7546.0
2026-07-07 10:18:00,7546.0,7555.25,7546.0,7551.25
2026-07-07 10:21:00,7551.0,7552.0,7545.25,7547.0
2026-07-07 10:24:00,7547.25,7549.25,7538.5,7539.25
2026-07-07 10:27:00,7539.25,7545.0,7538.75,7544.5
2026-07-07 10:30:00,7544.5,7547.75,7540.25,7544.0
2026-07-07 10:33:00,7544.25,7547.0,7537.5,7538.0
2026-07-07 10:36:00,7538.25,7542.5,7537.0,7538.75
2026-07-07 10:39:00,7538.75,7540.0,7532.25,7532.25
2026-07-07 10:42:00,7532.25,7536.25,7529.5,7535.0
2026-07-07 10:45:00,7535.0,7542.0,7534.0,7540.5
2026-07-07 10:48:00,7540.5,7542.25,7537.0,7540.0
2026-07-07 10:51:00,7539.75,7545.0,7539.5,7543.5
2026-07-07 10:54:00,7543.5,7546.5,7540.75,7543.5
2026-07-07 10:57:00,7543.75,7546.25,7541.5,7542.25
2026-07-07 11:00:00,7542.0,7542.5,7536.5,7540.0
2026-07-07 11:03:00,7539.75,7543.25,7539.0,7540.75
2026-07-07 11:06:00,7540.5,7544.25,7538.75,7542.0
2026-07-07 11:09:00,7542.25,7544.5,7541.25,7541.75
2026-07-07 11:12:00,7542.0,7543.5,7537.75,7538.0
2026-07-07 11:15:00,7537.75,7538.25,7534.5,7536.75
2026-07-07 11:18:00,7536.75,7538.25,7536.0,7536.75
2026-07-07 11:21:00,7536.75,7540.5,7536.25,7537.0
2026-07-07 11:24:00,7537.0,7538.0,7534.75,7537.5
2026-07-07 11:27:00,7537.75,7541.0,7536.25,7540.5
2026-07-07 11:30:00,7540.75,7541.5,7537.0,7538.75
2026-07-07 11:33:00,7538.5,7540.25,7534.25,7537.0
2026-07-07 11:36:00,7537.25,7539.5,7535.0,7535.25
2026-07-07 11:39:00,7535.5,7536.25,7531.25,7535.75
2026-07-07 11:42:00,7536.0,7541.5,7535.0,7541.25
2026-07-07 11:45:00,7541.25,7547.75,7541.0,7546.0
2026-07-07 11:48:00,7546.25,7549.25,7543.25,7546.0
2026-07-07 11:51:00,7545.75,7550.25,7545.75,7549.0
2026-07-07 11:54:00,7548.75,7549.0,7545.0,7546.5
2026-07-07 11:57:00,7546.75,7551.25,7546.75,7551.0
2026-07-07 12:00:00,7551.0,7555.5,7549.75,7554.25
2026-07-07 12:03:00,7554.25,7556.0,7552.5,7555.5
2026-07-07 12:06:00,7555.5,7558.25,7549.75,7550.75
2026-07-07 12:09:00,7550.75,7556.0,7550.0,7555.75
2026-07-07 12:12:00,7555.75,7559.0,7555.75,7557.75
2026-07-07 12:15:00,7558.0,7559.5,7556.5,7557.25
2026-07-07 12:18:00,7557.5,7562.0,7555.75,7561.0
2026-07-07 12:21:00,7561.0,7566.0,7559.75,7564.25
2026-07-07 12:24:00,7564.5,7566.25,7562.25,7565.75
2026-07-07 12:27:00,7565.75,7567.25,7565.0,7565.0
2026-07-07 12:30:00,7565.25,7567.5,7564.5,7565.0
2026-07-07 12:33:00,7564.75,7565.5,7561.75,7562.0
2026-07-07 12:36:00,7562.0,7565.75,7559.75,7564.5
2026-07-07 12:39:00,7564.5,7567.0,7564.0,7564.5
2026-07-07 12:42:00,7564.5,7566.25,7563.0,7566.0
2026-07-07 12:45:00,7566.25,7568.25,7566.0,7566.75
2026-07-07 12:48:00,7566.75,7568.75,7566.25,7567.75
2026-07-07 12:51:00,7568.0,7568.25,7565.25,7566.25
2026-07-07 12:54:00,7566.25,7566.25,7563.25,7565.5
2026-07-07 12:57:00,7565.25,7567.5,7562.75,7567.5
2026-07-07 13:00:00,7567.25,7569.0,7566.5,7568.5
2026-07-07 13:03:00,7568.5,7570.25,7566.25,7569.75
2026-07-07 13:06:00,7569.5,7571.25,7568.25,7569.5
2026-07-07 13:09:00,7569.5,7570.25,7565.75,7568.25
2026-07-07 13:12:00,7568.25,7568.25,7565.0,7565.75
2026-07-07 13:15:00,7565.75,7566.0,7561.75,7562.5
2026-07-07 13:18:00,7562.5,7565.75,7561.75,7564.75
2026-07-07 13:21:00,7564.5,7568.25,7564.5,7568.25
2026-07-07 13:24:00,7568.0,7569.25,7566.0,7567.5
2026-07-07 13:27:00,7567.5,7568.25,7565.75,7566.25
2026-07-07 13:30:00,7566.25,7569.5,7566.0,7567.25
2026-07-07 13:33:00,7567.25,7568.75,7566.5,7568.75
2026-07-07 13:36:00,7568.75,7569.75,7565.75,7566.25
2026-07-07 13:39:00,7566.5,7570.25,7566.5,7570.25
2026-07-07 13:42:00,7570.25,7570.25,7566.75,7568.75
2026-07-07 13:45:00,7568.75,7569.0,7565.25,7566.0
2026-07-07 13:48:00,7565.75,7567.5,7565.0,7566.0
2026-07-07 13:51:00,7566.0,7568.0,7564.25,7564.25
2026-07-07 13:54:00,7564.25,7568.25,7564.0,7567.75
2026-07-07 13:57:00,7567.75,7569.25,7566.75,7569.25
2026-07-07 14:00:00,7569.25,7570.25,7566.5,7567.25
2026-07-07 14:03:00,7567.25,7569.5,7566.25,7568.75
2026-07-07 14:06:00,7568.75,7568.75,7566.25,7566.5
2026-07-07 14:09:00,7566.25,7567.5,7565.5,7567.0
2026-07-07 14:12:00,7567.0,7569.25,7566.75,7567.25
2026-07-07 14:15:00,7567.25,7569.0,7566.25,7568.25
2026-07-07 14:18:00,7568.25,7568.75,7566.0,7567.75
2026-07-07 14:21:00,7567.75,7570.5,7566.75,7569.25
2026-07-07 14:24:00,7569.0,7570.25,7567.25,7568.25
2026-07-07 14:27:00,7568.0,7568.75,7566.25,7567.5
2026-07-07 14:30:00,7567.25,7568.25,7563.75,7565.0
2026-07-07 14:33:00,7565.0,7567.0,7562.75,7567.0
2026-07-07 14:36:00,7567.0,7567.75,7565.25,7567.0
2026-07-07 14:39:00,7567.25,7567.5,7563.0,7564.5
2026-07-07 14:42:00,7564.25,7564.75,7561.5,7564.75
2026-07-07 14:45:00,7564.75,7565.25,7563.0,7564.75
2026-07-07 14:48:00,7564.5,7566.0,7554.0,7557.5
2026-07-07 14:51:00,7557.5,7558.0,7553.5,7553.75
2026-07-07 14:54:00,7553.75,7557.0,7552.25,7556.25
2026-07-07 14:57:00,7556.0,7556.75,7551.5,7552.5
2026-07-07 15:00:00,7552.5,7554.5,7545.5,7549.5
2026-07-07 15:03:00,7549.5,7551.0,7546.25,7550.0
2026-07-07 15:06:00,7549.75,7552.75,7545.0,7545.25
2026-07-07 15:09:00,7545.25,7546.0,7542.25,7543.5
2026-07-07 15:12:00,7543.75,7547.25,7542.5,7544.75
2026-07-07 15:15:00,7545.0,7545.75,7540.5,7542.5
2026-07-07 15:18:00,7542.25,7546.25,7537.0,7544.25
2026-07-07 15:21:00,7544.25,7546.75,7543.0,7546.0
2026-07-07 15:24:00,7545.75,7548.25,7542.5,7543.0
2026-07-07 15:27:00,7543.0,7547.0,7542.75,7544.25
2026-07-07 15:30:00,7544.0,7549.0,7543.75,7547.25
2026-07-07 15:33:00,7547.25,7550.0,7546.25,7546.25
2026-07-07 15:36:00,7546.5,7547.75,7543.75,7545.25
2026-07-07 15:39:00,7545.25,7545.25,7542.25,7543.75
2026-07-07 15:42:00,7543.75,7544.25,7541.25,7542.75
2026-07-07 15:45:00,7543.0,7548.25,7542.5,7544.75
2026-07-07 15:48:00,7544.75,7551.5,7544.0,7550.5
2026-07-07 15:51:00,7550.25,7552.25,7547.5,7551.75
2026-07-07 15:54:00,7551.75,7556.75,7551.0,7554.0
2026-07-07 15:57:00,7554.25,7555.75,7548.0,7553.0
2026-07-07 16:00:00,7553.0,7554.0,7549.25,7551.5
2026-07-07 16:03:00,7551.25,7553.75,7550.75,7550.75
2026-07-07 16:06:00,7550.5,7554.5,7550.5,7554.0
2026-07-07 16:09:00,7554.0,7554.25,7550.75,7553.25
2026-07-07 16:12:00,7553.25,7553.5,7551.75,7552.0
2026-07-07 16:15:00,7552.25,7552.5,7551.0,7551.75
2026-07-07 16:18:00,7552.0,7552.0,7546.5,7549.75
2026-07-07 16:21:00,7549.75,7550.5,7549.0,7549.0
2026-07-07 16:24:00,7549.0,7551.5,7549.0,7551.0
2026-07-07 16:27:00,7551.0,7551.25,7549.75,7550.75
2026-07-07 16:30:00,7550.75,7551.5,7550.25,7551.25
2026-07-07 16:33:00,7551.25,7551.75,7550.75,7551.25
2026-07-07 16:36:00,7551.5,7552.75,7551.25,7552.5
2026-07-07 16:39:00,7552.5,7553.0,7551.75,7552.5
2026-07-07 16:42:00,7552.5,7553.0,7551.75,7551.75
2026-07-07 16:45:00,7552.0,7552.0,7551.0,7551.25
2026-07-07 16:48:00,7551.25,7552.25,7551.0,7551.0
2026-07-07 16:51:00,7551.0,7553.0,7550.75,7552.5
2026-07-07 16:54:00,7552.75,7553.0,7552.5,7553.0
2026-07-07 16:57:00,7553.0,7553.0,7551.25,7551.75
2026-07-07 17:00:00,7551.25,7551.25,7551.25,7551.25
2026-07-07 18:00:00,7545.0,7547.0,7537.5,7546.5
2026-07-07 18:03:00,7546.25,7547.5,7543.25,7543.5
2026-07-07 18:06:00,7543.5,7547.25,7543.5,7546.5
2026-07-07 18:09:00,7546.75,7546.75,7543.75,7546.25
2026-07-07 18:12:00,7546.5,7546.75,7544.5,7545.75
2026-07-07 18:15:00,7545.75,7547.75,7545.5,7546.5
2026-07-07 18:18:00,7546.5,7547.25,7546.0,7546.25
2026-07-07 18:21:00,7546.25,7547.25,7546.0,7547.0
2026-07-07 18:24:00,7546.75,7547.0,7544.75,7544.75
2026-07-07 18:27:00,7545.0,7546.75,7544.5,7546.75
2026-07-07 18:30:00,7546.5,7546.5,7545.0,7546.0
2026-07-07 18:33:00,7546.0,7548.5,7545.5,7548.0
2026-07-07 18:36:00,7548.0,7548.25,7546.75,7547.25
2026-07-07 18:39:00,7547.5,7547.5,7545.0,7545.5
2026-07-07 18:42:00,7545.5,7546.75,7545.0,7545.5
2026-07-07 18:45:00,7545.5,7546.25,7544.25,7545.75
2026-07-07 18:48:00,7545.75,7547.75,7545.25,7546.75
2026-07-07 18:51:00,7546.75,7547.5,7545.25,7547.25
2026-07-07 18:54:00,7547.25,7549.0,7546.25,7548.25
2026-07-07 18:57:00,7548.5,7549.0,7547.0,7547.5
2026-07-07 19:00:00,7547.25,7549.0,7546.75,7547.75
2026-07-07 19:03:00,7547.75,7548.25,7545.0,7548.0
2026-07-07 19:06:00,7548.0,7549.25,7547.0,7548.5
2026-07-07 19:09:00,7548.25,7548.25,7544.5,7545.75
2026-07-07 19:12:00,7545.75,7547.75,7545.5,7547.25
2026-07-07 19:15:00,7547.25,7550.5,7547.0,7550.0
2026-07-07 19:18:00,7550.0,7553.25,7550.0,7551.25
2026-07-07 19:21:00,7551.5,7552.0,7550.75,7551.0
2026-07-07 19:24:00,7551.0,7551.25,7550.25,7551.0
2026-07-07 19:27:00,7551.0,7552.0,7550.5,7551.75
2026-07-07 19:30:00,7551.75,7552.75,7550.0,7550.5
2026-07-07 19:33:00,7550.25,7550.5,7548.25,7548.75
2026-07-07 19:36:00,7548.75,7549.0,7545.0,7545.5
2026-07-07 19:39:00,7545.5,7546.75,7544.0,7545.5
2026-07-07 19:42:00,7545.5,7546.5,7543.75,7544.25
2026-07-07 19:45:00,7544.5,7546.5,7543.25,7544.25
2026-07-07 19:48:00,7544.0,7544.25,7541.25,7541.75
2026-07-07 19:51:00,7542.0,7542.25,7540.25,7540.5
2026-07-07 19:54:00,7540.5,7541.75,7539.75,7539.75
2026-07-07 19:57:00,7540.0,7540.5,7538.0,7539.0
2026-07-07 20:00:00,7538.75,7540.75,7533.25,7535.75
2026-07-07 20:03:00,7535.25,7544.5,7533.75,7544.25
2026-07-07 20:06:00,7544.25,7546.5,7543.0,7543.75
2026-07-07 20:09:00,7543.5,7548.25,7543.25,7547.0
2026-07-07 20:12:00,7547.0,7549.5,7545.25,7547.75
2026-07-07 20:15:00,7547.5,7552.25,7545.5,7546.0
2026-07-07 20:18:00,7546.0,7549.0,7545.25,7547.5
2026-07-07 20:21:00,7547.25,7552.75,7546.75,7552.5
2026-07-07 20:24:00,7552.75,7555.75,7552.75,7555.5
2026-07-07 20:27:00,7555.75,7556.0,7549.0,7552.5
2026-07-07 20:30:00,7552.25,7553.25,7550.25,7551.75
2026-07-07 20:33:00,7551.75,7552.5,7548.0,7548.75
2026-07-07 20:36:00,7549.0,7553.5,7548.75,7553.5
2026-07-07 20:39:00,7553.75,7556.5,7553.25,7556.25
2026-07-07 20:42:00,7556.25,7559.75,7556.25,7559.0
2026-07-07 20:45:00,7559.25,7561.25,7558.5,7559.75
2026-07-07 20:48:00,7559.75,7560.25,7557.25,7559.5
2026-07-07 20:51:00,7559.75,7560.0,7558.25,7559.75
2026-07-07 20:54:00,7559.75,7560.0,7558.5,7559.5
2026-07-07 20:57:00,7559.75,7562.0,7559.0,7561.75
2026-07-07 21:00:00,7561.75,7562.5,7560.25,7561.5
2026-07-07 21:03:00,7561.25,7562.0,7557.75,7557.75
2026-07-07 21:06:00,7558.0,7558.75,7556.5,7558.5
2026-07-07 21:09:00,7558.75,7560.5,7557.25,7560.25
2026-07-07 21:12:00,7560.25,7563.0,7560.25,7562.5
2026-07-07 21:15:00,7562.5,7562.75,7560.75,7561.0
2026-07-07 21:18:00,7560.75,7561.0,7558.75,7559.0
2026-07-07 21:21:00,7559.0,7560.0,7558.25,7558.5
2026-07-07 21:24:00,7558.5,7559.0,7557.0,7559.0
2026-07-07 21:27:00,7558.75,7559.25,7555.5,7556.5
2026-07-07 21:30:00,7556.75,7558.0,7555.5,7556.5
2026-07-07 21:33:00,7556.25,7556.25,7554.25,7555.0
2026-07-07 21:36:00,7555.0,7555.5,7550.5,7551.25
2026-07-07 21:39:00,7551.0,7555.25,7550.75,7552.25
2026-07-07 21:42:00,7552.5,7555.0,7552.5,7554.25
2026-07-07 21:45:00,7554.0,7557.5,7554.0,7557.25
2026-07-07 21:48:00,7557.25,7558.25,7555.5,7557.0
2026-07-07 21:51:00,7557.25,7557.25,7554.25,7554.5
2026-07-07 21:54:00,7554.5,7554.5,7551.75,7552.5
2026-07-07 21:57:00,7552.5,7554.5,7552.0,7553.0
2026-07-07 22:00:00,7553.25,7553.75,7549.0,7549.0
2026-07-07 22:03:00,7549.25,7550.5,7548.75,7549.0
2026-07-07 22:06:00,7549.0,7550.75,7547.75,7548.5
2026-07-07 22:09:00,7548.5,7550.75,7547.5,7549.5
2026-07-07 22:12:00,7549.5,7550.25,7547.25,7548.0
2026-07-07 22:15:00,7548.0,7549.5,7546.5,7548.25
2026-07-07 22:18:00,7548.0,7550.5,7548.0,7548.75
2026-07-07 22:21:00,7548.75,7551.0,7547.5,7550.5
2026-07-07 22:24:00,7550.5,7553.25,7550.25,7553.0
2026-07-07 22:27:00,7552.5,7552.75,7548.5,7548.75
2026-07-07 22:30:00,7548.75,7549.5,7546.5,7546.75
2026-07-07 22:33:00,7547.0,7548.5,7546.25,7547.5
2026-07-07 22:36:00,7547.5,7548.5,7546.75,7547.75
2026-07-07 22:39:00,7547.75,7550.0,7547.75,7549.0
2026-07-07 22:42:00,7549.25,7552.25,7548.25,7552.25
2026-07-07 22:45:00,7552.5,7554.25,7552.5,7554.25
2026-07-07 22:48:00,7554.25,7555.0,7552.5,7552.5
2026-07-07 22:51:00,7552.5,7553.25,7551.5,7553.25
2026-07-07 22:54:00,7553.25,7554.25,7552.5,7553.5
2026-07-07 22:57:00,7553.25,7554.0,7551.5,7553.0
2026-07-07 23:00:00,7553.25,7555.75,7553.25,7555.25
2026-07-07 23:03:00,7555.5,7556.25,7554.75,7555.5
2026-07-07 23:06:00,7555.5,7555.75,7554.0,7554.75
2026-07-07 23:09:00,7554.75,7556.75,7554.75,7556.75
2026-07-07 23:12:00,7556.75,7557.75,7556.0,7556.75
2026-07-07 23:15:00,7556.5,7557.5,7555.25,7555.75
2026-07-07 23:18:00,7555.5,7556.75,7555.0,7556.5
2026-07-07 23:21:00,7556.25,7558.25,7556.0,7557.5
2026-07-07 23:24:00,7557.25,7559.5,7557.25,7559.25
2026-07-07 23:27:00,7559.5,7560.25,7558.75,7559.75
2026-07-07 23:30:00,7559.75,7561.5,7559.25,7559.75
2026-07-07 23:33:00,7559.75,7559.75,7558.0,7558.75
2026-07-07 23:36:00,7559.0,7559.25,7558.25,7558.25
2026-07-07 23:39:00,7558.0,7558.5,7556.5,7556.5
2026-07-07 23:42:00,7556.5,7557.25,7555.25,7555.5
2026-07-07 23:45:00,7555.75,7556.25,7554.25,7554.75
2026-07-07 23:48:00,7554.75,7556.75,7554.5,7555.25
2026-07-07 23:51:00,7555.25,7555.5,7554.25,7555.0
2026-07-07 23:54:00,7555.25,7555.75,7554.0,7554.75
2026-07-07 23:57:00,7554.5,7555.25,7554.25,7554.5
2026-07-08 00:00:00,7554.5,7555.0,7552.25,7553.25
2026-07-08 00:03:00,7553.0,7553.5,7552.75,7552.75
2026-07-08 00:06:00,7552.75,7554.0,7552.25,7553.75
2026-07-08 00:09:00,7553.75,7554.75,7552.75,7553.0
2026-07-08 00:12:00,7553.25,7553.25,7550.75,7552.25
2026-07-08 00:15:00,7552.25,7552.75,7551.25,7551.75
2026-07-08 00:18:00,7551.75,7552.75,7551.0,7552.25
2026-07-08 00:21:00,7552.25,7555.5,7552.0,7555.25
2026-07-08 00:24:00,7555.25,7556.25,7554.25,7555.0
2026-07-08 00:27:00,7554.75,7554.75,7553.5,7553.75
2026-07-08 00:30:00,7554.0,7554.25,7552.25,7552.25
2026-07-08 00:33:00,7552.25,7552.25,7549.75,7551.5
2026-07-08 00:36:00,7551.25,7551.5,7549.25,7549.25
2026-07-08 00:39:00,7549.0,7552.0,7548.75,7551.0
2026-07-08 00:42:00,7551.0,7552.5,7549.75,7551.25
2026-07-08 00:45:00,7551.25,7551.25,7550.0,7551.0
2026-07-08 00:48:00,7551.0,7553.0,7549.5,7549.75
2026-07-08 00:51:00,7549.75,7550.75,7549.25,7549.75
2026-07-08 00:54:00,7549.5,7550.0,7547.0,7550.0
2026-07-08 00:57:00,7550.0,7551.5,7549.25,7551.25
2026-07-08 01:00:00,7551.5,7553.75,7550.25,7550.25
2026-07-08 01:03:00,7550.75,7552.0,7549.75,7551.5
2026-07-08 01:06:00,7551.5,7554.75,7551.5,7553.25
2026-07-08 01:09:00,7553.5,7553.75,7550.5,7552.0
2026-07-08 01:12:00,7552.25,7552.75,7550.5,7550.5
2026-07-08 01:15:00,7550.75,7553.25,7549.75,7549.75
2026-07-08 01:18:00,7549.5,7551.75,7548.75,7550.0
2026-07-08 01:21:00,7550.0,7550.25,7548.25,7548.25
2026-07-08 01:24:00,7548.5,7550.25,7547.0,7549.25
2026-07-08 01:27:00,7549.25,7549.25,7547.5,7548.0
2026-07-08 01:30:00,7548.25,7548.25,7544.0,7544.25
2026-07-08 01:33:00,7544.25,7546.5,7542.75,7545.25
2026-07-08 01:36:00,7545.25,7545.5,7544.0,7545.0
2026-07-08 01:39:00,7545.0,7545.25,7543.5,7544.75
2026-07-08 01:42:00,7544.75,7547.5,7543.75,7544.25
2026-07-08 01:45:00,7544.25,7544.5,7541.0,7541.0
2026-07-08 01:48:00,7541.0,7541.0,7538.75,7540.25
2026-07-08 01:51:00,7540.5,7541.0,7539.0,7539.5
2026-07-08 01:54:00,7539.5,7544.75,7539.5,7544.75
2026-07-08 01:57:00,7544.5,7545.5,7543.0,7543.5
2026-07-08 02:00:00,7543.75,7544.25,7541.25,7542.5
2026-07-08 02:03:00,7542.5,7544.25,7542.0,7542.5
2026-07-08 02:06:00,7542.25,7543.75,7541.75,7543.75
2026-07-08 02:09:00,7543.5,7543.75,7541.5,7541.5
2026-07-08 02:12:00,7541.75,7541.75,7539.75,7541.5
2026-07-08 02:15:00,7541.5,7543.25,7541.0,7543.0
2026-07-08 02:18:00,7543.25,7543.5,7540.75,7541.0
2026-07-08 02:21:00,7541.0,7542.25,7539.0,7542.25
2026-07-08 02:24:00,7542.0,7545.0,7541.25,7541.25
2026-07-08 02:27:00,7541.25,7542.75,7540.0,7540.0
2026-07-08 02:30:00,7540.0,7541.25,7536.5,7537.75
2026-07-08 02:33:00,7537.75,7537.75,7535.5,7537.0
2026-07-08 02:36:00,7536.75,7537.0,7535.5,7536.0
2026-07-08 02:39:00,7535.75,7537.5,7535.0,7535.75
2026-07-08 02:42:00,7535.75,7536.75,7533.75,7534.0
2026-07-08 02:45:00,7534.0,7536.5,7532.75,7536.5
2026-07-08 02:48:00,7536.25,7540.5,7536.25,7540.25
2026-07-08 02:51:00,7540.25,7541.5,7539.75,7540.75
2026-07-08 02:54:00,7541.0,7541.0,7538.75,7539.75
2026-07-08 02:57:00,7539.75,7540.0,7537.5,7539.25
2026-07-08 03:00:00,7539.25,7540.25,7533.25,7534.0
2026-07-08 03:03:00,7534.25,7535.5,7532.5,7532.5
2026-07-08 03:06:00,7532.5,7534.25,7532.0,7532.5
2026-07-08 03:09:00,7532.75,7537.25,7532.25,7537.0
2026-07-08 03:12:00,7536.75,7537.5,7535.25,7535.5
2026-07-08 03:15:00,7535.5,7537.5,7533.5,7533.5
2026-07-08 03:18:00,7533.25,7535.75,7532.5,7535.5
2026-07-08 03:21:00,7535.5,7538.0,7534.0,7538.0
2026-07-08 03:24:00,7538.0,7541.75,7537.75,7541.25
2026-07-08 03:27:00,7541.0,7541.75,7539.0,7541.5
2026-07-08 03:30:00,7541.5,7545.75,7541.0,7545.5
2026-07-08 03:33:00,7545.25,7548.0,7543.5,7546.0
2026-07-08 03:36:00,7546.0,7546.0,7540.0,7541.0
2026-07-08 03:39:00,7540.75,7542.5,7540.0,7542.5
2026-07-08 03:42:00,7542.0,7544.75,7541.5,7544.75
2026-07-08 03:45:00,7545.0,7545.5,7543.75,7544.25
2026-07-08 03:48:00,7544.0,7544.75,7541.5,7541.5
2026-07-08 03:51:00,7541.5,7543.0,7540.75,7541.75
2026-07-08 03:54:00,7542.0,7542.75,7541.25,7541.75
2026-07-08 03:57:00,7541.5,7542.25,7540.5,7541.5
2026-07-08 04:00:00,7541.5,7542.5,7539.0,7539.0
2026-07-08 04:03:00,7538.75,7540.75,7537.25,7538.5
2026-07-08 04:06:00,7538.5,7540.5,7536.5,7540.0
2026-07-08 04:09:00,7540.5,7546.25,7540.25,7546.25
2026-07-08 04:12:00,7546.0,7546.75,7543.5,7545.75
2026-07-08 04:15:00,7545.75,7546.5,7517.75,7517.75
2026-07-08 04:18:00,7517.5,7525.25,7515.75,7522.5
2026-07-08 04:21:00,7522.25,7522.25,7511.75,7511.75
2026-07-08 04:24:00,7512.0,7512.5,7498.25,7503.0
2026-07-08 04:27:00,7502.5,7504.75,7496.5,7497.25
2026-07-08 04:30:00,7497.0,7497.5,7488.0,7496.25
2026-07-08 04:33:00,7496.0,7498.75,7487.5,7487.5
2026-07-08 04:36:00,7487.5,7488.75,7482.5,7482.5
2026-07-08 04:39:00,7482.5,7485.75,7477.5,7478.75
2026-07-08 04:42:00,7478.5,7487.5,7478.0,7486.5
2026-07-08 04:45:00,7486.75,7491.25,7484.75,7490.75
2026-07-08 04:48:00,7490.75,7491.25,7485.5,7489.75
2026-07-08 04:51:00,7490.0,7494.5,7489.25,7492.25
2026-07-08 04:54:00,7492.25,7494.25,7486.75,7487.5
2026-07-08 04:57:00,7487.5,7488.0,7479.0,7480.75
2026-07-08 05:00:00,7480.75,7483.5,7476.75,7480.25
2026-07-08 05:03:00,7480.0,7481.25,7476.25,7477.0
2026-07-08 05:06:00,7477.25,7479.0,7473.5,7474.25
2026-07-08 05:09:00,7474.5,7478.0,7472.0,7474.75
2026-07-08 05:12:00,7474.75,7475.0,7468.5,7468.75
2026-07-08 05:15:00,7468.75,7476.0,7468.75,7475.25
2026-07-08 05:18:00,7475.25,7477.5,7471.25,7476.75
2026-07-08 05:21:00,7477.0,7477.5,7472.75,7475.75
2026-07-08 05:24:00,7475.5,7476.0,7470.5,7473.75
2026-07-08 05:27:00,7473.75,7476.0,7473.25,7474.75
2026-07-08 05:30:00,7474.5,7478.0,7473.5,7477.25
2026-07-08 05:33:00,7477.0,7482.25,7476.5,7482.0
2026-07-08 05:36:00,7482.0,7483.75,7476.25,7476.75
2026-07-08 05:39:00,7476.75,7479.75,7475.5,7476.5
2026-07-08 05:42:00,7476.5,7479.25,7473.5,7479.25
2026-07-08 05:45:00,7479.25,7479.5,7474.25,7475.75
2026-07-08 05:48:00,7475.75,7480.0,7475.0,7477.25
2026-07-08 05:51:00,7477.25,7480.25,7475.25,7479.75
2026-07-08 05:54:00,7479.5,7480.0,7473.75,7475.5
2026-07-08 05:57:00,7475.5,7476.25,7473.0,7474.5
2026-07-08 06:00:00,7474.75,7478.0,7471.25,7473.5
2026-07-08 06:03:00,7473.25,7473.75,7471.25,7472.25
2026-07-08 06:06:00,7472.0,7472.0,7469.5,7470.75
2026-07-08 06:09:00,7470.5,7473.0,7469.25,7469.5
2026-07-08 06:12:00,7469.25,7473.5,7469.0,7473.25
2026-07-08 06:15:00,7473.5,7475.75,7470.5,7474.5
2026-07-08 06:18:00,7474.5,7479.5,7473.5,7478.75
2026-07-08 06:21:00,7478.75,7479.0,7475.25,7476.0
2026-07-08 06:24:00,7475.75,7479.75,7475.75,7478.75
2026-07-08 06:27:00,7478.75,7481.5,7478.25,7481.0
2026-07-08 06:30:00,7480.75,7484.5,7477.25,7483.0
2026-07-08 06:33:00,7482.75,7487.0,7482.75,7486.25
2026-07-08 06:36:00,7486.25,7487.75,7484.25,7485.75
2026-07-08 06:39:00,7485.75,7487.75,7483.75,7487.5
2026-07-08 06:42:00,7487.25,7488.75,7486.25,7487.75
2026-07-08 06:45:00,7487.75,7490.0,7487.25,7487.25
2026-07-08 06:48:00,7487.5,7489.5,7484.75,7487.5
2026-07-08 06:51:00,7487.75,7488.5,7487.0,7487.5
2026-07-08 06:54:00,7487.5,7490.5,7486.25,7489.75
2026-07-08 06:57:00,7489.75,7489.75,7485.25,7485.75
2026-07-08 07:00:00,7485.5,7487.75,7482.5,7485.5
2026-07-08 07:03:00,7485.5,7487.0,7481.5,7486.0
2026-07-08 07:06:00,7486.0,7489.0,7485.75,7487.0
2026-07-08 07:09:00,7487.0,7487.25,7481.5,7481.5
2026-07-08 07:12:00,7481.5,7485.75,7481.0,7485.0
2026-07-08 07:15:00,7485.0,7485.5,7482.5,7483.0
2026-07-08 07:18:00,7483.25,7487.0,7483.0,7485.5
2026-07-08 07:21:00,7485.5,7486.25,7480.5,7482.25
2026-07-08 07:24:00,7482.0,7484.25,7479.5,7482.5
2026-07-08 07:27:00,7482.25,7482.75,7481.0,7482.75
2026-07-08 07:30:00,7482.75,7483.75,7480.5,7482.0
2026-07-08 07:33:00,7482.0,7490.75,7481.75,7489.25
2026-07-08 07:36:00,7489.5,7490.0,7485.75,7486.0
2026-07-08 07:39:00,7486.25,7487.0,7484.0,7485.25
2026-07-08 07:42:00,7485.25,7506.5,7484.5,7498.0
2026-07-08 07:45:00,7498.0,7499.25,7495.25,7496.25
2026-07-08 07:48:00,7496.5,7501.75,7493.75,7494.25
2026-07-08 07:51:00,7494.25,7499.5,7493.5,7498.75
2026-07-08 07:54:00,7498.75,7504.5,7498.75,7500.0
2026-07-08 07:57:00,7500.0,7500.75,7496.75,7498.5
2026-07-08 08:00:00,7498.5,7498.75,7492.5,7497.75
2026-07-08 08:03:00,7497.75,7507.25,7497.5,7505.75
2026-07-08 08:06:00,7505.75,7512.0,7504.75,7508.75
2026-07-08 08:09:00,7508.75,7511.5,7508.25,7510.0
2026-07-08 08:12:00,7510.0,7511.75,7507.5,7508.0
2026-07-08 08:15:00,7508.0,7509.5,7506.5,7508.75
2026-07-08 08:18:00,7508.75,7510.25,7508.0,7508.0
2026-07-08 08:21:00,7508.0,7509.25,7504.5,7505.25
2026-07-08 08:24:00,7505.0,7507.5,7504.25,7506.5
2026-07-08 08:27:00,7506.75,7512.75,7506.5,7512.25
2026-07-08 08:30:00,7512.25,7515.0,7510.0,7510.0
2026-07-08 08:33:00,7510.25,7511.0,7507.75,7508.5
2026-07-08 08:36:00,7508.5,7512.0,7508.0,7511.5
2026-07-08 08:39:00,7511.25,7512.75,7509.25,7509.5
2026-07-08 08:42:00,7509.25,7512.25,7509.25,7512.0
2026-07-08 08:45:00,7512.0,7512.75,7509.5,7510.75
2026-07-08 08:48:00,7510.75,7512.75,7510.5,7511.75
2026-07-08 08:51:00,7511.5,7514.25,7511.5,7512.75
2026-07-08 08:54:00,7512.75,7519.0,7508.75,7510.0
2026-07-08 08:57:00,7510.25,7510.75,7504.5,7505.25
2026-07-08 09:00:00,7505.5,7511.0,7504.75,7509.5
2026-07-08 09:03:00,7509.75,7511.75,7507.75,7510.0
2026-07-08 09:06:00,7510.0,7511.25,7505.5,7509.75
2026-07-08 09:09:00,7509.75,7510.5,7506.75,7506.75
2026-07-08 09:12:00,7506.75,7515.75,7506.5,7513.75
2026-07-08 09:15:00,7513.75,7514.5,7510.0,7513.75
2026-07-08 09:18:00,7513.5,7514.0,7510.0,7510.25
2026-07-08 09:21:00,7510.25,7510.75,7506.75,7507.0
2026-07-08 09:24:00,7507.25,7510.0,7504.5,7507.25
2026-07-08 09:27:00,7507.25,7513.0,7503.75,7507.0
2026-07-08 09:30:00,7507.0,7516.75,7501.75,7513.75
2026-07-08 09:33:00,7513.75,7514.75,7505.75,7509.0
2026-07-08 09:36:00,7509.0,7514.75,7507.0,7507.75
2026-07-08 09:39:00,7508.0,7523.25,7507.25,7520.25
2026-07-08 09:42:00,7520.0,7520.75,7513.5,7518.75
2026-07-08 09:45:00,7518.75,7524.75,7516.75,7519.75
2026-07-08 09:48:00,7520.0,7522.0,7508.75,7514.75
2026-07-08 09:51:00,7515.0,7520.0,7510.5,7513.25
2026-07-08 09:54:00,7513.0,7515.5,7507.25,7514.5
2026-07-08 09:57:00,7514.25,7521.5,7513.5,7515.75
2026-07-08 10:00:00,7515.75,7520.25,7512.0,7513.25
2026-07-08 10:03:00,7513.25,7520.75,7511.0,7520.25
2026-07-08 10:06:00,7520.0,7522.5,7516.5,7519.75
2026-07-08 10:09:00,7519.5,7521.0,7509.5,7510.5
2026-07-08 10:12:00,7510.25,7513.25,7505.75,7507.75
2026-07-08 10:15:00,7507.5,7509.75,7501.75,7508.0
2026-07-08 10:18:00,7508.0,7513.75,7503.0,7510.5
2026-07-08 10:21:00,7510.5,7520.75,7509.75,7515.5
2026-07-08 10:24:00,7515.75,7519.75,7510.25,7511.75
2026-07-08 10:27:00,7511.75,7513.5,7502.75,7506.0
2026-07-08 10:30:00,7506.0,7509.5,7504.0,7507.0
2026-07-08 10:33:00,7507.0,7512.0,7500.75,7501.25
2026-07-08 10:36:00,7501.25,7506.25,7497.25,7499.75
2026-07-08 10:39:00,7500.0,7503.0,7495.5,7502.25
2026-07-08 10:42:00,7502.25,7502.25,7494.75,7499.25
2026-07-08 10:45:00,7499.5,7499.75,7491.25,7492.0
2026-07-08 10:48:00,7491.75,7494.5,7484.0,7487.25
2026-07-08 10:51:00,7487.25,7503.25,7487.0,7498.75
2026-07-08 10:54:00,7498.75,7502.0,7493.5,7497.0
2026-07-08 10:57:00,7497.0,7498.0,7490.25,7493.25
2026-07-08 11:00:00,7493.5,7495.25,7489.0,7491.75
2026-07-08 11:03:00,7491.75,7494.0,7489.25,7493.5
2026-07-08 11:06:00,7493.75,7494.5,7489.0,7492.0
2026-07-08 11:09:00,7491.75,7493.5,7488.5,7491.5
2026-07-08 11:12:00,7491.5,7493.0,7484.5,7485.75
2026-07-08 11:15:00,7486.0,7489.25,7478.5,7480.25
2026-07-08 11:18:00,7480.5,7490.75,7479.0,7488.5
2026-07-08 11:21:00,7488.25,7488.25,7477.5,7477.5
2026-07-08 11:24:00,7477.5,7478.75,7470.0,7472.5
2026-07-08 11:27:00,7472.25,7476.25,7471.25,7474.25
2026-07-08 11:30:00,7474.25,7478.5,7469.5,7477.25
2026-07-08 11:33:00,7477.5,7484.5,7477.25,7483.75
2026-07-08 11:36:00,7483.5,7487.5,7480.75,7483.75
2026-07-08 11:39:00,7483.75,7486.75,7480.0,7485.0
2026-07-08 11:42:00,7484.75,7485.5,7480.5,7482.25
2026-07-08 11:45:00,7482.0,7485.0,7477.5,7481.25
2026-07-08 11:48:00,7481.25,7482.0,7477.25,7478.75
2026-07-08 11:51:00,7478.75,7479.25,7475.0,7479.0
2026-07-08 11:54:00,7478.75,7482.0,7476.0,7477.0
2026-07-08 11:57:00,7477.0,7482.75,7476.5,7481.0
2026-07-08 12:00:00,7481.0,7487.25,7480.75,7484.0
2026-07-08 12:03:00,7484.25,7492.0,7483.25,7489.75
2026-07-08 12:06:00,7489.5,7491.0,7485.75,7488.75
2026-07-08 12:09:00,7488.75,7498.0,7487.25,7495.5
2026-07-08 12:12:00,7495.5,7498.5,7495.5,7497.5
2026-07-08 12:15:00,7497.75,7502.0,7494.5,7501.0
2026-07-08 12:18:00,7501.0,7504.75,7498.5,7504.5
2026-07-08 12:21:00,7504.5,7507.75,7503.25,7505.75
2026-07-08 12:24:00,7506.0,7506.0,7501.0,7504.75
2026-07-08 12:27:00,7505.0,7510.0,7504.25,7506.0
2026-07-08 12:30:00,7506.0,7513.5,7505.25,7509.25
2026-07-08 12:33:00,7509.0,7510.5,7504.5,7505.0
2026-07-08 12:36:00,7505.0,7505.0,7499.5,7501.0
2026-07-08 12:39:00,7501.0,7517.5,7500.0,7512.5
2026-07-08 12:42:00,7512.5,7516.5,7511.75,7514.5
2026-07-08 12:45:00,7514.5,7516.75,7510.75,7514.75
2026-07-08 12:48:00,7514.75,7519.5,7513.75,7518.25
2026-07-08 12:51:00,7518.25,7521.75,7516.0,7520.5
2026-07-08 12:54:00,7520.5,7522.0,7517.5,7520.5
2026-07-08 12:57:00,7520.75,7522.75,7519.5,7522.0
2026-07-08 13:00:00,7522.0,7522.5,7517.0,7518.0
2026-07-08 13:03:00,7518.0,7519.25,7516.5,7518.25
2026-07-08 13:06:00,7518.25,7523.0,7517.25,7520.0
2026-07-08 13:09:00,7520.0,7520.25,7514.5,7518.0
2026-07-08 13:12:00,7518.25,7521.75,7517.5,7518.25
2026-07-08 13:15:00,7518.0,7521.75,7518.0,7520.5
2026-07-08 13:18:00,7520.5,7528.25,7519.5,7525.75
2026-07-08 13:21:00,7525.75,7528.75,7525.5,7528.25
2026-07-08 13:24:00,7528.0,7532.5,7527.5,7529.75
2026-07-08 13:27:00,7529.75,7533.0,7528.25,7532.75
2026-07-08 13:30:00,7532.75,7536.5,7531.75,7533.0
2026-07-08 13:33:00,7533.0,7534.25,7530.0,7532.0
2026-07-08 13:36:00,7532.0,7532.5,7528.5,7529.0
2026-07-08 13:39:00,7529.0,7529.25,7524.25,7524.75
2026-07-08 13:42:00,7524.5,7527.25,7523.5,7525.0
2026-07-08 13:45:00,7525.0,7525.0,7519.75,7520.5
2026-07-08 13:48:00,7520.5,7523.25,7517.25,7522.5
2026-07-08 13:51:00,7522.5,7524.0,7520.25,7520.75
2026-07-08 13:54:00,7520.75,7521.0,7514.5,7516.25
2026-07-08 13:57:00,7516.0,7520.25,7514.75,7519.5
2026-07-08 14:00:00,7519.25,7529.0,7515.5,7524.75
2026-07-08 14:03:00,7524.75,7529.75,7523.75,7526.5
2026-07-08 14:06:00,7526.5,7527.25,7524.25,7527.25
2026-07-08 14:09:00,7527.5,7529.0,7524.25,7528.75
2026-07-08 14:12:00,7528.75,7530.0,7526.0,7528.0
2026-07-08 14:15:00,7528.0,7529.25,7523.0,7524.0
2026-07-08 14:18:00,7524.0,7527.0,7522.25,7524.0
2026-07-08 14:21:00,7524.0,7528.0,7524.0,7525.75
2026-07-08 14:24:00,7525.5,7526.5,7523.0,7525.25
2026-07-08 14:27:00,7525.25,7527.25,7521.5,7521.75
2026-07-08 14:30:00,7521.5,7522.75,7517.75,7519.5
2026-07-08 14:33:00,7519.25,7520.5,7517.75,7519.5
2026-07-08 14:36:00,7519.25,7527.0,7519.25,7525.75
2026-07-08 14:39:00,7525.5,7528.0,7521.25,7522.25
2026-07-08 14:42:00,7522.0,7526.0,7520.5,7525.5
2026-07-08 14:45:00,7525.5,7526.25,7523.0,7524.0
2026-07-08 14:48:00,7524.25,7528.25,7522.75,7528.0
2026-07-08 14:51:00,7527.75,7530.5,7525.5,7526.25
2026-07-08 14:54:00,7526.25,7528.25,7523.0,7524.75
2026-07-08 14:57:00,7524.75,7528.5,7524.25,7528.25
2026-07-08 15:00:00,7528.5,7532.5,7526.0,7526.5
2026-07-08 15:03:00,7526.25,7529.0,7525.5,7527.5
2026-07-08 15:06:00,7527.25,7529.0,7524.75,7528.25
2026-07-08 15:09:00,7528.25,7528.75,7524.0,7524.5
2026-07-08 15:12:00,7524.5,7525.0,7522.5,7523.75
2026-07-08 15:15:00,7523.5,7524.75,7521.75,7524.0
2026-07-08 15:18:00,7524.0,7526.5,7522.75,7525.0
2026-07-08 15:21:00,7525.0,7527.5,7523.75,7524.5
2026-07-08 15:24:00,7524.75,7526.5,7524.0,7525.25
2026-07-08 15:27:00,7525.25,7528.5,7524.25,7526.75
2026-07-08 15:30:00,7526.75,7528.25,7523.25,7524.75
2026-07-08 15:33:00,7524.75,7525.25,7523.0,7524.25
2026-07-08 15:36:00,7524.25,7528.5,7524.0,7526.25
2026-07-08 15:39:00,7526.5,7528.0,7523.5,7525.0
2026-07-08 15:42:00,7525.0,7528.25,7524.25,7527.75
2026-07-08 15:45:00,7528.0,7528.25,7518.25,7519.75
2026-07-08 15:48:00,7519.5,7526.75,7519.0,7525.75
2026-07-08 15:51:00,7525.75,7530.75,7524.25,7529.25
2026-07-08 15:54:00,7529.25,7532.75,7529.25,7532.0
2026-07-08 15:57:00,7532.0,7536.5,7526.25,7526.75
2026-07-08 16:00:00,7526.5,7529.5,7522.75,7523.25
2026-07-08 16:03:00,7523.25,7526.25,7522.5,7525.5
2026-07-08 16:06:00,7525.5,7526.75,7524.0,7525.25
2026-07-08 16:09:00,7525.25,7526.25,7518.5,7521.75
2026-07-08 16:12:00,7521.75,7524.5,7520.5,7523.75
2026-07-08 16:15:00,7523.75,7524.0,7517.75,7518.5
2026-07-08 16:18:00,7518.75,7520.25,7517.5,7518.25
2026-07-08 16:21:00,7518.25,7518.5,7517.0,7518.0
2026-07-08 16:24:00,7517.75,7518.5,7516.75,7516.75
2026-07-08 16:27:00,7516.75,7518.25,7516.5,7517.75
2026-07-08 16:30:00,7517.75,7518.75,7513.75,7515.25
2026-07-08 16:33:00,7515.25,7516.0,7510.5,7511.75
2026-07-08 16:36:00,7511.75,7512.0,7508.0,7510.75
2026-07-08 16:39:00,7510.5,7517.0,7510.25,7516.0
2026-07-08 16:42:00,7516.0,7518.0,7514.5,7514.75
2026-07-08 16:45:00,7514.75,7516.5,7514.0,7516.5
2026-07-08 16:48:00,7516.5,7517.0,7514.25,7516.5
2026-07-08 16:51:00,7516.5,7518.75,7515.75,7516.5
2026-07-08 16:54:00,7516.75,7516.75,7514.75,7516.25
2026-07-08 16:57:00,7516.0,7517.5,7512.0,7515.5
2026-07-08 17:00:00,7528.75,7528.75,7528.75,7528.75
2026-07-08 18:00:00,7517.25,7522.75,7516.75,7522.5
2026-07-08 18:03:00,7522.25,7523.0,7520.5,7521.25
2026-07-08 18:06:00,7521.25,7523.0,7517.5,7520.25
2026-07-08 18:09:00,7520.5,7522.0,7519.25,7521.5
2026-07-08 18:12:00,7521.25,7522.0,7520.0,7520.5
2026-07-08 18:15:00,7520.5,7522.75,7520.5,7521.75
2026-07-08 18:18:00,7521.75,7522.0,7518.75,7519.25
2026-07-08 18:21:00,7519.25,7519.5,7518.25,7518.5
2026-07-08 18:24:00,7519.0,7520.0,7517.0,7517.5
2026-07-08 18:27:00,7517.75,7519.5,7517.5,7519.0
2026-07-08 18:30:00,7519.5,7521.5,7517.0,7517.75
2026-07-08 18:33:00,7517.75,7523.25,7517.5,7520.5
2026-07-08 18:36:00,7520.5,7521.25,7518.5,7518.75
2026-07-08 18:39:00,7518.75,7519.0,7517.25,7518.25
2026-07-08 18:42:00,7518.0,7518.5,7516.75,7516.75
2026-07-08 18:45:00,7517.0,7518.5,7516.75,7517.75
2026-07-08 18:48:00,7517.75,7518.75,7517.5,7517.5
2026-07-08 18:51:00,7518.0,7519.25,7517.5,7518.0
2026-07-08 18:54:00,7518.0,7518.0,7516.25,7518.0
2026-07-08 18:57:00,7517.75,7519.5,7517.75,7519.0
2026-07-08 19:00:00,7519.0,7520.75,7518.75,7519.0
2026-07-08 19:03:00,7519.0,7520.0,7519.0,7520.0
2026-07-08 19:06:00,7520.25,7522.5,7520.25,7522.0
2026-07-08 19:09:00,7522.25,7522.75,7521.5,7522.25
2026-07-08 19:12:00,7522.25,7522.5,7521.5,7522.25
2026-07-08 19:15:00,7522.0,7522.25,7518.5,7519.0
2026-07-08 19:18:00,7519.25,7519.25,7516.25,7517.75
2026-07-08 19:21:00,7517.5,7519.25,7517.0,7518.75
2026-07-08 19:24:00,7519.0,7519.75,7517.5,7518.25
2026-07-08 19:27:00,7518.75,7520.25,7518.25,7520.25
2026-07-08 19:30:00,7520.0,7520.25,7517.75,7520.25
2026-07-08 19:33:00,7519.75,7525.25,7519.75,7525.0
2026-07-08 19:36:00,7524.75,7524.75,7520.5,7521.0
2026-07-08 19:39:00,7521.0,7523.5,7520.75,7523.25
2026-07-08 19:42:00,7523.25,7524.75,7522.0,7524.25
2026-07-08 19:45:00,7524.25,7527.0,7523.5,7524.25
2026-07-08 19:48:00,7524.5,7525.25,7523.25,7524.75
2026-07-08 19:51:00,7524.25,7525.75,7523.25,7525.0
2026-07-08 19:54:00,7525.0,7528.25,7525.0,7527.25
2026-07-08 19:57:00,7527.25,7528.25,7527.0,7527.0
2026-07-08 20:00:00,7527.0,7531.0,7525.75,7528.0
2026-07-08 20:03:00,7528.0,7530.25,7527.25,7529.5
2026-07-08 20:06:00,7529.5,7532.0,7528.0,7531.75
2026-07-08 20:09:00,7531.75,7533.0,7529.0,7532.25
2026-07-08 20:12:00,7532.0,7534.0,7531.5,7533.25
2026-07-08 20:15:00,7533.25,7534.0,7529.75,7531.0
2026-07-08 20:18:00,7530.75,7531.0,7527.0,7528.25
2026-07-08 20:21:00,7528.25,7531.25,7527.75,7530.5
2026-07-08 20:24:00,7530.25,7531.25,7529.75,7530.5
2026-07-08 20:27:00,7530.5,7534.25,7530.25,7533.5
2026-07-08 20:30:00,7533.5,7537.0,7532.0,7534.0
2026-07-08 20:33:00,7534.0,7534.25,7531.0,7531.5
2026-07-08 20:36:00,7531.5,7536.0,7531.25,7535.75
2026-07-08 20:39:00,7535.5,7535.75,7531.0,7531.5
2026-07-08 20:42:00,7531.5,7532.5,7531.25,7531.75
2026-07-08 20:45:00,7531.5,7534.25,7531.0,7533.75
2026-07-08 20:48:00,7533.5,7536.25,7533.5,7533.75
2026-07-08 20:51:00,7533.5,7534.25,7530.75,7530.75
2026-07-08 20:54:00,7530.5,7531.75,7528.75,7531.5
2026-07-08 20:57:00,7531.5,7532.5,7529.25,7532.25
2026-07-08 21:00:00,7532.25,7534.0,7529.25,7529.75
2026-07-08 21:03:00,7529.75,7530.5,7527.75,7530.0
2026-07-08 21:06:00,7530.0,7533.75,7529.5,7533.5
2026-07-08 21:09:00,7533.25,7535.5,7533.25,7534.5
2026-07-08 21:12:00,7534.25,7535.0,7532.75,7532.75
2026-07-08 21:15:00,7533.0,7534.25,7531.25,7534.0
2026-07-08 21:18:00,7534.25,7537.5,7533.75,7535.0
2026-07-08 21:21:00,7535.0,7535.25,7533.25,7533.5
2026-07-08 21:24:00,7534.0,7534.0,7531.0,7531.5
2026-07-08 21:27:00,7531.75,7534.0,7531.0,7533.75
2026-07-08 21:30:00,7534.0,7535.5,7531.5,7534.25
2026-07-08 21:33:00,7534.25,7535.25,7533.0,7534.75
2026-07-08 21:36:00,7535.0,7535.75,7534.0,7534.5
2026-07-08 21:39:00,7534.25,7534.75,7533.25,7533.75
2026-07-08 21:42:00,7534.5,7536.5,7534.25,7536.0
2026-07-08 21:45:00,7536.0,7536.75,7534.0,7536.5
2026-07-08 21:48:00,7536.25,7538.0,7535.75,7536.5
2026-07-08 21:51:00,7536.5,7537.25,7532.5,7532.75
2026-07-08 21:54:00,7532.75,7532.75,7528.5,7530.0
2026-07-08 21:57:00,7529.75,7531.0,7529.25,7530.25
2026-07-08 22:00:00,7530.25,7531.5,7527.0,7528.25
2026-07-08 22:03:00,7528.5,7532.0,7527.5,7531.75
2026-07-08 22:06:00,7531.75,7536.75,7530.5,7535.0
2026-07-08 22:09:00,7534.75,7537.25,7534.5,7536.25
2026-07-08 22:12:00,7538.0,7538.5,7536.5,7538.5
2026-07-08 22:15:00,7538.25,7540.25,7536.75,7537.0
2026-07-08 22:18:00,7537.75,7540.75,7537.75,7540.75
2026-07-08 22:21:00,7540.25,7543.0,7539.75,7540.75
2026-07-08 22:24:00,7540.5,7540.5,7538.0,7538.5
2026-07-08 22:27:00,7538.25,7540.0,7537.5,7539.5
2026-07-08 22:30:00,7539.25,7540.5,7539.0,7539.0
2026-07-08 22:33:00,7539.25,7539.25,7534.0,7534.0
2026-07-08 22:36:00,7534.0,7536.75,7533.25,7536.75
2026-07-08 22:39:00,7536.75,7537.5,7534.25,7534.75
2026-07-08 22:42:00,7534.5,7535.0,7531.5,7531.5
2026-07-08 22:45:00,7531.75,7532.0,7531.0,7531.25
2026-07-08 22:48:00,7531.0,7531.75,7529.0,7529.5
2026-07-08 22:51:00,7530.0,7530.0,7527.0,7528.0
2026-07-08 22:54:00,7528.5,7530.25,7527.75,7529.5
2026-07-08 22:57:00,7530.0,7530.25,7527.75,7528.25
2026-07-08 23:00:00,7528.75,7528.75,7525.75,7527.25
2026-07-08 23:03:00,7527.25,7529.0,7526.75,7528.5
2026-07-08 23:06:00,7528.75,7530.25,7528.25,7530.25
2026-07-08 23:09:00,7530.0,7530.0,7526.75,7528.25
2026-07-08 23:12:00,7528.0,7528.0,7526.25,7527.5
2026-07-08 23:15:00,7527.75,7528.75,7526.25,7526.25
2026-07-08 23:18:00,7526.0,7527.5,7525.0,7527.25
2026-07-08 23:21:00,7527.0,7529.75,7525.75,7529.0
2026-07-08 23:24:00,7529.0,7534.0,7528.5,7533.75
2026-07-08 23:27:00,7534.25,7535.0,7533.25,7535.0
2026-07-08 23:30:00,7535.0,7537.5,7534.25,7536.75
2026-07-08 23:33:00,7537.0,7538.75,7536.75,7537.75
2026-07-08 23:36:00,7537.5,7538.0,7536.75,7538.0
2026-07-08 23:39:00,7538.25,7538.25,7536.75,7537.0
2026-07-08 23:42:00,7536.5,7538.75,7536.5,7538.75
2026-07-08 23:45:00,7539.25,7539.75,7537.5,7539.0
2026-07-08 23:48:00,7539.25,7539.75,7538.5,7538.75
2026-07-08 23:51:00,7538.5,7539.5,7538.25,7539.0
2026-07-08 23:54:00,7539.0,7539.5,7538.25,7539.5
2026-07-08 23:57:00,7539.25,7539.25,7538.0,7539.0
2026-07-09 00:00:00,7539.25,7540.5,7539.0,7539.25
2026-07-09 00:03:00,7539.0,7539.75,7538.25,7539.75
2026-07-09 00:06:00,7539.75,7540.25,7538.5,7539.0
2026-07-09 00:09:00,7539.25,7539.5,7538.0,7538.75
2026-07-09 00:12:00,7539.0,7539.5,7538.0,7538.0
2026-07-09 00:15:00,7538.25,7540.5,7538.25,7539.0
2026-07-09 00:18:00,7538.75,7539.25,7537.75,7538.25
2026-07-09 00:21:00,7538.25,7538.5,7537.5,7537.5
2026-07-09 00:24:00,7537.25,7537.25,7535.25,7535.75
2026-07-09 00:27:00,7535.5,7537.5,7535.5,7536.5
2026-07-09 00:30:00,7537.0,7542.75,7537.0,7542.75
2026-07-09 00:33:00,7542.5,7543.0,7541.75,7542.0
2026-07-09 00:36:00,7541.75,7543.25,7540.75,7543.0
2026-07-09 00:39:00,7543.0,7543.5,7542.0,7543.0
2026-07-09 00:42:00,7543.0,7543.75,7542.25,7543.5
2026-07-09 00:45:00,7543.75,7543.75,7542.5,7543.5
2026-07-09 00:48:00,7543.75,7544.0,7542.0,7544.0
2026-07-09 00:51:00,7543.75,7544.75,7543.5,7544.25
2026-07-09 00:54:00,7544.0,7546.5,7544.0,7545.75
2026-07-09 00:57:00,7545.5,7546.25,7545.5,7546.25
2026-07-09 01:00:00,7546.25,7547.0,7544.75,7544.75
2026-07-09 01:03:00,7544.25,7544.5,7542.25,7542.25
2026-07-09 01:06:00,7541.75,7542.25,7541.0,7541.5
2026-07-09 01:09:00,7541.25,7552.75,7540.75,7550.5
2026-07-09 01:12:00,7549.5,7552.0,7548.5,7549.0
2026-07-09 01:15:00,7549.75,7549.75,7544.0,7545.75
2026-07-09 01:18:00,7546.0,7546.0,7542.25,7543.0
2026-07-09 01:21:00,7542.75,7543.0,7541.0,7541.25
2026-07-09 01:24:00,7541.5,7542.5,7541.0,7542.0
2026-07-09 01:27:00,7542.0,7542.75,7541.25,7541.25
2026-07-09 01:30:00,7541.5,7541.5,7536.0,7536.75
2026-07-09 01:33:00,7537.0,7544.5,7537.0,7543.75
2026-07-09 01:36:00,7544.0,7544.5,7542.25,7542.75
2026-07-09 01:39:00,7543.0,7544.0,7542.25,7542.25
2026-07-09 01:42:00,7543.0,7545.0,7541.5,7545.0
2026-07-09 01:45:00,7544.5,7547.0,7544.25,7546.5
2026-07-09 01:48:00,7546.75,7548.75,7546.0,7548.0
2026-07-09 01:51:00,7547.75,7549.0,7547.5,7549.0
2026-07-09 01:54:00,7548.75,7550.5,7548.0,7550.0
2026-07-09 01:57:00,7550.25,7552.75,7550.0,7552.75
2026-07-09 02:00:00,7552.75,7553.5,7551.5,7552.5
2026-07-09 02:03:00,7552.0,7553.0,7548.25,7548.25
2026-07-09 02:06:00,7548.5,7549.0,7547.0,7549.0
2026-07-09 02:09:00,7549.0,7550.25,7548.0,7548.0
2026-07-09 02:12:00,7548.25,7551.0,7548.25,7550.25
2026-07-09 02:15:00,7550.0,7552.75,7549.75,7552.75
2026-07-09 02:18:00,7552.75,7553.0,7550.5,7550.75
2026-07-09 02:21:00,7550.25,7552.75,7550.25,7552.25
2026-07-09 02:24:00,7552.25,7553.5,7552.0,7552.5
2026-07-09 02:27:00,7552.75,7552.75,7550.75,7550.75
2026-07-09 02:30:00,7551.25,7551.25,7548.5,7549.0
2026-07-09 02:33:00,7549.25,7551.5,7548.25,7551.25
2026-07-09 02:36:00,7551.5,7551.75,7550.5,7551.0
2026-07-09 02:39:00,7551.0,7551.0,7550.25,7550.75
2026-07-09 02:42:00,7550.5,7552.25,7550.5,7551.75
2026-07-09 02:45:00,7551.5,7551.5,7550.0,7550.0
2026-07-09 02:48:00,7549.75,7551.25,7549.75,7550.5
2026-07-09 02:51:00,7551.25,7551.5,7550.25,7550.25
2026-07-09 02:54:00,7550.25,7550.25,7549.0,7550.0
2026-07-09 02:57:00,7549.75,7550.0,7548.25,7549.5
2026-07-09 03:00:00,7549.25,7553.0,7548.75,7552.25
2026-07-09 03:03:00,7552.75,7553.0,7549.5,7549.5
2026-07-09 03:06:00,7549.75,7551.0,7549.0,7550.5
2026-07-09 03:09:00,7550.5,7550.5,7548.25,7549.75
2026-07-09 03:12:00,7549.5,7553.0,7549.5,7553.0
2026-07-09 03:15:00,7553.25,7554.25,7552.75,7553.25
2026-07-09 03:18:00,7552.75,7552.75,7551.5,7552.0
2026-07-09 03:21:00,7552.0,7552.25,7549.5,7550.75
2026-07-09 03:24:00,7550.5,7551.5,7550.25,7550.75
2026-07-09 03:27:00,7550.25,7553.0,7550.25,7551.75
2026-07-09 03:30:00,7551.75,7553.25,7551.5,7552.25
2026-07-09 03:33:00,7552.0,7552.75,7551.0,7551.0
2026-07-09 03:36:00,7551.25,7551.75,7549.5,7550.0
2026-07-09 03:39:00,7550.0,7551.0,7549.5,7550.25
2026-07-09 03:42:00,7551.5,7556.5,7550.75,7556.5
2026-07-09 03:45:00,7556.75,7556.75,7555.25,7556.0
2026-07-09 03:48:00,7556.5,7557.0,7555.0,7556.25
2026-07-09 03:51:00,7556.0,7557.5,7556.0,7556.25
2026-07-09 03:54:00,7556.0,7556.25,7553.25,7553.5
2026-07-09 03:57:00,7553.5,7554.75,7551.25,7554.0
2026-07-09 04:00:00,7553.5,7553.5,7551.5,7553.0
2026-07-09 04:03:00,7552.5,7557.25,7552.5,7557.25
2026-07-09 04:06:00,7557.25,7557.75,7555.75,7557.5
2026-07-09 04:09:00,7557.25,7557.25,7554.5,7555.25
2026-07-09 04:12:00,7554.75,7555.0,7552.75,7552.75
2026-07-09 04:15:00,7553.25,7556.75,7553.25,7555.75
2026-07-09 04:18:00,7555.75,7556.0,7550.25,7552.0
2026-07-09 04:21:00,7552.25,7553.25,7552.0,7552.5
2026-07-09 04:24:00,7552.75,7554.0,7552.25,7554.0
2026-07-09 04:27:00,7554.25,7554.5,7552.5,7553.25
2026-07-09 04:30:00,7553.25,7553.5,7551.5,7551.5
2026-07-09 04:33:00,7551.25,7551.5,7547.25,7549.25
2026-07-09 04:36:00,7549.5,7549.5,7547.0,7547.0
2026-07-09 04:39:00,7547.0,7547.5,7545.75,7547.25
2026-07-09 04:42:00,7547.0,7547.5,7546.0,7547.25
2026-07-09 04:45:00,7547.5,7547.5,7542.5,7543.25
2026-07-09 04:48:00,7543.0,7543.5,7542.0,7542.75
2026-07-09 04:51:00,7542.75,7545.5,7542.75,7545.25
2026-07-09 04:54:00,7545.5,7547.75,7545.25,7546.75
2026-07-09 04:57:00,7546.25,7546.5,7544.5,7545.5
2026-07-09 05:00:00,7545.5,7546.25,7543.0,7544.75
2026-07-09 05:03:00,7545.0,7546.0,7543.75,7545.75
2026-07-09 05:06:00,7545.5,7545.5,7541.75,7542.25
2026-07-09 05:09:00,7542.0,7543.5,7541.5,7543.0
2026-07-09 05:12:00,7543.25,7543.5,7541.25,7542.25
2026-07-09 05:15:00,7542.5,7542.75,7541.0,7542.0
2026-07-09 05:18:00,7542.25,7543.5,7540.75,7541.75
2026-07-09 05:21:00,7542.25,7542.25,7540.5,7541.75
2026-07-09 05:24:00,7541.5,7543.0,7540.75,7543.0
2026-07-09 05:27:00,7542.75,7543.5,7542.0,7542.0
2026-07-09 05:30:00,7542.25,7543.25,7540.75,7542.25
2026-07-09 05:33:00,7542.25,7542.5,7539.5,7539.75
2026-07-09 05:36:00,7540.25,7540.5,7538.5,7539.25
2026-07-09 05:39:00,7539.5,7541.0,7534.25,7535.75
2026-07-09 05:42:00,7535.25,7537.0,7535.25,7536.5
2026-07-09 05:45:00,7536.75,7539.5,7536.75,7539.5
2026-07-09 05:48:00,7538.75,7539.25,7538.0,7538.5
2026-07-09 05:51:00,7538.75,7541.25,7538.75,7541.0
2026-07-09 05:54:00,7540.75,7541.75,7540.5,7541.5
2026-07-09 05:57:00,7541.25,7542.0,7540.75,7541.5
2026-07-09 06:00:00,7541.75,7542.0,7539.75,7540.5
2026-07-09 06:03:00,7540.5,7542.0,7540.5,7542.0
2026-07-09 06:06:00,7542.0,7542.25,7539.5,7539.75
2026-07-09 06:09:00,7540.5,7542.25,7540.25,7542.0
2026-07-09 06:12:00,7542.75,7542.75,7540.5,7542.0
2026-07-09 06:15:00,7541.75,7543.75,7541.5,7543.25
2026-07-09 06:18:00,7543.25,7543.75,7542.75,7543.0
2026-07-09 06:21:00,7542.75,7543.75,7542.75,7543.5
2026-07-09 06:24:00,7543.25,7543.25,7539.0,7539.75
2026-07-09 06:27:00,7539.75,7541.0,7539.75,7540.25
2026-07-09 06:30:00,7540.0,7540.0,7537.75,7538.0
2026-07-09 06:33:00,7537.75,7540.0,7536.75,7540.0
2026-07-09 06:36:00,7539.75,7541.0,7539.75,7541.0
2026-07-09 06:39:00,7541.5,7541.5,7538.0,7538.5
2026-07-09 06:42:00,7538.5,7540.25,7537.25,7540.25
2026-07-09 06:45:00,7540.75,7540.75,7534.5,7535.0
2026-07-09 06:48:00,7534.75,7535.25,7532.75,7533.25
2026-07-09 06:51:00,7533.0,7534.0,7527.75,7528.5
2026-07-09 06:54:00,7529.0,7531.25,7528.0,7529.5
2026-07-09 06:57:00,7529.25,7535.0,7528.75,7534.0
2026-07-09 07:00:00,7535.25,7537.5,7535.0,7536.75
2026-07-09 07:03:00,7537.0,7538.75,7536.5,7536.75
2026-07-09 07:06:00,7535.75,7535.75,7532.0,7532.25
2026-07-09 07:09:00,7531.75,7536.25,7531.75,7536.25
2026-07-09 07:12:00,7536.25,7537.5,7535.5,7537.25
2026-07-09 07:15:00,7537.5,7537.5,7535.0,7536.0
2026-07-09 07:18:00,7536.25,7539.25,7535.25,7539.0
2026-07-09 07:21:00,7539.25,7539.25,7536.0,7537.25
2026-07-09 07:24:00,7536.0,7538.25,7535.25,7537.5
2026-07-09 07:27:00,7537.0,7538.25,7535.5,7538.0
2026-07-09 07:30:00,7538.5,7540.75,7536.5,7540.5
2026-07-09 07:33:00,7540.75,7541.5,7539.5,7539.5
2026-07-09 07:36:00,7539.25,7540.5,7537.0,7538.5
2026-07-09 07:39:00,7538.5,7540.5,7538.0,7538.0
2026-07-09 07:42:00,7538.75,7541.75,7538.0,7541.25
2026-07-09 07:45:00,7541.25,7544.75,7540.5,7544.75
2026-07-09 07:48:00,7544.5,7545.0,7542.25,7544.75
2026-07-09 07:51:00,7545.25,7546.5,7544.5,7544.5
2026-07-09 07:54:00,7544.75,7545.0,7543.75,7544.5
2026-07-09 07:57:00,7544.75,7544.75,7542.75,7543.0
2026-07-09 08:00:00,7543.75,7545.75,7542.5,7545.75
2026-07-09 08:03:00,7545.5,7545.5,7543.0,7543.25
2026-07-09 08:06:00,7543.0,7549.0,7543.0,7549.0
2026-07-09 08:09:00,7549.75,7549.75,7547.75,7548.5
2026-07-09 08:12:00,7547.75,7548.0,7546.0,7546.0
2026-07-09 08:15:00,7546.75,7548.25,7546.0,7546.5
2026-07-09 08:18:00,7546.75,7547.75,7545.75,7546.75
2026-07-09 08:21:00,7546.75,7547.75,7545.25,7547.5
2026-07-09 08:24:00,7548.0,7549.75,7547.25,7548.75
2026-07-09 08:27:00,7549.25,7550.5,7549.0,7550.5
2026-07-09 08:30:00,7550.75,7553.75,7549.5,7553.5
2026-07-09 08:33:00,7552.5,7553.5,7551.25,7553.5
2026-07-09 08:36:00,7553.75,7554.25,7552.75,7553.0
2026-07-09 08:39:00,7552.75,7553.75,7550.75,7551.25
2026-07-09 08:42:00,7551.25,7551.25,7547.5,7547.5
2026-07-09 08:45:00,7547.75,7547.75,7543.75,7544.5
2026-07-09 08:48:00,7545.25,7547.75,7544.75,7547.0
2026-07-09 08:51:00,7545.75,7546.75,7545.0,7545.75
2026-07-09 08:54:00,7545.75,7546.75,7544.75,7545.25
2026-07-09 08:57:00,7544.75,7545.5,7543.75,7544.5
2026-07-09 09:00:00,7544.75,7547.25,7544.25,7547.0
2026-07-09 09:03:00,7547.75,7548.5,7546.0,7546.75
2026-07-09 09:06:00,7547.0,7548.0,7546.0,7546.75
2026-07-09 09:09:00,7546.75,7548.0,7546.0,7547.25
2026-07-09 09:12:00,7547.5,7548.0,7546.5,7546.75
2026-07-09 09:15:00,7547.5,7548.75,7545.0,7547.75
2026-07-09 09:18:00,7547.5,7547.5,7545.0,7546.5
2026-07-09 09:21:00,7546.75,7548.75,7546.5,7547.75
2026-07-09 09:24:00,7547.75,7549.75,7547.5,7548.5
2026-07-09 09:27:00,7548.5,7550.0,7544.75,7546.75
2026-07-09 09:30:00,7543.5,7544.5,7531.25,7534.75
2026-07-09 09:33:00,7535.0,7553.0,7534.75,7552.0
2026-07-09 09:36:00,7551.75,7556.75,7550.5,7554.75
2026-07-09 09:39:00,7555.0,7555.75,7549.0,7553.5
2026-07-09 09:42:00,7553.5,7558.75,7553.5,7557.0
2026-07-09 09:45:00,7558.0,7561.25,7558.0,7560.5
2026-07-09 09:48:00,7559.75,7559.75,7552.0,7553.0
2026-07-09 09:51:00,7552.75,7563.75,7552.75,7563.5
2026-07-09 09:54:00,7563.5,7566.25,7563.0,7564.0
2026-07-09 09:57:00,7563.25,7565.0,7560.0,7560.0
2026-07-09 10:00:00,7561.0,7564.5,7559.5,7562.0
2026-07-09 10:03:00,7561.5,7563.5,7560.25,7560.75
2026-07-09 10:06:00,7562.25,7562.25,7554.75,7555.25
2026-07-09 10:09:00,7556.0,7557.25,7547.0,7548.25
2026-07-09 10:12:00,7548.5,7551.5,7546.75,7549.75
2026-07-09 10:15:00,7548.0,7548.0,7534.5,7538.0
2026-07-09 10:18:00,7537.25,7539.5,7532.25,7532.25
2026-07-09 10:21:00,7531.75,7539.0,7530.25,7538.0
2026-07-09 10:24:00,7537.75,7545.5,7537.5,7543.0
2026-07-09 10:27:00,7543.25,7555.5,7543.25,7553.0
2026-07-09 10:30:00,7552.5,7554.75,7545.75,7547.75
2026-07-09 10:33:00,7550.75,7556.0,7548.0,7555.5
2026-07-09 10:36:00,7554.75,7555.5,7550.75,7553.75
2026-07-09 10:39:00,7554.0,7558.75,7554.0,7557.25
2026-07-09 10:42:00,7556.75,7558.75,7553.0,7553.0
2026-07-09 10:45:00,7553.0,7558.0,7553.0,7554.75
2026-07-09 10:48:00,7554.5,7556.5,7550.75,7553.0
2026-07-09 10:51:00,7553.25,7554.0,7547.25,7550.5
2026-07-09 10:54:00,7551.0,7557.0,7548.25,7555.0
2026-07-09 10:57:00,7556.0,7563.25,7555.25,7561.75
2026-07-09 11:00:00,7562.25,7564.0,7561.0,7561.5
2026-07-09 11:03:00,7560.75,7564.5,7560.75,7564.25
2026-07-09 11:06:00,7564.5,7569.5,7564.5,7568.75
2026-07-09 11:09:00,7568.5,7570.25,7566.25,7567.0
2026-07-09 11:12:00,7566.25,7568.5,7565.75,7566.75
2026-07-09 11:15:00,7566.5,7570.75,7565.75,7566.75
2026-07-09 11:18:00,7566.5,7568.5,7564.75,7568.5
2026-07-09 11:21:00,7568.0,7573.25,7568.0,7572.5
2026-07-09 11:24:00,7572.75,7574.75,7572.5,7573.75
2026-07-09 11:27:00,7574.25,7574.75,7572.5,7572.75
2026-07-09 11:30:00,7572.5,7572.75,7570.5,7570.75
2026-07-09 11:33:00,7570.5,7572.75,7570.0,7572.25
2026-07-09 11:36:00,7572.0,7573.75,7571.5,7573.75
